/* Generated by generate_fonts.py; do not edit. */
/* Source: Berkeley Mono Variable.ttf; sha256=d158608a6095b5bb32980c5a421282831a4c6df5b9979f2cea7916e1c32f3d08; Bold Condensed, 28px, custom plain zero. */
#include "wind_font_internal.h"

static const wind_font_glyph_t wind_font_berkeley_mono_bold_condensed_28_glyphs[] = {
    {32, 0, 15, 0, 0, 0, 15},
    {33, 0, 15, 20, 0, -20, 15},
    {34, 300, 15, 21, 0, -21, 15},
    {35, 615, 15, 19, 0, -19, 15},
    {36, 900, 15, 24, 0, -22, 15},
    {37, 1260, 16, 19, 0, -19, 15},
    {38, 1564, 16, 19, 0, -19, 15},
    {39, 1868, 15, 21, 0, -21, 15},
    {40, 2183, 15, 25, 0, -21, 15},
    {41, 2558, 15, 25, 0, -21, 15},
    {42, 2933, 15, 16, 0, -16, 15},
    {43, 3173, 15, 15, 0, -15, 15},
    {44, 3398, 15, 8, 0, -3, 15},
    {45, 3518, 15, 10, 0, -10, 15},
    {46, 3668, 15, 4, 0, -4, 15},
    {47, 3728, 15, 24, 0, -22, 15},
    {48, 4088, 15, 19, 0, -19, 15},
    {49, 4373, 15, 19, 0, -19, 15},
    {50, 4658, 15, 19, 0, -19, 15},
    {51, 4943, 15, 19, 0, -19, 15},
    {52, 5228, 15, 19, 0, -19, 15},
    {53, 5513, 15, 19, 0, -19, 15},
    {54, 5798, 15, 19, 0, -19, 15},
    {55, 6083, 15, 19, 0, -19, 15},
    {56, 6368, 15, 19, 0, -19, 15},
    {57, 6653, 15, 19, 0, -19, 15},
    {58, 6938, 15, 16, 0, -16, 15},
    {59, 7178, 15, 18, 0, -15, 15},
    {60, 7448, 15, 16, 0, -16, 15},
    {61, 7688, 15, 14, 0, -14, 15},
    {62, 7898, 15, 16, 0, -16, 15},
    {63, 8138, 15, 19, 0, -19, 15},
    {64, 8423, 15, 22, 0, -19, 15},
    {65, 8753, 15, 19, 0, -19, 15},
    {66, 9038, 15, 19, 0, -19, 15},
    {67, 9323, 15, 19, 0, -19, 15},
    {68, 9608, 15, 19, 0, -19, 15},
    {69, 9893, 15, 19, 0, -19, 15},
    {70, 10178, 15, 19, 0, -19, 15},
    {71, 10463, 15, 19, 0, -19, 15},
    {72, 10748, 15, 19, 0, -19, 15},
    {73, 11033, 15, 19, 0, -19, 15},
    {74, 11318, 15, 19, 0, -19, 15},
    {75, 11603, 15, 19, 0, -19, 15},
    {76, 11888, 15, 19, 0, -19, 15},
    {77, 12173, 15, 19, 0, -19, 15},
    {78, 12458, 15, 19, 0, -19, 15},
    {79, 12743, 15, 19, 0, -19, 15},
    {80, 13028, 15, 19, 0, -19, 15},
    {81, 13313, 15, 22, 0, -19, 15},
    {82, 13643, 15, 19, 0, -19, 15},
    {83, 13928, 15, 19, 0, -19, 15},
    {84, 14213, 15, 19, 0, -19, 15},
    {85, 14498, 15, 19, 0, -19, 15},
    {86, 14783, 15, 19, 0, -19, 15},
    {87, 15068, 16, 19, -1, -19, 15},
    {88, 15372, 15, 19, 0, -19, 15},
    {89, 15657, 15, 19, 0, -19, 15},
    {90, 15942, 15, 19, 0, -19, 15},
    {91, 16227, 15, 25, 0, -20, 15},
    {92, 16602, 15, 24, 0, -22, 15},
    {93, 16962, 15, 25, 0, -20, 15},
    {94, 17337, 15, 19, 0, -19, 15},
    {95, 17622, 15, 4, 0, 0, 15},
    {96, 17682, 15, 21, 0, -21, 15},
    {97, 17997, 15, 15, 0, -15, 15},
    {98, 18222, 15, 20, 0, -20, 15},
    {99, 18522, 15, 15, 0, -15, 15},
    {100, 18747, 15, 20, 0, -20, 15},
    {101, 19047, 15, 15, 0, -15, 15},
    {102, 19272, 15, 21, 0, -21, 15},
    {103, 19587, 15, 21, 0, -15, 15},
    {104, 19902, 15, 20, 0, -20, 15},
    {105, 20202, 15, 22, 0, -22, 15},
    {106, 20532, 15, 29, 0, -22, 15},
    {107, 20967, 15, 20, 0, -20, 15},
    {108, 21267, 15, 20, 0, -20, 15},
    {109, 21567, 15, 15, 0, -15, 15},
    {110, 21792, 15, 15, 0, -15, 15},
    {111, 22017, 15, 15, 0, -15, 15},
    {112, 22242, 15, 21, 0, -15, 15},
    {113, 22557, 15, 21, 0, -15, 15},
    {114, 22872, 15, 15, 0, -15, 15},
    {115, 23097, 15, 15, 0, -15, 15},
    {116, 23322, 15, 20, 0, -20, 15},
    {117, 23622, 15, 15, 0, -15, 15},
    {118, 23847, 15, 15, 0, -15, 15},
    {119, 24072, 15, 15, 0, -15, 15},
    {120, 24297, 15, 15, 0, -15, 15},
    {121, 24522, 15, 21, 0, -15, 15},
    {122, 24837, 15, 15, 0, -15, 15},
    {123, 25062, 15, 25, 0, -21, 15},
    {124, 25437, 15, 24, 0, -22, 15},
    {125, 25797, 15, 25, 0, -21, 15},
    {126, 26172, 15, 12, 0, -12, 15},
    {176, 26352, 15, 20, 0, -20, 15},
    {192, 26652, 15, 25, 0, -25, 15},
    {193, 27027, 15, 25, 0, -25, 15},
    {196, 27402, 15, 25, 0, -25, 15},
    {199, 27777, 15, 25, 0, -19, 15},
    {200, 28152, 15, 25, 0, -25, 15},
    {201, 28527, 15, 25, 0, -25, 15},
    {203, 28902, 15, 25, 0, -25, 15},
    {204, 29277, 15, 25, 0, -25, 15},
    {205, 29652, 15, 25, 0, -25, 15},
    {207, 30027, 15, 25, 0, -25, 15},
    {209, 30402, 15, 27, 0, -27, 15},
    {210, 30807, 15, 25, 0, -25, 15},
    {211, 31182, 15, 25, 0, -25, 15},
    {214, 31557, 15, 25, 0, -25, 15},
    {217, 31932, 15, 25, 0, -25, 15},
    {218, 32307, 15, 25, 0, -25, 15},
    {220, 32682, 15, 25, 0, -25, 15},
    {224, 33057, 15, 21, 0, -21, 15},
    {225, 33372, 15, 21, 0, -21, 15},
    {228, 33687, 15, 20, 0, -20, 15},
    {231, 33987, 15, 21, 0, -15, 15},
    {232, 34302, 15, 21, 0, -21, 15},
    {233, 34617, 15, 21, 0, -21, 15},
    {235, 34932, 15, 20, 0, -20, 15},
    {236, 35232, 15, 21, 0, -21, 15},
    {237, 35547, 15, 21, 0, -21, 15},
    {239, 35862, 15, 20, 0, -20, 15},
    {241, 36162, 15, 22, 0, -22, 15},
    {242, 36492, 15, 21, 0, -21, 15},
    {243, 36807, 15, 21, 0, -21, 15},
    {246, 37122, 15, 20, 0, -20, 15},
    {249, 37422, 15, 21, 0, -21, 15},
    {250, 37737, 15, 21, 0, -21, 15},
    {252, 38052, 15, 20, 0, -20, 15},
    {8230, 38352, 15, 4, 0, -4, 15},
    {8242, 38412, 15, 25, 0, -23, 15},
    {8243, 38787, 15, 25, 0, -23, 15},
};

static const uint8_t wind_font_berkeley_mono_bold_condensed_28_bitmap[] = {
    0x00, 0x00, 0x00, 0x00, 0x00, 0xff, 0xff, 0xff, 0x00, 0x00, 0x00, 0x00, 0x00, 0x00, 0x00, 0x00,
    0x00, 0x00, 0x00, 0x00, 0xff, 0xff, 0xff, 0x00, 0x00, 0x00, 0x00, 0x00, 0x00, 0x00, 0x00, 0x00,
    0x00, 0x00, 0x00, 0xff, 0xff, 0xff, 0x00, 0x00, 0x00, 0x00, 0x00, 0x00, 0x00, 0x00, 0x00, 0x00,
    0x00, 0x00, 0xff, 0xff, 0xff, 0x00, 0x00, 0x00, 0x00, 0x00, 0x00, 0x00, 0x00, 0x00, 0x00, 0x00,
    0x00, 0xff, 0xff, 0xff, 0x00, 0x00, 0x00, 0x00, 0x00, 0x00, 0x00, 0x00, 0x00, 0x00, 0x00, 0x00,
    0xff, 0xff, 0xff, 0x00, 0x00, 0x00, 0x00, 0x00, 0x00, 0x00, 0x00, 0x00, 0x00, 0x00, 0x00, 0xff,
    0xff, 0xff, 0x00, 0x00, 0x00, 0x00, 0x00, 0x00, 0x00, 0x00, 0x00, 0x00, 0x00, 0x00, 0xff, 0xff,
    0xff, 0x00, 0x00, 0x00, 0x00, 0x00, 0x00, 0x00, 0x00, 0x00, 0x00, 0x00, 0x00, 0xff, 0xff, 0xff,
    0x00, 0x00, 0x00, 0x00, 0x00, 0x00, 0x00, 0x00, 0x00, 0x00, 0x00, 0x00, 0xff, 0xff, 0xff, 0x00,
    0x00, 0x00, 0x00, 0x00, 0x00, 0x00, 0x00, 0x00, 0x00, 0x00, 0x00, 0xff, 0xff, 0xff, 0x00, 0x00,
    0x00, 0x00, 0x00, 0x00, 0x00, 0x00, 0x00, 0x00, 0x00, 0x00, 0xff, 0xff, 0xff, 0x00, 0x00, 0x00,
    0x00, 0x00, 0x00, 0x00, 0x00, 0x00, 0x00, 0x00, 0x00, 0xff, 0xff, 0xff, 0x00, 0x00, 0x00, 0x00,
    0x00, 0x00, 0x00, 0x00, 0x00, 0x00, 0x00, 0x00, 0x00, 0x00, 0x00, 0x00, 0x00, 0x00, 0x00, 0x00,
    0x00, 0x00, 0x00, 0x00, 0x00, 0x00, 0x00, 0x00, 0x00, 0x00, 0x00, 0x00, 0x00, 0x00, 0x00, 0x00,
    0x00, 0x00, 0x00, 0x00, 0x00, 0x00, 0x00, 0x00, 0x00, 0x00, 0x00, 0x00, 0x00, 0x00, 0x00, 0x00,
    0x00, 0x00, 0x00, 0x00, 0x00, 0xff, 0xff, 0xff, 0xff, 0x00, 0x00, 0x00, 0x00, 0x00, 0x00, 0x00,
    0x00, 0x00, 0x00, 0x00, 0xff, 0xff, 0xff, 0xff, 0x00, 0x00, 0x00, 0x00, 0x00, 0x00, 0x00, 0x00,
    0x00, 0x00, 0x00, 0xff, 0xff, 0xff, 0xff, 0x00, 0x00, 0x00, 0x00, 0x00, 0x00, 0x00, 0x00, 0x00,
    0x00, 0x00, 0xff, 0xff, 0xff, 0xff, 0x00, 0x00, 0x00, 0x00, 0x00, 0x00, 0x00, 0x00, 0x00, 0xff,
    0xff, 0xff, 0x24, 0x00, 0x24, 0xff, 0xff, 0xff, 0x00, 0x00, 0x00, 0x00, 0x00, 0x00, 0xff, 0xff,
    0xff, 0x24, 0x00, 0x24, 0xff, 0xff, 0xff, 0x00, 0x00, 0x00, 0x00, 0x00, 0x00, 0xff, 0xff, 0xff,
    0x24, 0x00, 0x24, 0xff, 0xff, 0xff, 0x00, 0x00, 0x00, 0x00, 0x00, 0x00, 0xff, 0xff, 0xff, 0x24,
    0x00, 0x24, 0xff, 0xff, 0xff, 0x00, 0x00, 0x00, 0x00, 0x00, 0x00, 0xff, 0xff, 0xff, 0x24, 0x00,
    0x24, 0xff, 0xff, 0xff, 0x00, 0x00, 0x00, 0x00, 0x00, 0x00, 0xff, 0xff, 0xff, 0x24, 0x00, 0x24,
    0xff, 0xff, 0xff, 0x00, 0x00, 0x00, 0x00, 0x00, 0x00, 0xff, 0xff, 0xff, 0x24, 0x00, 0x24, 0xff,
    0xff, 0xff, 0x00, 0x00, 0x00, 0x00, 0x00, 0x00, 0xff, 0xff, 0xff, 0x24, 0x00, 0x24, 0xff, 0xff,
    0xff, 0x00, 0x00, 0x00, 0x00, 0x00, 0x00, 0x00, 0x00, 0x00, 0x00, 0x00, 0x00, 0x00, 0x00, 0x00,
    0x00, 0x00, 0x00, 0x00, 0x00, 0x00, 0x00, 0x00, 0x00, 0x00, 0x00, 0x00, 0x00, 0x00, 0x00, 0x00,
    0x00, 0x00, 0x00, 0x00, 0x00, 0x00, 0x00, 0x00, 0x00, 0x00, 0x00, 0x00, 0x00, 0x00, 0x00, 0x00,
    0x00, 0x00, 0x00, 0x00, 0x00, 0x00, 0x00, 0x00, 0x00, 0x00, 0x00, 0x00, 0x00, 0x00, 0x00, 0x00,
    0x00, 0x00, 0x00, 0x00, 0x00, 0x00, 0x00, 0x00, 0x00, 0x00, 0x00, 0x00, 0x00, 0x00, 0x00, 0x00,
    0x00, 0x00, 0x00, 0x00, 0x00, 0x00, 0x00, 0x00, 0x00, 0x00, 0x00, 0x00, 0x00, 0x00, 0x00, 0x00,
    0x00, 0x00, 0x00, 0x00, 0x00, 0x00, 0x00, 0x00, 0x00, 0x00, 0x00, 0x00, 0x00, 0x00, 0x00, 0x00,
    0x00, 0x00, 0x00, 0x00, 0x00, 0x00, 0x00, 0x00, 0x00, 0x00, 0x00, 0x00, 0x00, 0x00, 0x00, 0x00,
    0x00, 0x00, 0x00, 0x00, 0x00, 0x00, 0x00, 0x00, 0x00, 0x00, 0x00, 0x00, 0x00, 0x00, 0x00, 0x00,
    0x00, 0x00, 0x00, 0x00, 0x00, 0x00, 0x00, 0x00, 0x00, 0x00, 0x00, 0x00, 0x00, 0x00, 0x00, 0x00,
    0x00, 0x00, 0x00, 0x00, 0x00, 0x00, 0x00, 0x00, 0x00, 0x00, 0x00, 0x00, 0x00, 0x00, 0x00, 0x00,
    0x00, 0x00, 0x00, 0x00, 0x00, 0x00, 0x00, 0x00, 0x00, 0x00, 0x00, 0x00, 0x00, 0x00, 0x00, 0x00,
    0x00, 0x00, 0x00, 0x00, 0x00, 0x00, 0x00, 0x00, 0x00, 0x00, 0x00, 0x00, 0xc1, 0xff, 0x93, 0x00,
    0x00, 0xb6, 0xff, 0xa2, 0x00, 0x00, 0x00, 0x00, 0x00, 0x00, 0x01, 0xee, 0xff, 0x62, 0x00, 0x00,
    0xe6, 0xff, 0x72, 0x00, 0x00, 0x00, 0x00, 0x00, 0x00, 0x1e, 0xff, 0xff, 0x32, 0x00, 0x16, 0xff,
    0xff, 0x42, 0x00, 0x00, 0x00, 0x00, 0x00, 0x00, 0x4e, 0xff, 0xfb, 0x07, 0x00, 0x46, 0xff, 0xff,
    0x12, 0x00, 0x00, 0x00, 0x00, 0x00, 0x00, 0x7e, 0xff, 0xd3, 0x00, 0x00, 0x76, 0xff, 0xe2, 0x00,
    0x00, 0x00, 0x00, 0x46, 0xff, 0xff, 0xff, 0xff, 0xff, 0xff, 0xff, 0xff, 0xff, 0xff, 0xff, 0xff,
    0x61, 0x00, 0x84, 0xff, 0xff, 0xff, 0xff, 0xff, 0xff, 0xff, 0xff, 0xff, 0xff, 0xff, 0xff, 0x24,
    0x00, 0x25, 0x38, 0x47, 0xff, 0xff, 0x69, 0x38, 0x42, 0xff, 0xff, 0x72, 0x38, 0x37, 0x00, 0x00,
    0x00, 0x00, 0x3e, 0xff, 0xff, 0x13, 0x00, 0x36, 0xff, 0xff, 0x1e, 0x00, 0x00, 0x00, 0x00, 0x00,
    0x00, 0x6e, 0xff, 0xe2, 0x00, 0x00, 0x6a, 0xff, 0xee, 0x00, 0x00, 0x00, 0x00, 0x00, 0x00, 0x00,
    0x9e, 0xff, 0xb2, 0x00, 0x00, 0x9a, 0xff, 0xbe, 0x00, 0x00, 0x00, 0x00, 0x59, 0xd8, 0xd8, 0xf6,
    0xff, 0xf1, 0xd8, 0xd8, 0xf6, 0xff, 0xf4, 0xd8, 0xd8, 0x41, 0x00, 0x96, 0xff, 0xff, 0xff, 0xff,
    0xff, 0xff, 0xff, 0xff, 0xff, 0xff, 0xff, 0xff, 0x1c, 0x00, 0xc5, 0xff, 0xff, 0xff, 0xff, 0xff,
    0xff, 0xff, 0xff, 0xff, 0xff, 0xff, 0xe7, 0x00, 0x00, 0x00, 0x00, 0x5e, 0xff, 0xf1, 0x01, 0x00,
    0x5a, 0xff, 0xf7, 0x03, 0x00, 0x00, 0x00, 0x00, 0x00, 0x00, 0x8e, 0xff, 0xc2, 0x00, 0x00, 0x8a,
    0xff, 0xca, 0x00, 0x00, 0x00, 0x00, 0x00, 0x00, 0x00, 0xbe, 0xff, 0x93, 0x00, 0x00, 0xbb, 0xff,
    0x9a, 0x00, 0x00, 0x00, 0x00, 0x00, 0x00, 0x00, 0xed, 0xff, 0x62, 0x00, 0x00, 0xea, 0xff, 0x6a,
    0x00, 0x00, 0x00, 0x00, 0x00, 0x00, 0x1e, 0xff, 0xff, 0x32, 0x00, 0x1c, 0xff, 0xff, 0x39, 0x00,
    0x00, 0x00, 0x00, 0x00, 0x00, 0x00, 0x00, 0x00, 0x00, 0x00, 0x28, 0xff, 0xff, 0x00, 0x00, 0x00,
    0x00, 0x00, 0x00, 0x00, 0x00, 0x00, 0x00, 0x00, 0x00, 0x28, 0xff, 0xff, 0x00, 0x00, 0x00, 0x00,
    0x00, 0x00, 0x00, 0x00, 0x00, 0x00, 0x00, 0x00, 0x28, 0xff, 0xff, 0x00, 0x00, 0x00, 0x00, 0x00,
    0x00, 0x00, 0x00, 0x00, 0x4a, 0xae, 0xde, 0xf7, 0xff, 0xff, 0xf2, 0xd8, 0xa4, 0x31, 0x00, 0x00,
    0x00, 0x00, 0x5d, 0xff, 0xff, 0xff, 0xff, 0xff, 0xff, 0xff, 0xff, 0xff, 0xf8, 0x29, 0x00, 0x00,
    0x00, 0xcd, 0xff, 0xff, 0xea, 0x9b, 0xff, 0xff, 0x80, 0xef, 0xff, 0xff, 0x85, 0x00, 0x00, 0x00,
    0xf5, 0xff, 0xff, 0x4d, 0x28, 0xff, 0xff, 0x00, 0x64, 0xc0, 0xc0, 0x7b, 0x00, 0x00, 0x00, 0xfd,
    0xff, 0xff, 0x26, 0x28, 0xff, 0xff, 0x00, 0x00, 0x00, 0x00, 0x00, 0x00, 0x00, 0x00, 0xe2, 0xff,
    0xff, 0x4c, 0x28, 0xff, 0xff, 0x00, 0x00, 0x00, 0x00, 0x00, 0x00, 0x00, 0x00, 0x95, 0xff, 0xff,
    0xe1, 0x6f, 0xff, 0xff, 0x00, 0x00, 0x00, 0x00, 0x00, 0x00, 0x00, 0x00, 0x12, 0xcc, 0xff, 0xff,
    0xff, 0xff, 0xff, 0x4a, 0x06, 0x00, 0x00, 0x00, 0x00, 0x00, 0x00, 0x00, 0x06, 0x6a, 0xd4, 0xff,
    0xff, 0xff, 0xff, 0xec, 0x81, 0x0a, 0x00, 0x00, 0x00, 0x00, 0x00, 0x00, 0x00, 0x00, 0x4b, 0xff,
    0xff, 0xfe, 0xff, 0xff, 0xce, 0x0d, 0x00, 0x00, 0x00, 0x00, 0x00, 0x00, 0x00, 0x28, 0xff, 0xff,
    0x27, 0xd5, 0xff, 0xff, 0x88, 0x00, 0x00, 0x00, 0x00, 0x00, 0x00, 0x00, 0x28, 0xff, 0xff, 0x00,
    0x4c, 0xff, 0xff, 0xd7, 0x00, 0x00, 0x00, 0x0c, 0x0c, 0x0c, 0x02, 0x28, 0xff, 0xff, 0x00, 0x27,
    0xff, 0xff, 0xf8, 0x00, 0x00, 0x00, 0xfc, 0xff, 0xff, 0x2e, 0x28, 0xff, 0xff, 0x00, 0x35, 0xff,
    0xff, 0xfd, 0x00, 0x00, 0x00, 0xe5, 0xff, 0xff, 0x9d, 0x30, 0xff, 0xff, 0x07, 0x9c, 0xff, 0xff,
    0xec, 0x00, 0x00, 0x00, 0xac, 0xff, 0xff, 0xff, 0xfe, 0xff, 0xff, 0xf7, 0xff, 0xff, 0xff, 0xb7,
    0x00, 0x00, 0x00, 0x36, 0xf9, 0xff, 0xff, 0xff, 0xff, 0xff, 0xff, 0xff, 0xff, 0xfa, 0x40, 0x00,
    0x00, 0x00, 0x00, 0x30, 0xa0, 0xd7, 0xf5, 0xff, 0xff, 0xf2, 0xd6, 0x9e, 0x31, 0x00, 0x00, 0x00,
    0x00, 0x00, 0x00, 0x00, 0x00, 0x28, 0xff, 0xff, 0x00, 0x00, 0x00, 0x00, 0x00, 0x00, 0x00, 0x00,
    0x00, 0x00, 0x00, 0x00, 0x28, 0xff, 0xff, 0x00, 0x00, 0x00, 0x00, 0x00, 0x00, 0x00, 0x00, 0x00,
    0x00, 0x00, 0x00, 0x28, 0xff, 0xff, 0x00, 0x00, 0x00, 0x00, 0x00, 0x00, 0x00, 0x0c, 0x9d, 0xea,
    0xfe, 0xee, 0xa9, 0x19, 0x00, 0x00, 0x0c, 0xe7, 0xff, 0xff, 0xc1, 0x00, 0x00, 0x92, 0xff, 0xff,
    0xff, 0xff, 0xff, 0xb6, 0x00, 0x00, 0x7f, 0xff, 0xff, 0xfe, 0x33, 0x00, 0x00, 0xe1, 0xff, 0xff,
    0xf0, 0xff, 0xff, 0xfb, 0x08, 0x17, 0xf3, 0xff, 0xff, 0xa2, 0x00, 0x00, 0x00, 0xfc, 0xff, 0xff,
    0x36, 0xff, 0xff, 0xff, 0x20, 0x96, 0xff, 0xff, 0xf6, 0x1c, 0x00, 0x00, 0x00, 0xfd, 0xff, 0xff,
    0x36, 0xff, 0xff, 0xff, 0x46, 0xfb, 0xff, 0xff, 0x81, 0x00, 0x00, 0x00, 0x00, 0xe0, 0xff, 0xff,
    0xf1, 0xff, 0xff, 0xfb, 0xb6, 0xff, 0xff, 0xe6, 0x0c, 0x00, 0x00, 0x00, 0x00, 0x91, 0xff, 0xff,
    0xff, 0xff, 0xff, 0xec, 0xff, 0xff, 0xff, 0x62, 0x00, 0x00, 0x00, 0x00, 0x00, 0x0b, 0x9b, 0xea,
    0xfe, 0xef, 0xa7, 0xdb, 0xff, 0xff, 0xd0, 0x02, 0x00, 0x00, 0x00, 0x00, 0x00, 0x00, 0x00, 0x00,
    0x00, 0x00, 0x52, 0xff, 0xff, 0xff, 0x42, 0x00, 0x00, 0x00, 0x00, 0x00, 0x00, 0x00, 0x00, 0x00,
    0x00, 0x05, 0xd9, 0xff, 0xff, 0xb2, 0x00, 0x00, 0x00, 0x00, 0x00, 0x00, 0x00, 0x00, 0x00, 0x00,
    0x00, 0x6a, 0xff, 0xff, 0xff, 0x6f, 0x64, 0x62, 0x3e, 0x04, 0x00, 0x00, 0x00, 0x00, 0x00, 0x00,
    0x0d, 0xe9, 0xff, 0xff, 0xff, 0xff, 0xff, 0xff, 0xff, 0xdc, 0x21, 0x00, 0x00, 0x00, 0x00, 0x00,
    0x81, 0xff, 0xff, 0xff, 0xff, 0xff, 0xff, 0xff, 0xff, 0xff, 0xa6, 0x00, 0x00, 0x00, 0x00, 0x19,
    0xf4, 0xff, 0xff, 0xff, 0xff, 0xff, 0x31, 0x60, 0xff, 0xff, 0xe7, 0x00, 0x00, 0x00, 0x00, 0x9a,
    0xff, 0xff, 0xf1, 0xff, 0xff, 0xff, 0x01, 0x28, 0xff, 0xff, 0xfd, 0x00, 0x00, 0x00, 0x2a, 0xfc,
    0xff, 0xff, 0x71, 0xff, 0xff, 0xff, 0x1a, 0x45, 0xff, 0xff, 0xf8, 0x00, 0x00, 0x00, 0xb3, 0xff,
    0xff, 0xc2, 0x05, 0xf7, 0xff, 0xff, 0xec, 0xf5, 0xff, 0xff, 0xd6, 0x00, 0x00, 0x3f, 0xff, 0xff,
    0xff, 0x34, 0x00, 0xa1, 0xff, 0xff, 0xff, 0xff, 0xff, 0xff, 0x7c, 0x00, 0x01, 0xc9, 0xff, 0xff,
    0xa2, 0x00, 0x00, 0x0d, 0x92, 0xe0, 0xfd, 0xfa, 0xd9, 0x7d, 0x04, 0x00, 0x00, 0x00, 0x00, 0x15,
    0x99, 0xdc, 0xf7, 0xfe, 0xf6, 0xdc, 0x97, 0x12, 0x00, 0x00, 0x00, 0x00, 0x00, 0x00, 0x00, 0xbc,
    0xff, 0xff, 0xff, 0xff, 0xff, 0xff, 0xff, 0xa8, 0x00, 0x00, 0x00, 0x00, 0x00, 0x00, 0x0c, 0xfe,
    0xff, 0xff, 0xf4, 0xda, 0xf8, 0xff, 0xff, 0xef, 0x00, 0x00, 0x00, 0x00, 0x00, 0x00, 0x22, 0xff,
    0xff, 0xff, 0x1f, 0x00, 0x40, 0xff, 0xff, 0xfc, 0x00, 0x00, 0x00, 0x00, 0x00, 0x00, 0x17, 0xff,
    0xff, 0xff, 0x07, 0x00, 0x30, 0xff, 0xff, 0xe5, 0x00, 0x00, 0x00, 0x00, 0x00, 0x00, 0x00, 0xda,
    0xff, 0xff, 0x53, 0x03, 0xa6, 0xff, 0xff, 0x8f, 0x00, 0x00, 0x00, 0x00, 0x00, 0x00, 0x00, 0x52,
    0xff, 0xff, 0xe7, 0xb2, 0xff, 0xff, 0xca, 0x0c, 0x00, 0x00, 0x00, 0x00, 0x00, 0x00, 0x00, 0x00,
    0xa6, 0xff, 0xff, 0xff, 0xff, 0xc1, 0x0f, 0x00, 0x00, 0x00, 0x00, 0x00, 0x00, 0x00, 0x00, 0x00,
    0x2e, 0xff, 0xff, 0xff, 0xcb, 0x09, 0x00, 0x00, 0x00, 0x00, 0x00, 0x00, 0x00, 0x00, 0x00, 0x2b,
    0xe4, 0xff, 0xff, 0xff, 0xf5, 0x26, 0x00, 0x00, 0x00, 0x00, 0x00, 0x00, 0x00, 0x00, 0x16, 0xe6,
    0xff, 0xff, 0xdb, 0xff, 0xff, 0xcc, 0x05, 0xff, 0xff, 0xff, 0x21, 0x00, 0x00, 0x00, 0x8b, 0xff,
    0xff, 0xab, 0x0a, 0xda, 0xff, 0xff, 0x87, 0xff, 0xff, 0xff, 0x0f, 0x00, 0x00, 0x00, 0xd8, 0xff,
    0xff, 0x42, 0x00, 0x37, 0xfc, 0xff, 0xfe, 0xff, 0xff, 0xe3, 0x00, 0x00, 0x00, 0x00, 0xf8, 0xff,
    0xff, 0x27, 0x00, 0x00, 0x82, 0xff, 0xff, 0xff, 0xff, 0x83, 0x00, 0x00, 0x00, 0x00, 0xff, 0xff,
    0xff, 0x2d, 0x00, 0x00, 0x05, 0xce, 0xff, 0xff, 0xee, 0x0c, 0x00, 0x00, 0x00, 0x00, 0xf1, 0xff,
    0xff, 0x7c, 0x00, 0x00, 0x1f, 0xdd, 0xff, 0xff, 0xff, 0x5b, 0x00, 0x00, 0x00, 0x00, 0xc7, 0xff,
    0xff, 0xff, 0xe7, 0xdc, 0xfd, 0xff, 0xff, 0xff, 0xff, 0xf1, 0x1f, 0x00, 0x00, 0x00, 0x62, 0xff,
    0xff, 0xff, 0xff, 0xff, 0xff, 0xff, 0xda, 0xc1, 0xff, 0xff, 0xc1, 0x03, 0x00, 0x00, 0x00, 0x61,
    0xc3, 0xef, 0xfe, 0xfa, 0xe1, 0x9e, 0x1a, 0x20, 0xf2, 0xff, 0xff, 0x79, 0x00, 0x00, 0x00, 0x00,
    0x00, 0x00, 0xff, 0xff, 0xff, 0x24, 0x00, 0x00, 0x00, 0x00, 0x00, 0x00, 0x00, 0x00, 0x00, 0x00,
    0x00, 0xff, 0xff, 0xff, 0x24, 0x00, 0x00, 0x00, 0x00, 0x00, 0x00, 0x00, 0x00, 0x00, 0x00, 0x00,
    0xff, 0xff, 0xff, 0x24, 0x00, 0x00, 0x00, 0x00, 0x00, 0x00, 0x00, 0x00, 0x00, 0x00, 0x00, 0xff,
    0xff, 0xff, 0x24, 0x00, 0x00, 0x00, 0x00, 0x00, 0x00, 0x00, 0x00, 0x00, 0x00, 0x00, 0xff, 0xff,
    0xff, 0x24, 0x00, 0x00, 0x00, 0x00, 0x00, 0x00, 0x00, 0x00, 0x00, 0x00, 0x00, 0xff, 0xff, 0xff,
    0x24, 0x00, 0x00, 0x00, 0x00, 0x00, 0x00, 0x00, 0x00, 0x00, 0x00, 0x00, 0xff, 0xff, 0xff, 0x24,
    0x00, 0x00, 0x00, 0x00, 0x00, 0x00, 0x00, 0x00, 0x00, 0x00, 0x00, 0xff, 0xff, 0xff, 0x24, 0x00,
    0x00, 0x00, 0x00, 0x00, 0x00, 0x00, 0x00, 0x00, 0x00, 0x00, 0x00, 0x00, 0x00, 0x00, 0x00, 0x00,
    0x00, 0x00, 0x00, 0x00, 0x00, 0x00, 0x00, 0x00, 0x00, 0x00, 0x00, 0x00, 0x00, 0x00, 0x00, 0x00,
    0x00, 0x00, 0x00, 0x00, 0x00, 0x00, 0x00, 0x00, 0x00, 0x00, 0x00, 0x00, 0x00, 0x00, 0x00, 0x00,
    0x00, 0x00, 0x00, 0x00, 0x00, 0x00, 0x00, 0x00, 0x00, 0x00, 0x00, 0x00, 0x00, 0x00, 0x00, 0x00,
    0x00, 0x00, 0x00, 0x00, 0x00, 0x00, 0x00, 0x00, 0x00, 0x00, 0x00, 0x00, 0x00, 0x00, 0x00, 0x00,
    0x00, 0x00, 0x00, 0x00, 0x00, 0x00, 0x00, 0x00, 0x00, 0x00, 0x00, 0x00, 0x00, 0x00, 0x00, 0x00,
    0x00, 0x00, 0x00, 0x00, 0x00, 0x00, 0x00, 0x00, 0x00, 0x00, 0x00, 0x00, 0x00, 0x00, 0x00, 0x00,
    0x00, 0x00, 0x00, 0x00, 0x00, 0x00, 0x00, 0x00, 0x00, 0x00, 0x00, 0x00, 0x00, 0x00, 0x00, 0x00,
    0x00, 0x00, 0x00, 0x00, 0x00, 0x00, 0x00, 0x00, 0x00, 0x00, 0x00, 0x00, 0x00, 0x00, 0x00, 0x00,
    0x00, 0x00, 0x00, 0x00, 0x00, 0x00, 0x00, 0x00, 0x00, 0x00, 0x00, 0x00, 0x00, 0x00, 0x00, 0x00,
    0x00, 0x00, 0x00, 0x00, 0x00, 0x00, 0x00, 0x00, 0x00, 0x00, 0x00, 0x00, 0x00, 0x00, 0x00, 0x00,
    0x00, 0x00, 0x00, 0x00, 0x00, 0x00, 0x00, 0x00, 0x00, 0x00, 0x00, 0x00, 0x00, 0x00, 0x00, 0x00,
    0x00, 0x00, 0x00, 0x00, 0x00, 0x00, 0x00, 0x00, 0x00, 0x00, 0x00, 0x00, 0x00, 0x00, 0x00, 0x09,
    0x44, 0x6b, 0x7c, 0x00, 0x00, 0x00, 0x00, 0x00, 0x00, 0x00, 0x00, 0x00, 0x00, 0x5d, 0xed, 0xff,
    0xff, 0xff, 0x00, 0x00, 0x00, 0x00, 0x00, 0x00, 0x00, 0x00, 0x00, 0x4d, 0xff, 0xff, 0xff, 0xff,
    0xff, 0x00, 0x00, 0x00, 0x00, 0x00, 0x00, 0x00, 0x00, 0x00, 0xd7, 0xff, 0xff, 0xf5, 0x92, 0x5f,
    0x00, 0x00, 0x00, 0x00, 0x00, 0x00, 0x00, 0x00, 0x31, 0xff, 0xff, 0xff, 0x3f, 0x00, 0x00, 0x00,
    0x00, 0x00, 0x00, 0x00, 0x00, 0x00, 0x00, 0x72, 0xff, 0xff, 0xbd, 0x00, 0x00, 0x00, 0x00, 0x00,
    0x00, 0x00, 0x00, 0x00, 0x00, 0x00, 0xa1, 0xff, 0xff, 0x75, 0x00, 0x00, 0x00, 0x00, 0x00, 0x00,
    0x00, 0x00, 0x00, 0x00, 0x00, 0xc8, 0xff, 0xff, 0x47, 0x00, 0x00, 0x00, 0x00, 0x00, 0x00, 0x00,
    0x00, 0x00, 0x00, 0x00, 0xe3, 0xff, 0xff, 0x2e, 0x00, 0x00, 0x00, 0x00, 0x00, 0x00, 0x00, 0x00,
    0x00, 0x00, 0x00, 0xf6, 0xff, 0xff, 0x25, 0x00, 0x00, 0x00, 0x00, 0x00, 0x00, 0x00, 0x00, 0x00,
    0x00, 0x00, 0xfe, 0xff, 0xff, 0x24, 0x00, 0x00, 0x00, 0x00, 0x00, 0x00, 0x00, 0x00, 0x00, 0x00,
    0x00, 0xff, 0xff, 0xff, 0x24, 0x00, 0x00, 0x00, 0x00, 0x00, 0x00, 0x00, 0x00, 0x00, 0x00, 0x00,
    0xff, 0xff, 0xff, 0x24, 0x00, 0x00, 0x00, 0x00, 0x00, 0x00, 0x00, 0x00, 0x00, 0x00, 0x00, 0xfd,
    0xff, 0xff, 0x24, 0x00, 0x00, 0x00, 0x00, 0x00, 0x00, 0x00, 0x00, 0x00, 0x00, 0x00, 0xf5, 0xff,
    0xff, 0x24, 0x00, 0x00, 0x00, 0x00, 0x00, 0x00, 0x00, 0x00, 0x00, 0x00, 0x00, 0xe6, 0xff, 0xff,
    0x26, 0x00, 0x00, 0x00, 0x00, 0x00, 0x00, 0x00, 0x00, 0x00, 0x00, 0x00, 0xd0, 0xff, 0xff, 0x31,
    0x00, 0x00, 0x00, 0x00, 0x00, 0x00, 0x00, 0x00, 0x00, 0x00, 0x00, 0xaf, 0xff, 0xff, 0x4c, 0x00,
    0x00, 0x00, 0x00, 0x00, 0x00, 0x00, 0x00, 0x00, 0x00, 0x00, 0x87, 0xff, 0xff, 0x78, 0x00, 0x00,
    0x00, 0x00, 0x00, 0x00, 0x00, 0x00, 0x00, 0x00, 0x00, 0x50, 0xff, 0xff, 0xc6, 0x00, 0x00, 0x00,
    0x00, 0x00, 0x00, 0x00, 0x00, 0x00, 0x00, 0x00, 0x10, 0xfb, 0xff, 0xff, 0x51, 0x00, 0x00, 0x00,
    0x00, 0x00, 0x00, 0x00, 0x00, 0x00, 0x00, 0x00, 0xb3, 0xff, 0xff, 0xfb, 0x95, 0x4b, 0x00, 0x00,
    0x00, 0x00, 0x00, 0x00, 0x00, 0x00, 0x00, 0x39, 0xfe, 0xff, 0xff, 0xff, 0xff, 0x00, 0x00, 0x00,
    0x00, 0x00, 0x00, 0x00, 0x00, 0x00, 0x00, 0x78, 0xff, 0xff, 0xff, 0xff, 0x00, 0x00, 0x00, 0x00,
    0x00, 0x00, 0x00, 0x00, 0x00, 0x00, 0x00, 0x3a, 0x96, 0xc3, 0xd5, 0x00, 0x00, 0x00, 0x00, 0x00,
    0x3f, 0x76, 0x59, 0x1e, 0x00, 0x00, 0x00, 0x00, 0x00, 0x00, 0x00, 0x00, 0x00, 0x00, 0x00, 0x80,
    0xff, 0xff, 0xfe, 0x9d, 0x06, 0x00, 0x00, 0x00, 0x00, 0x00, 0x00, 0x00, 0x00, 0x00, 0x80, 0xff,
    0xff, 0xff, 0xff, 0x90, 0x00, 0x00, 0x00, 0x00, 0x00, 0x00, 0x00, 0x00, 0x00, 0x2d, 0x74, 0xdb,
    0xff, 0xff, 0xfb, 0x18, 0x00, 0x00, 0x00, 0x00, 0x00, 0x00, 0x00, 0x00, 0x00, 0x00, 0x16, 0xee,
    0xff, 0xff, 0x68, 0x00, 0x00, 0x00, 0x00, 0x00, 0x00, 0x00, 0x00, 0x00, 0x00, 0x00, 0x95, 0xff,
    0xff, 0xa7, 0x00, 0x00, 0x00, 0x00, 0x00, 0x00, 0x00, 0x00, 0x00, 0x00, 0x00, 0x57, 0xff, 0xff,
    0xd6, 0x00, 0x00, 0x00, 0x00, 0x00, 0x00, 0x00, 0x00, 0x00, 0x00, 0x00, 0x2c, 0xff, 0xff, 0xfa,
    0x02, 0x00, 0x00, 0x00, 0x00, 0x00, 0x00, 0x00, 0x00, 0x00, 0x00, 0x0f, 0xff, 0xff, 0xff, 0x19,
    0x00, 0x00, 0x00, 0x00, 0x00, 0x00, 0x00, 0x00, 0x00, 0x00, 0x01, 0xff, 0xff, 0xff, 0x23, 0x00,
    0x00, 0x00, 0x00, 0x00, 0x00, 0x00, 0x00, 0x00, 0x00, 0x00, 0xff, 0xff, 0xff, 0x24, 0x00, 0x00,
    0x00, 0x00, 0x00, 0x00, 0x00, 0x00, 0x00, 0x00, 0x00, 0xff, 0xff, 0xff, 0x24, 0x00, 0x00, 0x00,
    0x00, 0x00, 0x00, 0x00, 0x00, 0x00, 0x00, 0x00, 0xff, 0xff, 0xff, 0x24, 0x00, 0x00, 0x00, 0x00,
    0x00, 0x00, 0x00, 0x00, 0x00, 0x00, 0x00, 0xff, 0xff, 0xff, 0x24, 0x00, 0x00, 0x00, 0x00, 0x00,
    0x00, 0x00, 0x00, 0x00, 0x00, 0x00, 0xff, 0xff, 0xff, 0x24, 0x00, 0x00, 0x00, 0x00, 0x00, 0x00,
    0x00, 0x00, 0x00, 0x00, 0x01, 0xff, 0xff, 0xff, 0x24, 0x00, 0x00, 0x00, 0x00, 0x00, 0x00, 0x00,
    0x00, 0x00, 0x00, 0x11, 0xff, 0xff, 0xff, 0x1c, 0x00, 0x00, 0x00, 0x00, 0x00, 0x00, 0x00, 0x00,
    0x00, 0x00, 0x34, 0xff, 0xff, 0xfa, 0x04, 0x00, 0x00, 0x00, 0x00, 0x00, 0x00, 0x00, 0x00, 0x00,
    0x00, 0x60, 0xff, 0xff, 0xd3, 0x00, 0x00, 0x00, 0x00, 0x00, 0x00, 0x00, 0x00, 0x00, 0x00, 0x00,
    0xa2, 0xff, 0xff, 0x9e, 0x00, 0x00, 0x00, 0x00, 0x00, 0x00, 0x00, 0x00, 0x00, 0x00, 0x1f, 0xf5,
    0xff, 0xff, 0x5d, 0x00, 0x00, 0x00, 0x00, 0x00, 0x00, 0x00, 0x00, 0x20, 0x6c, 0xe1, 0xff, 0xff,
    0xfa, 0x12, 0x00, 0x00, 0x00, 0x00, 0x00, 0x00, 0x00, 0x00, 0x80, 0xff, 0xff, 0xff, 0xff, 0x9e,
    0x00, 0x00, 0x00, 0x00, 0x00, 0x00, 0x00, 0x00, 0x00, 0x80, 0xff, 0xff, 0xff, 0xd7, 0x13, 0x00,
    0x00, 0x00, 0x00, 0x00, 0x00, 0x00, 0x00, 0x00, 0x6c, 0xce, 0xb1, 0x70, 0x0b, 0x00, 0x00, 0x00,
    0x00, 0x00, 0x00, 0x00, 0x00, 0x00, 0x00, 0x00, 0x00, 0x00, 0x00, 0xff, 0xff, 0xff, 0x24, 0x00,
    0x00, 0x00, 0x00, 0x00, 0x00, 0x00, 0x00, 0x00, 0x00, 0x00, 0xff, 0xff, 0xff, 0x24, 0x00, 0x00,
    0x00, 0x00, 0x00, 0x00, 0x00, 0x15, 0x00, 0x00, 0x00, 0xf1, 0xff, 0xff, 0x13, 0x00, 0x00, 0x1b,
    0x01, 0x00, 0x00, 0x11, 0xf8, 0xce, 0x6f, 0x06, 0xb4, 0xff, 0xd4, 0x03, 0x61, 0xc4, 0xfe, 0x36,
    0x00, 0x00, 0x60, 0xff, 0xff, 0xff, 0xdc, 0xbb, 0xff, 0xca, 0xd3, 0xff, 0xff, 0xff, 0x86, 0x00,
    0x00, 0x3c, 0xa8, 0xf2, 0xff, 0xff, 0xff, 0xff, 0xff, 0xff, 0xff, 0xf9, 0xb5, 0x50, 0x00, 0x00,
    0x00, 0x00, 0x01, 0x18, 0x77, 0xff, 0xff, 0xff, 0xa2, 0x19, 0x03, 0x00, 0x00, 0x00, 0x00, 0x00,
    0x00, 0x00, 0x59, 0xf9, 0xff, 0xb2, 0xff, 0xff, 0x8d, 0x01, 0x00, 0x00, 0x00, 0x00, 0x00, 0x00,
    0x3b, 0xfc, 0xff, 0xee, 0x0e, 0xbf, 0xff, 0xff, 0x73, 0x00, 0x00, 0x00, 0x00, 0x00, 0x06, 0xe0,
    0xff, 0xff, 0x73, 0x00, 0x39, 0xfc, 0xff, 0xfa, 0x22, 0x00, 0x00, 0x00, 0x00, 0x00, 0x44, 0xe6,
    0xad, 0x01, 0x00, 0x00, 0x71, 0xf4, 0x60, 0x00, 0x00, 0x00, 0x00, 0x00, 0x00, 0x00, 0x16, 0x0c,
    0x00, 0x00, 0x00, 0x00, 0x1b, 0x00, 0x00, 0x00, 0x00, 0x00, 0x00, 0x00, 0x00, 0x00, 0x00, 0x00,
    0x00, 0x00, 0x00, 0x00, 0x00, 0x00, 0x00, 0x00, 0x00, 0x00, 0x00, 0x00, 0x00, 0x00, 0x00, 0x00,
    0x00, 0x00, 0x00, 0x00, 0x00, 0x00, 0x00, 0x00, 0x00, 0x00, 0x00, 0x00, 0x00, 0x00, 0x00, 0x00,
    0x00, 0x00, 0x00, 0x00, 0x00, 0x00, 0x00, 0x00, 0x00, 0x00, 0x00, 0x00, 0x00, 0x00, 0x00, 0x00,
    0x00, 0x00, 0x00, 0x00, 0x00, 0x00, 0x00, 0x00, 0x00, 0x00, 0x00, 0xff, 0xff, 0xff, 0x24, 0x00,
    0x00, 0x00, 0x00, 0x00, 0x00, 0x00, 0x00, 0x00, 0x00, 0x00, 0xff, 0xff, 0xff, 0x24, 0x00, 0x00,
    0x00, 0x00, 0x00, 0x00, 0x00, 0x00, 0x00, 0x00, 0x00, 0xff, 0xff, 0xff, 0x24, 0x00, 0x00, 0x00,
    0x00, 0x00, 0x00, 0x00, 0x00, 0x00, 0x00, 0x00, 0xff, 0xff, 0xff, 0x24, 0x00, 0x00, 0x00, 0x00,
    0x00, 0x00, 0x00, 0x00, 0x00, 0x00, 0x00, 0xff, 0xff, 0xff, 0x24, 0x00, 0x00, 0x00, 0x00, 0x00,
    0x00, 0x00, 0xff, 0xff, 0xff, 0xff, 0xff, 0xff, 0xff, 0xff, 0xff, 0xff, 0xff, 0x00, 0x00, 0x00,
    0x00, 0xff, 0xff, 0xff, 0xff, 0xff, 0xff, 0xff, 0xff, 0xff, 0xff, 0xff, 0x00, 0x00, 0x00, 0x00,
    0xd8, 0xd8, 0xd8, 0xd8, 0xff, 0xff, 0xff, 0xde, 0xd8, 0xd8, 0xd8, 0x00, 0x00, 0x00, 0x00, 0x00,
    0x00, 0x00, 0x00, 0xff, 0xff, 0xff, 0x24, 0x00, 0x00, 0x00, 0x00, 0x00, 0x00, 0x00, 0x00, 0x00,
    0x00, 0x00, 0xff, 0xff, 0xff, 0x24, 0x00, 0x00, 0x00, 0x00, 0x00, 0x00, 0x00, 0x00, 0x00, 0x00,
    0x00, 0xff, 0xff, 0xff, 0x24, 0x00, 0x00, 0x00, 0x00, 0x00, 0x00, 0x00, 0x00, 0x00, 0x00, 0x00,
    0xff, 0xff, 0xff, 0x24, 0x00, 0x00, 0x00, 0x00, 0x00, 0x00, 0x00, 0x00, 0x00, 0x00, 0x00, 0x00,
    0x00, 0x00, 0x00, 0x00, 0x00, 0x00, 0x00, 0x00, 0x00, 0x00, 0x00, 0x00, 0x00, 0x00, 0x00, 0x00,
    0x00, 0x00, 0x00, 0x00, 0x00, 0x00, 0x00, 0x00, 0x00, 0x00, 0x00, 0x00, 0x00, 0x00, 0x00, 0x00,
    0x00, 0x00, 0x00, 0x00, 0x00, 0x00, 0x00, 0x00, 0x00, 0x00, 0x00, 0x00, 0xff, 0xff, 0xff, 0x24,
    0x00, 0x00, 0x00, 0x00, 0x00, 0x00, 0x00, 0x00, 0x00, 0x00, 0x00, 0xff, 0xff, 0xff, 0x21, 0x00,
    0x00, 0x00, 0x00, 0x00, 0x00, 0x00, 0x00, 0x00, 0x00, 0x19, 0xff, 0xff, 0xf6, 0x06, 0x00, 0x00,
    0x00, 0x00, 0x00, 0x00, 0x00, 0x00, 0x00, 0x00, 0x59, 0xff, 0xff, 0xab, 0x00, 0x00, 0x00, 0x00,
    0x00, 0x00, 0x00, 0x00, 0x00, 0x00, 0x00, 0xa2, 0xff, 0xff, 0x52, 0x00, 0x00, 0x00, 0x00, 0x00,
    0x00, 0x00, 0x00, 0x00, 0x00, 0x02, 0xea, 0xff, 0xef, 0x07, 0x00, 0x00, 0x00, 0x00, 0x00, 0x00,
    0x00, 0x00, 0x00, 0x00, 0x34, 0xff, 0xff, 0x9b, 0x00, 0x00, 0x00, 0x00, 0x00, 0x00, 0x00, 0x00,
    0x00, 0x00, 0x00, 0x7c, 0xff, 0xff, 0x41, 0x00, 0x00, 0x00, 0x00, 0x00, 0x00, 0x00, 0x00, 0x00,
    0x00, 0xd8, 0xd8, 0xd8, 0xd8, 0xd8, 0xd8, 0xd8, 0xd8, 0xd8, 0x00, 0x00, 0x00, 0x00, 0x00, 0x00,
    0xff, 0xff, 0xff, 0xff, 0xff, 0xff, 0xff, 0xff, 0xff, 0x00, 0x00, 0x00, 0x00, 0x00, 0x00, 0xff,
    0xff, 0xff, 0xff, 0xff, 0xff, 0xff, 0xff, 0xff, 0x00, 0x00, 0x00, 0x00, 0x00, 0x00, 0x00, 0x00,
    0x00, 0x00, 0x00, 0x00, 0x00, 0x00, 0x00, 0x00, 0x00, 0x00, 0x00, 0x00, 0x00, 0x00, 0x00, 0x00,
    0x00, 0x00, 0x00, 0x00, 0x00, 0x00, 0x00, 0x00, 0x00, 0x00, 0x00, 0x00, 0x00, 0x00, 0x00, 0x00,
    0x00, 0x00, 0x00, 0x00, 0x00, 0x00, 0x00, 0x00, 0x00, 0x00, 0x00, 0x00, 0x00, 0x00, 0x00, 0x00,
    0x00, 0x00, 0x00, 0x00, 0x00, 0x00, 0x00, 0x00, 0x00, 0x00, 0x00, 0x00, 0x00, 0x00, 0x00, 0x00,
    0x00, 0x00, 0x00, 0x00, 0x00, 0x00, 0x00, 0x00, 0x00, 0x00, 0x00, 0x00, 0x00, 0x00, 0x00, 0x00,
    0x00, 0x00, 0x00, 0x00, 0x00, 0x00, 0x00, 0x00, 0x00, 0x00, 0x00, 0x00, 0x00, 0x00, 0x00, 0x00,
    0x00, 0x00, 0x00, 0x00, 0x00, 0x00, 0x00, 0x00, 0x00, 0xff, 0xff, 0xff, 0xff, 0x00, 0x00, 0x00,
    0x00, 0x00, 0x00, 0x00, 0x00, 0x00, 0x00, 0x00, 0xff, 0xff, 0xff, 0xff, 0x00, 0x00, 0x00, 0x00,
    0x00, 0x00, 0x00, 0x00, 0x00, 0x00, 0x00, 0xff, 0xff, 0xff, 0xff, 0x00, 0x00, 0x00, 0x00, 0x00,
    0x00, 0x00, 0x00, 0x00, 0x00, 0x00, 0xff, 0xff, 0xff, 0xff, 0x00, 0x00, 0x00, 0x00, 0x00, 0x00,
    0x00, 0x00, 0x00, 0x00, 0x00, 0x00, 0x00, 0x00, 0x00, 0x26, 0xff, 0xff, 0xfd, 0x19, 0x00, 0x00,
    0x00, 0x00, 0x00, 0x00, 0x00, 0x00, 0x00, 0x00, 0x82, 0xff, 0xff, 0xbb, 0x00, 0x00, 0x00, 0x00,
    0x00, 0x00, 0x00, 0x00, 0x00, 0x00, 0x01, 0xdd, 0xff, 0xff, 0x5f, 0x00, 0x00, 0x00, 0x00, 0x00,
    0x00, 0x00, 0x00, 0x00, 0x00, 0x3a, 0xff, 0xff, 0xf6, 0x0d, 0x00, 0x00, 0x00, 0x00, 0x00, 0x00,
    0x00, 0x00, 0x00, 0x00, 0x95, 0xff, 0xff, 0xa7, 0x00, 0x00, 0x00, 0x00, 0x00, 0x00, 0x00, 0x00,
    0x00, 0x00, 0x05, 0xec, 0xff, 0xff, 0x4c, 0x00, 0x00, 0x00, 0x00, 0x00, 0x00, 0x00, 0x00, 0x00,
    0x00, 0x4d, 0xff, 0xff, 0xeb, 0x05, 0x00, 0x00, 0x00, 0x00, 0x00, 0x00, 0x00, 0x00, 0x00, 0x00,
    0xa9, 0xff, 0xff, 0x95, 0x00, 0x00, 0x00, 0x00, 0x00, 0x00, 0x00, 0x00, 0x00, 0x00, 0x0e, 0xf7,
    0xff, 0xff, 0x39, 0x00, 0x00, 0x00, 0x00, 0x00, 0x00, 0x00, 0x00, 0x00, 0x00, 0x60, 0xff, 0xff,
    0xdb, 0x01, 0x00, 0x00, 0x00, 0x00, 0x00, 0x00, 0x00, 0x00, 0x00, 0x00, 0xbd, 0xff, 0xff, 0x81,
    0x00, 0x00, 0x00, 0x00, 0x00, 0x00, 0x00, 0x00, 0x00, 0x00, 0x1a, 0xfd, 0xff, 0xff, 0x26, 0x00,
    0x00, 0x00, 0x00, 0x00, 0x00, 0x00, 0x00, 0x00, 0x00, 0x74, 0xff, 0xff, 0xca, 0x00, 0x00, 0x00,
    0x00, 0x00, 0x00, 0x00, 0x00, 0x00, 0x00, 0x00, 0xd0, 0xff, 0xff, 0x6e, 0x00, 0x00, 0x00, 0x00,
    0x00, 0x00, 0x00, 0x00, 0x00, 0x00, 0x2c, 0xff, 0xff, 0xfc, 0x17, 0x00, 0x00, 0x00, 0x00, 0x00,
    0x00, 0x00, 0x00, 0x00, 0x00, 0x88, 0xff, 0xff, 0xb7, 0x00, 0x00, 0x00, 0x00, 0x00, 0x00, 0x00,
    0x00, 0x00, 0x00, 0x02, 0xe2, 0xff, 0xff, 0x5b, 0x00, 0x00, 0x00, 0x00, 0x00, 0x00, 0x00, 0x00,
    0x00, 0x00, 0x3f, 0xff, 0xff, 0xf4, 0x0c, 0x00, 0x00, 0x00, 0x00, 0x00, 0x00, 0x00, 0x00, 0x00,
    0x00, 0x9b, 0xff, 0xff, 0xa4, 0x00, 0x00, 0x00, 0x00, 0x00, 0x00, 0x00, 0x00, 0x00, 0x00, 0x07,
    0xf0, 0xff, 0xff, 0x49, 0x00, 0x00, 0x00, 0x00, 0x00, 0x00, 0x00, 0x00, 0x00, 0x00, 0x53, 0xff,
    0xff, 0xe9, 0x04, 0x00, 0x00, 0x00, 0x00, 0x00, 0x00, 0x00, 0x00, 0x00, 0x00, 0xae, 0xff, 0xff,
    0x92, 0x00, 0x00, 0x00, 0x00, 0x00, 0x00, 0x00, 0x00, 0x00, 0x00, 0x11, 0xf9, 0xff, 0xff, 0x35,
    0x00, 0x00, 0x00, 0x00, 0x00, 0x00, 0x00, 0x00, 0x00, 0x00, 0x66, 0xff, 0xff, 0xda, 0x00, 0x00,
    0x00, 0x00, 0x00, 0x00, 0x00, 0x00, 0x00, 0x00, 0x00, 0x00, 0x0b, 0x87, 0xd3, 0xf1, 0xfc, 0xfb,
    0xee, 0xcd, 0x7e, 0x08, 0x00, 0x00, 0x00, 0x00, 0x00, 0xae, 0xff, 0xff, 0xff, 0xff, 0xff, 0xff,
    0xff, 0xff, 0xa7, 0x00, 0x00, 0x00, 0x00, 0x28, 0xff, 0xff, 0xff, 0xfd, 0xdf, 0xe0, 0xfd, 0xff,
    0xff, 0xff, 0x24, 0x00, 0x00, 0x00, 0x75, 0xff, 0xff, 0xf2, 0x26, 0x00, 0x00, 0x27, 0xf2, 0xff,
    0xff, 0x6d, 0x00, 0x00, 0x00, 0xac, 0xff, 0xff, 0x9d, 0x00, 0x00, 0x00, 0x00, 0xa1, 0xff, 0xff,
    0xa2, 0x00, 0x00, 0x00, 0xd4, 0xff, 0xff, 0x62, 0x00, 0x00, 0x00, 0x00, 0x69, 0xff, 0xff, 0xce,
    0x00, 0x00, 0x00, 0xee, 0xff, 0xff, 0x3e, 0x00, 0x00, 0x00, 0x00, 0x3f, 0xff, 0xff, 0xec, 0x00,
    0x00, 0x00, 0xfc, 0xff, 0xff, 0x2a, 0x00, 0x00, 0x00, 0x00, 0x2b, 0xff, 0xff, 0xfb, 0x00, 0x00,
    0x00, 0xff, 0xff, 0xff, 0x24, 0x00, 0x00, 0x00, 0x00, 0x24, 0xff, 0xff, 0xff, 0x00, 0x00, 0x00,
    0xff, 0xff, 0xff, 0x24, 0x00, 0x00, 0x00, 0x00, 0x24, 0xff, 0xff, 0xff, 0x00, 0x00, 0x00, 0xff,
    0xff, 0xff, 0x2a, 0x00, 0x00, 0x00, 0x00, 0x24, 0xff, 0xff, 0xff, 0x00, 0x00, 0x00, 0xff, 0xff,
    0xff, 0x39, 0x00, 0x00, 0x00, 0x00, 0x2c, 0xff, 0xff, 0xfc, 0x00, 0x00, 0x00, 0xf2, 0xff, 0xff,
    0x56, 0x00, 0x00, 0x00, 0x00, 0x43, 0xff, 0xff, 0xea, 0x00, 0x00, 0x00, 0xd8, 0xff, 0xff, 0x7e,
    0x00, 0x00, 0x00, 0x00, 0x6b, 0xff, 0xff, 0xcd, 0x00, 0x00, 0x00, 0xab, 0xff, 0xff, 0xb3, 0x00,
    0x00, 0x00, 0x00, 0x9f, 0xff, 0xff, 0xa4, 0x00, 0x00, 0x00, 0x6d, 0xff, 0xff, 0xf7, 0x2c, 0x00,
    0x00, 0x25, 0xf0, 0xff, 0xff, 0x6f, 0x00, 0x00, 0x00, 0x1d, 0xfd, 0xff, 0xff, 0xfe, 0xe0, 0xe0,
    0xfd, 0xff, 0xff, 0xff, 0x25, 0x00, 0x00, 0x00, 0x00, 0x9a, 0xff, 0xff, 0xff, 0xff, 0xff, 0xff,
    0xff, 0xff, 0xaa, 0x00, 0x00, 0x00, 0x00, 0x00, 0x06, 0x7b, 0xce, 0xf0, 0xfc, 0xfd, 0xf2, 0xd3,
    0x83, 0x09, 0x00, 0x00, 0x00, 0x00, 0x00, 0x00, 0x00, 0x00, 0x03, 0x8c, 0xff, 0xff, 0xff, 0x24,
    0x00, 0x00, 0x00, 0x00, 0x00, 0x00, 0x00, 0x00, 0x10, 0xb7, 0xff, 0xff, 0xff, 0xff, 0x24, 0x00,
    0x00, 0x00, 0x00, 0x00, 0x00, 0x00, 0x25, 0xd9, 0xff, 0xff, 0xff, 0xff, 0xff, 0x24, 0x00, 0x00,
    0x00, 0x00, 0x00, 0x00, 0x45, 0xef, 0xff, 0xff, 0xf4, 0xff, 0xff, 0xff, 0x24, 0x00, 0x00, 0x00,
    0x00, 0x00, 0x00, 0xfc, 0xff, 0xff, 0xe2, 0x2e, 0xff, 0xff, 0xff, 0x24, 0x00, 0x00, 0x00, 0x00,
    0x00, 0x00, 0xff, 0xff, 0xc9, 0x17, 0x00, 0xff, 0xff, 0xff, 0x24, 0x00, 0x00, 0x00, 0x00, 0x00,
    0x00, 0xff, 0xa5, 0x08, 0x00, 0x00, 0xff, 0xff, 0xff, 0x24, 0x00, 0x00, 0x00, 0x00, 0x00, 0x00,
    0x7e, 0x01, 0x00, 0x00, 0x00, 0xff, 0xff, 0xff, 0x24, 0x00, 0x00, 0x00, 0x00, 0x00, 0x00, 0x00,
    0x00, 0x00, 0x00, 0x00, 0xff, 0xff, 0xff, 0x24, 0x00, 0x00, 0x00, 0x00, 0x00, 0x00, 0x00, 0x00,
    0x00, 0x00, 0x00, 0xff, 0xff, 0xff, 0x24, 0x00, 0x00, 0x00, 0x00, 0x00, 0x00, 0x00, 0x00, 0x00,
    0x00, 0x00, 0xff, 0xff, 0xff, 0x24, 0x00, 0x00, 0x00, 0x00, 0x00, 0x00, 0x00, 0x00, 0x00, 0x00,
    0x00, 0xff, 0xff, 0xff, 0x24, 0x00, 0x00, 0x00, 0x00, 0x00, 0x00, 0x00, 0x00, 0x00, 0x00, 0x00,
    0xff, 0xff, 0xff, 0x24, 0x00, 0x00, 0x00, 0x00, 0x00, 0x00, 0x00, 0x00, 0x00, 0x00, 0x00, 0xff,
    0xff, 0xff, 0x24, 0x00, 0x00, 0x00, 0x00, 0x00, 0x00, 0x00, 0x00, 0x00, 0x00, 0x00, 0xff, 0xff,
    0xff, 0x24, 0x00, 0x00, 0x00, 0x00, 0x00, 0x00, 0x00, 0x00, 0x00, 0x00, 0x00, 0xff, 0xff, 0xff,
    0x24, 0x00, 0x00, 0x00, 0x00, 0x00, 0x00, 0x00, 0x00, 0x00, 0x00, 0x00, 0xff, 0xff, 0xff, 0x24,
    0x00, 0x00, 0x00, 0x00, 0x00, 0x00, 0x00, 0x00, 0x00, 0x00, 0x00, 0xff, 0xff, 0xff, 0x24, 0x00,
    0x00, 0x00, 0x00, 0x00, 0x00, 0x00, 0x00, 0x00, 0x00, 0x00, 0xff, 0xff, 0xff, 0x24, 0x00, 0x00,
    0x00, 0x00, 0x00, 0x00, 0x0f, 0x88, 0xcf, 0xee, 0xfc, 0xff, 0xf8, 0xe4, 0xba, 0x52, 0x00, 0x00,
    0x00, 0x00, 0x01, 0xc5, 0xff, 0xff, 0xff, 0xff, 0xff, 0xff, 0xff, 0xff, 0xff, 0x53, 0x00, 0x00,
    0x00, 0x38, 0xff, 0xff, 0xff, 0xff, 0xea, 0xd9, 0xee, 0xff, 0xff, 0xff, 0xbb, 0x00, 0x00, 0x00,
    0x68, 0xff, 0xff, 0xff, 0x70, 0x00, 0x00, 0x01, 0x82, 0xff, 0xff, 0xe8, 0x00, 0x00, 0x00, 0x7c,
    0xff, 0xff, 0xff, 0x0d, 0x00, 0x00, 0x00, 0x2f, 0xff, 0xff, 0xfb, 0x00, 0x00, 0x00, 0x16, 0x2c,
    0x2c, 0x2b, 0x00, 0x00, 0x00, 0x00, 0x28, 0xff, 0xff, 0xff, 0x00, 0x00, 0x00, 0x00, 0x00, 0x00,
    0x00, 0x00, 0x00, 0x00, 0x00, 0x55, 0xff, 0xff, 0xec, 0x00, 0x00, 0x00, 0x00, 0x00, 0x00, 0x00,
    0x00, 0x00, 0x00, 0x08, 0xd4, 0xff, 0xff, 0xaf, 0x00, 0x00, 0x00, 0x00, 0x00, 0x00, 0x00, 0x00,
    0x00, 0x00, 0x9a, 0xff, 0xff, 0xff, 0x39, 0x00, 0x00, 0x00, 0x00, 0x00, 0x00, 0x00, 0x00, 0x00,
    0x66, 0xff, 0xff, 0xff, 0x91, 0x00, 0x00, 0x00, 0x00, 0x00, 0x00, 0x00, 0x00, 0x00, 0x46, 0xfb,
    0xff, 0xff, 0xcb, 0x07, 0x00, 0x00, 0x00, 0x00, 0x00, 0x00, 0x00, 0x00, 0x37, 0xf4, 0xff, 0xff,
    0xe7, 0x1c, 0x00, 0x00, 0x00, 0x00, 0x00, 0x00, 0x00, 0x00, 0x2e, 0xee, 0xff, 0xff, 0xf3, 0x33,
    0x00, 0x00, 0x00, 0x00, 0x00, 0x00, 0x00, 0x00, 0x2d, 0xeb, 0xff, 0xff, 0xf9, 0x45, 0x00, 0x00,
    0x00, 0x00, 0x00, 0x00, 0x00, 0x00, 0x2d, 0xeb, 0xff, 0xff, 0xfc, 0x52, 0x00, 0x00, 0x00, 0x00,
    0x00, 0x00, 0x00, 0x00, 0x00, 0xeb, 0xff, 0xff, 0xff, 0x5f, 0x00, 0x00, 0x00, 0x00, 0x00, 0x00,
    0x00, 0x00, 0x00, 0x00, 0xff, 0xff, 0xff, 0xf9, 0xd8, 0xd8, 0xd8, 0xd8, 0xd8, 0xd8, 0xd8, 0x00,
    0x00, 0x00, 0x00, 0xff, 0xff, 0xff, 0xff, 0xff, 0xff, 0xff, 0xff, 0xff, 0xff, 0xff, 0x00, 0x00,
    0x00, 0x00, 0xff, 0xff, 0xff, 0xff, 0xff, 0xff, 0xff, 0xff, 0xff, 0xff, 0xff, 0x00, 0x00, 0x00,
    0x00, 0xff, 0xff, 0xff, 0xff, 0xff, 0xff, 0xff, 0xff, 0xff, 0xff, 0x00, 0x00, 0x00, 0x00, 0x00,
    0xff, 0xff, 0xff, 0xff, 0xff, 0xff, 0xff, 0xff, 0xff, 0xff, 0x00, 0x00, 0x00, 0x00, 0x00, 0xd8,
    0xd8, 0xd8, 0xd8, 0xd8, 0xe5, 0xff, 0xff, 0xff, 0xe4, 0x00, 0x00, 0x00, 0x00, 0x00, 0x00, 0x00,
    0x00, 0x00, 0x09, 0xc9, 0xff, 0xff, 0xdf, 0x22, 0x00, 0x00, 0x00, 0x00, 0x00, 0x00, 0x00, 0x00,
    0x02, 0xae, 0xff, 0xff, 0xd9, 0x1d, 0x00, 0x00, 0x00, 0x00, 0x00, 0x00, 0x00, 0x00, 0x00, 0x8e,
    0xff, 0xff, 0xd2, 0x17, 0x00, 0x00, 0x00, 0x00, 0x00, 0x00, 0x00, 0x00, 0x00, 0x5f, 0xff, 0xff,
    0xcb, 0x12, 0x00, 0x00, 0x00, 0x00, 0x00, 0x00, 0x00, 0x00, 0x00, 0x00, 0x8c, 0xff, 0xff, 0xff,
    0xf6, 0xd9, 0x89, 0x08, 0x00, 0x00, 0x00, 0x00, 0x00, 0x00, 0x00, 0x8c, 0xff, 0xff, 0xff, 0xff,
    0xff, 0xff, 0x8b, 0x00, 0x00, 0x00, 0x00, 0x00, 0x00, 0x00, 0x8c, 0xfc, 0xe3, 0xdf, 0xff, 0xff,
    0xff, 0xe5, 0x00, 0x00, 0x00, 0x00, 0x00, 0x00, 0x00, 0x0e, 0x04, 0x00, 0x00, 0x6d, 0xff, 0xff,
    0xff, 0x0c, 0x00, 0x00, 0x00, 0x00, 0x00, 0x00, 0x00, 0x00, 0x00, 0x00, 0x16, 0xff, 0xff, 0xff,
    0x1d, 0x00, 0x00, 0x00, 0x00, 0x00, 0x00, 0x00, 0x00, 0x00, 0x00, 0x02, 0xff, 0xff, 0xff, 0x24,
    0x00, 0x00, 0x00, 0x00, 0x00, 0x00, 0x00, 0x00, 0x00, 0x00, 0x08, 0xff, 0xff, 0xff, 0x1e, 0x00,
    0x00, 0x00, 0x20, 0x04, 0x00, 0x00, 0x00, 0x00, 0x00, 0x29, 0xff, 0xff, 0xff, 0x10, 0x00, 0x00,
    0x00, 0x80, 0xe0, 0x75, 0x1f, 0x00, 0x00, 0x0a, 0xa2, 0xff, 0xff, 0xf0, 0x00, 0x00, 0x00, 0x00,
    0x80, 0xff, 0xff, 0xff, 0xe6, 0xdd, 0xf9, 0xff, 0xff, 0xff, 0xb5, 0x00, 0x00, 0x00, 0x00, 0x7d,
    0xff, 0xff, 0xff, 0xff, 0xff, 0xff, 0xff, 0xff, 0xfa, 0x39, 0x00, 0x00, 0x00, 0x00, 0x03, 0x48,
    0x9e, 0xd9, 0xf9, 0xfe, 0xf4, 0xdb, 0xa5, 0x32, 0x00, 0x00, 0x00, 0x00, 0x00, 0x00, 0x00, 0x00,
    0x00, 0x00, 0x03, 0xdf, 0xff, 0xff, 0xaa, 0x00, 0x00, 0x00, 0x00, 0x00, 0x00, 0x00, 0x00, 0x00,
    0x00, 0x4e, 0xff, 0xff, 0xff, 0x3c, 0x00, 0x00, 0x00, 0x00, 0x00, 0x00, 0x00, 0x00, 0x00, 0x00,
    0xba, 0xff, 0xff, 0xce, 0x00, 0x00, 0x00, 0x00, 0x00, 0x00, 0x00, 0x00, 0x00, 0x00, 0x28, 0xff,
    0xff, 0xff, 0x62, 0x00, 0x00, 0x00, 0x00, 0x00, 0x00, 0x00, 0x00, 0x00, 0x00, 0x91, 0xff, 0xff,
    0xec, 0x08, 0x00, 0x00, 0x00, 0x00, 0x00, 0x00, 0x00, 0x00, 0x00, 0x0d, 0xf1, 0xff, 0xff, 0x87,
    0x00, 0x00, 0x00, 0x00, 0x00, 0x00, 0x00, 0x00, 0x00, 0x00, 0x6a, 0xff, 0xff, 0xfc, 0x1d, 0x00,
    0x00, 0x00, 0x00, 0x00, 0x00, 0x00, 0x00, 0x00, 0x01, 0xd5, 0xff, 0xff, 0xac, 0x00, 0x00, 0x00,
    0x00, 0x00, 0x00, 0x00, 0x00, 0x00, 0x00, 0x41, 0xff, 0xff, 0xff, 0x3f, 0x00, 0x34, 0x34, 0x34,
    0x07, 0x00, 0x00, 0x00, 0x00, 0x00, 0xad, 0xff, 0xff, 0xd2, 0x00, 0x00, 0xff, 0xff, 0xff, 0x24,
    0x00, 0x00, 0x00, 0x00, 0x1d, 0xfc, 0xff, 0xff, 0x65, 0x00, 0x00, 0xff, 0xff, 0xff, 0x24, 0x00,
    0x00, 0x00, 0x00, 0x85, 0xff, 0xff, 0xef, 0x0a, 0x00, 0x00, 0xff, 0xff, 0xff, 0x24, 0x00, 0x00,
    0x00, 0x00, 0xea, 0xff, 0xff, 0x8b, 0x00, 0x00, 0x00, 0xff, 0xff, 0xff, 0x24, 0x00, 0x00, 0x00,
    0x00, 0xff, 0xff, 0xff, 0xff, 0xff, 0xff, 0xff, 0xff, 0xff, 0xff, 0xff, 0xff, 0x00, 0x00, 0x00,
    0xff, 0xff, 0xff, 0xff, 0xff, 0xff, 0xff, 0xff, 0xff, 0xff, 0xff, 0xff, 0x00, 0x00, 0x00, 0xe4,
    0xe4, 0xe4, 0xe4, 0xe4, 0xe4, 0xe4, 0xff, 0xff, 0xff, 0xeb, 0xe4, 0x00, 0x00, 0x00, 0x00, 0x00,
    0x00, 0x00, 0x00, 0x00, 0x00, 0xff, 0xff, 0xff, 0x24, 0x00, 0x00, 0x00, 0x00, 0x00, 0x00, 0x00,
    0x00, 0x00, 0x00, 0x00, 0xff, 0xff, 0xff, 0x24, 0x00, 0x00, 0x00, 0x00, 0x00, 0x00, 0x00, 0x00,
    0x00, 0x00, 0x00, 0xff, 0xff, 0xff, 0x24, 0x00, 0x00, 0x00, 0x00, 0x56, 0xff, 0xff, 0xff, 0xff,
    0xff, 0xff, 0xff, 0xff, 0x6c, 0x00, 0x00, 0x00, 0x00, 0x00, 0x69, 0xff, 0xff, 0xff, 0xff, 0xff,
    0xff, 0xff, 0xff, 0x6c, 0x00, 0x00, 0x00, 0x00, 0x00, 0x7b, 0xff, 0xff, 0xe1, 0xd8, 0xd8, 0xd8,
    0xd8, 0xd8, 0x5b, 0x00, 0x00, 0x00, 0x00, 0x00, 0x8e, 0xff, 0xff, 0x38, 0x00, 0x00, 0x00, 0x00,
    0x00, 0x00, 0x00, 0x00, 0x00, 0x00, 0x00, 0xa2, 0xff, 0xff, 0x38, 0x00, 0x00, 0x00, 0x00, 0x00,
    0x00, 0x00, 0x00, 0x00, 0x00, 0x00, 0xb4, 0xff, 0xff, 0x38, 0x00, 0x00, 0x00, 0x00, 0x00, 0x00,
    0x00, 0x00, 0x00, 0x00, 0x00, 0xc7, 0xff, 0xff, 0xd3, 0xd5, 0xc5, 0xa8, 0x77, 0x1d, 0x00, 0x00,
    0x00, 0x00, 0x00, 0x00, 0xda, 0xff, 0xff, 0xff, 0xff, 0xff, 0xff, 0xff, 0xf4, 0x3a, 0x00, 0x00,
    0x00, 0x00, 0x00, 0xee, 0xff, 0xff, 0xff, 0xff, 0xff, 0xff, 0xff, 0xff, 0xbd, 0x00, 0x00, 0x00,
    0x00, 0x00, 0x68, 0x41, 0x1c, 0x04, 0x0a, 0x31, 0xb1, 0xff, 0xff, 0xf6, 0x02, 0x00, 0x00, 0x00,
    0x00, 0x00, 0x00, 0x00, 0x00, 0x00, 0x00, 0x23, 0xff, 0xff, 0xff, 0x14, 0x00, 0x00, 0x00, 0x00,
    0x00, 0x00, 0x00, 0x00, 0x00, 0x00, 0x06, 0xff, 0xff, 0xff, 0x20, 0x00, 0x00, 0x00, 0x00, 0x00,
    0x00, 0x00, 0x00, 0x00, 0x00, 0x01, 0xff, 0xff, 0xff, 0x23, 0x00, 0x00, 0x00, 0x00, 0x00, 0x00,
    0x00, 0x00, 0x00, 0x00, 0x0b, 0xff, 0xff, 0xff, 0x1d, 0x00, 0x00, 0x00, 0x25, 0x06, 0x00, 0x00,
    0x00, 0x00, 0x00, 0x32, 0xff, 0xff, 0xff, 0x0c, 0x00, 0x00, 0x00, 0x80, 0xe2, 0x72, 0x1c, 0x00,
    0x00, 0x08, 0xab, 0xff, 0xff, 0xeb, 0x00, 0x00, 0x00, 0x00, 0x80, 0xff, 0xff, 0xff, 0xea, 0xda,
    0xf4, 0xff, 0xff, 0xff, 0xac, 0x00, 0x00, 0x00, 0x00, 0x7f, 0xff, 0xff, 0xff, 0xff, 0xff, 0xff,
    0xff, 0xff, 0xf9, 0x34, 0x00, 0x00, 0x00, 0x00, 0x08, 0x58, 0xa6, 0xd9, 0xf6, 0xff, 0xf8, 0xdf,
    0xa9, 0x35, 0x00, 0x00, 0x00, 0x00, 0x00, 0x00, 0x00, 0x00, 0x00, 0x00, 0x00, 0x8e, 0xff, 0xff,
    0xfd, 0x6f, 0x00, 0x00, 0x00, 0x00, 0x00, 0x00, 0x00, 0x00, 0x00, 0x80, 0xff, 0xff, 0xf4, 0x4c,
    0x00, 0x00, 0x00, 0x00, 0x00, 0x00, 0x00, 0x00, 0x00, 0x67, 0xff, 0xff, 0xe8, 0x33, 0x00, 0x00,
    0x00, 0x00, 0x00, 0x00, 0x00, 0x00, 0x00, 0x43, 0xfc, 0xff, 0xde, 0x22, 0x00, 0x00, 0x00, 0x00,
    0x00, 0x00, 0x00, 0x00, 0x00, 0x14, 0xe9, 0xff, 0xdf, 0x1c, 0x00, 0x00, 0x00, 0x00, 0x00, 0x00,
    0x00, 0x00, 0x00, 0x00, 0x9b, 0xff, 0xf2, 0x27, 0x00, 0x00, 0x00, 0x00, 0x00, 0x00, 0x00, 0x00,
    0x00, 0x00, 0x1c, 0xfb, 0xff, 0xae, 0xa4, 0xb8, 0xbb, 0xb1, 0x8d, 0x33, 0x00, 0x00, 0x00, 0x00,
    0x00, 0x70, 0xff, 0xff, 0xff, 0xff, 0xff, 0xff, 0xff, 0xff, 0xfc, 0x48, 0x00, 0x00, 0x00, 0x00,
    0xb1, 0xff, 0xff, 0xff, 0xff, 0xff, 0xff, 0xff, 0xff, 0xff, 0xc4, 0x00, 0x00, 0x00, 0x00, 0xda,
    0xff, 0xff, 0xc1, 0x23, 0x03, 0x14, 0x9e, 0xff, 0xff, 0xf8, 0x01, 0x00, 0x00, 0x00, 0xf2, 0xff,
    0xff, 0x4b, 0x00, 0x00, 0x00, 0x24, 0xff, 0xff, 0xff, 0x12, 0x00, 0x00, 0x00, 0xfe, 0xff, 0xff,
    0x2b, 0x00, 0x00, 0x00, 0x07, 0xff, 0xff, 0xff, 0x1f, 0x00, 0x00, 0x00, 0xff, 0xff, 0xff, 0x24,
    0x00, 0x00, 0x00, 0x00, 0xff, 0xff, 0xff, 0x24, 0x00, 0x00, 0x00, 0xf9, 0xff, 0xff, 0x2b, 0x00,
    0x00, 0x00, 0x07, 0xff, 0xff, 0xff, 0x1f, 0x00, 0x00, 0x00, 0xeb, 0xff, 0xff, 0x48, 0x00, 0x00,
    0x00, 0x22, 0xff, 0xff, 0xff, 0x11, 0x00, 0x00, 0x00, 0xcd, 0xff, 0xff, 0xb1, 0x09, 0x00, 0x01,
    0x88, 0xff, 0xff, 0xf3, 0x01, 0x00, 0x00, 0x00, 0x94, 0xff, 0xff, 0xff, 0xf4, 0xda, 0xec, 0xff,
    0xff, 0xff, 0xbc, 0x00, 0x00, 0x00, 0x00, 0x26, 0xf5, 0xff, 0xff, 0xff, 0xff, 0xff, 0xff, 0xff,
    0xfe, 0x47, 0x00, 0x00, 0x00, 0x00, 0x00, 0x2e, 0xa8, 0xdf, 0xf9, 0xff, 0xf9, 0xe4, 0xb3, 0x43,
    0x00, 0x00, 0x00, 0x00, 0x00, 0xff, 0xff, 0xff, 0xff, 0xff, 0xff, 0xff, 0xff, 0xff, 0xff, 0xff,
    0x00, 0x00, 0x00, 0x00, 0xff, 0xff, 0xff, 0xff, 0xff, 0xff, 0xff, 0xff, 0xff, 0xff, 0xff, 0x00,
    0x00, 0x00, 0x00, 0xd8, 0xd8, 0xd8, 0xd8, 0xd8, 0xd8, 0xd8, 0xeb, 0xff, 0xff, 0xff, 0x00, 0x00,
    0x00, 0x00, 0x00, 0x00, 0x00, 0x00, 0x00, 0x00, 0x00, 0xb6, 0xff, 0xff, 0xdc, 0x00, 0x00, 0x00,
    0x00, 0x00, 0x00, 0x00, 0x00, 0x00, 0x00, 0x22, 0xfe, 0xff, 0xff, 0x71, 0x00, 0x00, 0x00, 0x00,
    0x00, 0x00, 0x00, 0x00, 0x00, 0x00, 0x8c, 0xff, 0xff, 0xf5, 0x11, 0x00, 0x00, 0x00, 0x00, 0x00,
    0x00, 0x00, 0x00, 0x00, 0x08, 0xec, 0xff, 0xff, 0x9a, 0x00, 0x00, 0x00, 0x00, 0x00, 0x00, 0x00,
    0x00, 0x00, 0x00, 0x60, 0xff, 0xff, 0xff, 0x2f, 0x00, 0x00, 0x00, 0x00, 0x00, 0x00, 0x00, 0x00,
    0x00, 0x00, 0xcb, 0xff, 0xff, 0xc4, 0x00, 0x00, 0x00, 0x00, 0x00, 0x00, 0x00, 0x00, 0x00, 0x00,
    0x34, 0xff, 0xff, 0xff, 0x58, 0x00, 0x00, 0x00, 0x00, 0x00, 0x00, 0x00, 0x00, 0x00, 0x00, 0x9f,
    0xff, 0xff, 0xe8, 0x05, 0x00, 0x00, 0x00, 0x00, 0x00, 0x00, 0x00, 0x00, 0x00, 0x12, 0xf7, 0xff,
    0xff, 0x81, 0x00, 0x00, 0x00, 0x00, 0x00, 0x00, 0x00, 0x00, 0x00, 0x00, 0x74, 0xff, 0xff, 0xfb,
    0x1b, 0x00, 0x00, 0x00, 0x00, 0x00, 0x00, 0x00, 0x00, 0x00, 0x02, 0xdd, 0xff, 0xff, 0xaa, 0x00,
    0x00, 0x00, 0x00, 0x00, 0x00, 0x00, 0x00, 0x00, 0x00, 0x49, 0xff, 0xff, 0xff, 0x3f, 0x00, 0x00,
    0x00, 0x00, 0x00, 0x00, 0x00, 0x00, 0x00, 0x00, 0xb4, 0xff, 0xff, 0xd4, 0x00, 0x00, 0x00, 0x00,
    0x00, 0x00, 0x00, 0x00, 0x00, 0x00, 0x21, 0xfd, 0xff, 0xff, 0x68, 0x00, 0x00, 0x00, 0x00, 0x00,
    0x00, 0x00, 0x00, 0x00, 0x00, 0x87, 0xff, 0xff, 0xf1, 0x0c, 0x00, 0x00, 0x00, 0x00, 0x00, 0x00,
    0x00, 0x00, 0x00, 0x08, 0xeb, 0xff, 0xff, 0x91, 0x00, 0x00, 0x00, 0x00, 0x00, 0x00, 0x00, 0x00,
    0x00, 0x00, 0x05, 0x76, 0xc8, 0xea, 0xfa, 0xff, 0xfc, 0xee, 0xd0, 0x88, 0x0d, 0x00, 0x00, 0x00,
    0x00, 0x8a, 0xff, 0xff, 0xff, 0xff, 0xff, 0xff, 0xff, 0xff, 0xff, 0xb0, 0x00, 0x00, 0x00, 0x00,
    0xdf, 0xff, 0xff, 0xff, 0xea, 0xd9, 0xe3, 0xff, 0xff, 0xff, 0xfb, 0x07, 0x00, 0x00, 0x00, 0xfa,
    0xff, 0xff, 0x72, 0x00, 0x00, 0x00, 0x45, 0xff, 0xff, 0xff, 0x1e, 0x00, 0x00, 0x00, 0xfe, 0xff,
    0xff, 0x28, 0x00, 0x00, 0x00, 0x04, 0xff, 0xff, 0xff, 0x22, 0x00, 0x00, 0x00, 0xe8, 0xff, 0xff,
    0x2e, 0x00, 0x00, 0x00, 0x0d, 0xff, 0xff, 0xff, 0x0e, 0x00, 0x00, 0x00, 0xa0, 0xff, 0xff, 0x8c,
    0x00, 0x00, 0x00, 0x65, 0xff, 0xff, 0xcb, 0x00, 0x00, 0x00, 0x00, 0x11, 0xc8, 0xff, 0xff, 0xc4,
    0x69, 0xad, 0xff, 0xff, 0xeb, 0x2f, 0x00, 0x00, 0x00, 0x00, 0x00, 0x06, 0x95, 0xff, 0xff, 0xff,
    0xff, 0xff, 0xce, 0x1e, 0x00, 0x00, 0x00, 0x00, 0x00, 0x00, 0x4b, 0xe8, 0xff, 0xff, 0xff, 0xff,
    0xff, 0xfa, 0x87, 0x08, 0x00, 0x00, 0x00, 0x00, 0x5d, 0xfe, 0xff, 0xff, 0xcd, 0x45, 0x4f, 0xd8,
    0xff, 0xff, 0xcb, 0x10, 0x00, 0x00, 0x00, 0xe2, 0xff, 0xff, 0xb4, 0x04, 0x00, 0x00, 0x08, 0xbf,
    0xff, 0xff, 0x94, 0x00, 0x00, 0x00, 0xff, 0xff, 0xff, 0x41, 0x00, 0x00, 0x00, 0x00, 0x47, 0xff,
    0xff, 0xe0, 0x00, 0x00, 0x00, 0xff, 0xff, 0xff, 0x26, 0x00, 0x00, 0x00, 0x00, 0x27, 0xff, 0xff,
    0xfa, 0x00, 0x00, 0x00, 0xfe, 0xff, 0xff, 0x32, 0x00, 0x00, 0x00, 0x00, 0x31, 0xff, 0xff, 0xfe,
    0x00, 0x00, 0x00, 0xef, 0xff, 0xff, 0x8f, 0x03, 0x00, 0x00, 0x03, 0x8e, 0xff, 0xff, 0xf1, 0x00,
    0x00, 0x00, 0xc6, 0xff, 0xff, 0xff, 0xf5, 0xdb, 0xdb, 0xf5, 0xff, 0xff, 0xff, 0xcc, 0x00, 0x00,
    0x00, 0x5b, 0xff, 0xff, 0xff, 0xff, 0xff, 0xff, 0xff, 0xff, 0xff, 0xff, 0x66, 0x00, 0x00, 0x00,
    0x00, 0x53, 0xb6, 0xe3, 0xf6, 0xff, 0xff, 0xf6, 0xe3, 0xb7, 0x57, 0x00, 0x00, 0x00, 0x00, 0x00,
    0x44, 0xb3, 0xe4, 0xf9, 0xff, 0xf9, 0xe4, 0xb3, 0x4a, 0x00, 0x00, 0x00, 0x00, 0x00, 0x3e, 0xfd,
    0xff, 0xff, 0xff, 0xff, 0xff, 0xff, 0xff, 0xff, 0x4e, 0x00, 0x00, 0x00, 0x00, 0xaa, 0xff, 0xff,
    0xff, 0xf0, 0xda, 0xea, 0xff, 0xff, 0xff, 0xc2, 0x00, 0x00, 0x00, 0x00, 0xdb, 0xff, 0xff, 0x9d,
    0x04, 0x00, 0x00, 0x71, 0xff, 0xff, 0xf7, 0x01, 0x00, 0x00, 0x00, 0xf2, 0xff, 0xff, 0x3b, 0x00,
    0x00, 0x00, 0x15, 0xff, 0xff, 0xff, 0x12, 0x00, 0x00, 0x00, 0xfe, 0xff, 0xff, 0x27, 0x00, 0x00,
    0x00, 0x02, 0xff, 0xff, 0xff, 0x1f, 0x00, 0x00, 0x00, 0xff, 0xff, 0xff, 0x27, 0x00, 0x00, 0x00,
    0x04, 0xff, 0xff, 0xff, 0x23, 0x00, 0x00, 0x00, 0xf8, 0xff, 0xff, 0x3b, 0x00, 0x00, 0x00, 0x1b,
    0xff, 0xff, 0xff, 0x1c, 0x00, 0x00, 0x00, 0xe7, 0xff, 0xff, 0x99, 0x03, 0x00, 0x01, 0x82, 0xff,
    0xff, 0xff, 0x0b, 0x00, 0x00, 0x00, 0xc1, 0xff, 0xff, 0xff, 0xf2, 0xd9, 0xeb, 0xff, 0xff, 0xff,
    0xe8, 0x00, 0x00, 0x00, 0x00, 0x6a, 0xff, 0xff, 0xff, 0xff, 0xff, 0xff, 0xff, 0xff, 0xff, 0xae,
    0x00, 0x00, 0x00, 0x00, 0x02, 0x79, 0xd7, 0xf7, 0xff, 0xef, 0xa2, 0xe9, 0xff, 0xff, 0x5b, 0x00,
    0x00, 0x00, 0x00, 0x00, 0x00, 0x00, 0x00, 0x00, 0x00, 0x9a, 0xff, 0xff, 0xe2, 0x06, 0x00, 0x00,
    0x00, 0x00, 0x00, 0x00, 0x00, 0x00, 0x00, 0x4f, 0xff, 0xff, 0xff, 0x5c, 0x00, 0x00, 0x00, 0x00,
    0x00, 0x00, 0x00, 0x00, 0x00, 0x1c, 0xed, 0xff, 0xff, 0xba, 0x01, 0x00, 0x00, 0x00, 0x00, 0x00,
    0x00, 0x00, 0x00, 0x04, 0xc3, 0xff, 0xff, 0xee, 0x1c, 0x00, 0x00, 0x00, 0x00, 0x00, 0x00, 0x00,
    0x00, 0x00, 0x8d, 0xff, 0xff, 0xff, 0x52, 0x00, 0x00, 0x00, 0x00, 0x00, 0x00, 0x00, 0x00, 0x00,
    0x57, 0xff, 0xff, 0xff, 0x91, 0x00, 0x00, 0x00, 0x00, 0x00, 0x00, 0x00, 0x00, 0x00, 0x2e, 0xf5,
    0xff, 0xff, 0xc6, 0x06, 0x00, 0x00, 0x00, 0x00, 0x00, 0x00, 0x00, 0x00, 0x00, 0x00, 0x00, 0xff,
    0xff, 0xff, 0xff, 0x00, 0x00, 0x00, 0x00, 0x00, 0x00, 0x00, 0x00, 0x00, 0x00, 0x00, 0xff, 0xff,
    0xff, 0xff, 0x00, 0x00, 0x00, 0x00, 0x00, 0x00, 0x00, 0x00, 0x00, 0x00, 0x00, 0xff, 0xff, 0xff,
    0xff, 0x00, 0x00, 0x00, 0x00, 0x00, 0x00, 0x00, 0x00, 0x00, 0x00, 0x00, 0xff, 0xff, 0xff, 0xff,
    0x00, 0x00, 0x00, 0x00, 0x00, 0x00, 0x00, 0x00, 0x00, 0x00, 0x00, 0x00, 0x00, 0x00, 0x00, 0x00,
    0x00, 0x00, 0x00, 0x00, 0x00, 0x00, 0x00, 0x00, 0x00, 0x00, 0x00, 0x00, 0x00, 0x00, 0x00, 0x00,
    0x00, 0x00, 0x00, 0x00, 0x00, 0x00, 0x00, 0x00, 0x00, 0x00, 0x00, 0x00, 0x00, 0x00, 0x00, 0x00,
    0x00, 0x00, 0x00, 0x00, 0x00, 0x00, 0x00, 0x00, 0x00, 0x00, 0x00, 0x00, 0x00, 0x00, 0x00, 0x00,
    0x00, 0x00, 0x00, 0x00, 0x00, 0x00, 0x00, 0x00, 0x00, 0x00, 0x00, 0x00, 0x00, 0x00, 0x00, 0x00,
    0x00, 0x00, 0x00, 0x00, 0x00, 0x00, 0x00, 0x00, 0x00, 0x00, 0x00, 0x00, 0x00, 0x00, 0x00, 0x00,
    0x00, 0x00, 0x00, 0x00, 0x00, 0xff, 0xff, 0xff, 0xff, 0x00, 0x00, 0x00, 0x00, 0x00, 0x00, 0x00,
    0x00, 0x00, 0x00, 0x00, 0xff, 0xff, 0xff, 0xff, 0x00, 0x00, 0x00, 0x00, 0x00, 0x00, 0x00, 0x00,
    0x00, 0x00, 0x00, 0xff, 0xff, 0xff, 0xff, 0x00, 0x00, 0x00, 0x00, 0x00, 0x00, 0x00, 0x00, 0x00,
    0x00, 0x00, 0xff, 0xff, 0xff, 0xff, 0x00, 0x00, 0x00, 0x00, 0x00, 0x00, 0x00, 0x00, 0x00, 0x00,
    0x00, 0x00, 0x00, 0x00, 0x00, 0x00, 0x00, 0x00, 0x00, 0x00, 0x00, 0x00, 0x00, 0x00, 0x00, 0x00,
    0x00, 0x00, 0x00, 0x00, 0x00, 0x00, 0x00, 0x00, 0x00, 0x00, 0x00, 0x00, 0x00, 0x00, 0x00, 0xff,
    0xff, 0xff, 0xff, 0x00, 0x00, 0x00, 0x00, 0x00, 0x00, 0x00, 0x00, 0x00, 0x00, 0x00, 0xff, 0xff,
    0xff, 0xff, 0x00, 0x00, 0x00, 0x00, 0x00, 0x00, 0x00, 0x00, 0x00, 0x00, 0x00, 0xff, 0xff, 0xff,
    0xff, 0x00, 0x00, 0x00, 0x00, 0x00, 0x00, 0x00, 0x00, 0x00, 0x00, 0x00, 0xff, 0xff, 0xff, 0xff,
    0x00, 0x00, 0x00, 0x00, 0x00, 0x00, 0x00, 0x00, 0x00, 0x00, 0x00, 0x00, 0x00, 0x00, 0x00, 0x00,
    0x00, 0x00, 0x00, 0x00, 0x00, 0x00, 0x00, 0x00, 0x00, 0x00, 0x00, 0x00, 0x00, 0x00, 0x00, 0x00,
    0x00, 0x00, 0x00, 0x00, 0x00, 0x00, 0x00, 0x00, 0x00, 0x00, 0x00, 0x00, 0x00, 0x00, 0x00, 0x00,
    0x00, 0x00, 0x00, 0x00, 0x00, 0x00, 0x00, 0x00, 0x00, 0x00, 0x00, 0x00, 0x00, 0x00, 0x00, 0x00,
    0x00, 0x00, 0x00, 0x00, 0x00, 0x00, 0x00, 0x00, 0x00, 0x00, 0x00, 0x00, 0x00, 0x00, 0x00, 0x00,
    0x00, 0x00, 0x00, 0x00, 0x00, 0x00, 0x00, 0x00, 0x00, 0x00, 0x00, 0x00, 0x00, 0x00, 0x00, 0x00,
    0x00, 0x00, 0x00, 0x00, 0x00, 0x24, 0xff, 0xff, 0xff, 0x00, 0x00, 0x00, 0x00, 0x00, 0x00, 0x00,
    0x00, 0x00, 0x00, 0x00, 0x24, 0xff, 0xff, 0xfd, 0x00, 0x00, 0x00, 0x00, 0x00, 0x00, 0x00, 0x00,
    0x00, 0x00, 0x00, 0x44, 0xff, 0xff, 0xd6, 0x00, 0x00, 0x00, 0x00, 0x00, 0x00, 0x00, 0x00, 0x00,
    0x00, 0x00, 0x9c, 0xff, 0xff, 0x86, 0x00, 0x00, 0x00, 0x00, 0x00, 0x00, 0x00, 0x00, 0x00, 0x00,
    0x0a, 0xf2, 0xff, 0xff, 0x2c, 0x00, 0x00, 0x00, 0x00, 0x00, 0x00, 0x00, 0x00, 0x00, 0x00, 0x5f,
    0xff, 0xff, 0xd2, 0x00, 0x00, 0x00, 0x00, 0x00, 0x00, 0x00, 0x00, 0x00, 0x00, 0x00, 0xc0, 0xff,
    0xff, 0x77, 0x00, 0x00, 0x00, 0x00, 0x00, 0x00, 0x00, 0x00, 0x00, 0x00, 0x21, 0xff, 0xff, 0xff,
    0x1e, 0x00, 0x00, 0x00, 0x00, 0x00, 0x00, 0x00, 0x00, 0x00, 0x00, 0x00, 0x00, 0x00, 0x00, 0x00,
    0x00, 0x00, 0x00, 0x0a, 0x00, 0x00, 0x00, 0x00, 0x00, 0x00, 0x00, 0x00, 0x00, 0x00, 0x00, 0x00,
    0x06, 0x6a, 0xe7, 0x00, 0x00, 0x00, 0x00, 0x00, 0x00, 0x00, 0x00, 0x00, 0x00, 0x03, 0x5e, 0xde,
    0xff, 0xff, 0x00, 0x00, 0x00, 0x00, 0x00, 0x00, 0x00, 0x00, 0x01, 0x50, 0xd5, 0xff, 0xff, 0xff,
    0xfd, 0x00, 0x00, 0x00, 0x00, 0x00, 0x00, 0x00, 0x43, 0xc9, 0xff, 0xff, 0xff, 0xfe, 0xa7, 0x27,
    0x00, 0x00, 0x00, 0x00, 0x00, 0x38, 0xbe, 0xff, 0xff, 0xff, 0xfe, 0xa9, 0x2a, 0x00, 0x00, 0x00,
    0x00, 0x00, 0x00, 0x00, 0xff, 0xff, 0xff, 0xff, 0xaf, 0x2d, 0x00, 0x00, 0x00, 0x00, 0x00, 0x00,
    0x00, 0x00, 0x00, 0xff, 0xff, 0xfe, 0x62, 0x00, 0x00, 0x00, 0x00, 0x00, 0x00, 0x00, 0x00, 0x00,
    0x00, 0x00, 0xfe, 0xff, 0xff, 0xff, 0xb0, 0x33, 0x00, 0x00, 0x00, 0x00, 0x00, 0x00, 0x00, 0x00,
    0x00, 0x30, 0xb3, 0xff, 0xff, 0xff, 0xff, 0xb4, 0x36, 0x00, 0x00, 0x00, 0x00, 0x00, 0x00, 0x00,
    0x00, 0x00, 0x38, 0xbd, 0xff, 0xff, 0xff, 0xff, 0xb7, 0x38, 0x00, 0x00, 0x00, 0x00, 0x00, 0x00,
    0x00, 0x00, 0x00, 0x42, 0xc6, 0xff, 0xff, 0xff, 0xff, 0x00, 0x00, 0x00, 0x00, 0x00, 0x00, 0x00,
    0x00, 0x00, 0x00, 0x00, 0x4b, 0xcf, 0xff, 0xff, 0x00, 0x00, 0x00, 0x00, 0x00, 0x00, 0x00, 0x00,
    0x00, 0x00, 0x00, 0x00, 0x01, 0x55, 0xd7, 0x00, 0x00, 0x00, 0x00, 0x00, 0x00, 0x00, 0x00, 0x00,
    0x00, 0x00, 0x00, 0x00, 0x00, 0x03, 0x00, 0x00, 0x00, 0x00, 0x00, 0x00, 0x00, 0x00, 0x00, 0x00,
    0x00, 0x00, 0x00, 0x00, 0x00, 0x00, 0x00, 0x00, 0x00, 0x00, 0xd8, 0xd8, 0xd8, 0xd8, 0xd8, 0xd8,
    0xd8, 0xd8, 0xd8, 0xd8, 0xd8, 0x00, 0x00, 0x00, 0x00, 0xff, 0xff, 0xff, 0xff, 0xff, 0xff, 0xff,
    0xff, 0xff, 0xff, 0xff, 0x00, 0x00, 0x00, 0x00, 0xff, 0xff, 0xff, 0xff, 0xff, 0xff, 0xff, 0xff,
    0xff, 0xff, 0xff, 0x00, 0x00, 0x00, 0x00, 0x00, 0x00, 0x00, 0x00, 0x00, 0x00, 0x00, 0x00, 0x00,
    0x00, 0x00, 0x00, 0x00, 0x00, 0x00, 0x00, 0x00, 0x00, 0x00, 0x00, 0x00, 0x00, 0x00, 0x00, 0x00,
    0x00, 0x00, 0x00, 0x00, 0x00, 0x00, 0x00, 0x00, 0x00, 0x00, 0x00, 0x00, 0x00, 0x00, 0x00, 0x00,
    0x00, 0x00, 0x00, 0x00, 0x00, 0x00, 0x00, 0x00, 0x00, 0x00, 0x00, 0x00, 0x00, 0x00, 0x00, 0x00,
    0x00, 0x00, 0x00, 0xd8, 0xd8, 0xd8, 0xd8, 0xd8, 0xd8, 0xd8, 0xd8, 0xd8, 0xd8, 0xd8, 0x00, 0x00,
    0x00, 0x00, 0xff, 0xff, 0xff, 0xff, 0xff, 0xff, 0xff, 0xff, 0xff, 0xff, 0xff, 0x00, 0x00, 0x00,
    0x00, 0xff, 0xff, 0xff, 0xff, 0xff, 0xff, 0xff, 0xff, 0xff, 0xff, 0xff, 0x00, 0x00, 0x00, 0x00,
    0x00, 0x00, 0x00, 0x00, 0x00, 0x00, 0x00, 0x00, 0x00, 0x00, 0x00, 0x00, 0x00, 0x00, 0x00, 0x00,
    0x00, 0x00, 0x00, 0x00, 0x00, 0x00, 0x00, 0x00, 0x00, 0x00, 0x00, 0x00, 0x00, 0x00, 0x00, 0x00,
    0x00, 0x00, 0x00, 0x00, 0x00, 0x00, 0x00, 0x00, 0x00, 0x00, 0x00, 0x00, 0x00, 0x00, 0x00, 0x00,
    0x00, 0x00, 0x00, 0x00, 0x00, 0x00, 0x00, 0x00, 0x00, 0x00, 0x00, 0x00, 0x0a, 0x00, 0x00, 0x00,
    0x00, 0x00, 0x00, 0x00, 0x00, 0x00, 0x00, 0x00, 0x00, 0x00, 0x00, 0xe7, 0x6a, 0x06, 0x00, 0x00,
    0x00, 0x00, 0x00, 0x00, 0x00, 0x00, 0x00, 0x00, 0x00, 0x00, 0xff, 0xff, 0xde, 0x5e, 0x03, 0x00,
    0x00, 0x00, 0x00, 0x00, 0x00, 0x00, 0x00, 0x00, 0x00, 0xfd, 0xff, 0xff, 0xff, 0xd5, 0x50, 0x01,
    0x00, 0x00, 0x00, 0x00, 0x00, 0x00, 0x00, 0x00, 0x27, 0xa7, 0xfe, 0xff, 0xff, 0xff, 0xc9, 0x43,
    0x00, 0x00, 0x00, 0x00, 0x00, 0x00, 0x00, 0x00, 0x00, 0x2a, 0xa9, 0xfe, 0xff, 0xff, 0xff, 0xbe,
    0x38, 0x00, 0x00, 0x00, 0x00, 0x00, 0x00, 0x00, 0x00, 0x00, 0x2d, 0xaf, 0xff, 0xff, 0xff, 0xff,
    0x00, 0x00, 0x00, 0x00, 0x00, 0x00, 0x00, 0x00, 0x00, 0x00, 0x00, 0x62, 0xfe, 0xff, 0xff, 0x00,
    0x00, 0x00, 0x00, 0x00, 0x00, 0x00, 0x00, 0x00, 0x33, 0xb0, 0xff, 0xff, 0xff, 0xff, 0x00, 0x00,
    0x00, 0x00, 0x00, 0x00, 0x00, 0x36, 0xb4, 0xff, 0xff, 0xff, 0xff, 0xb3, 0x30, 0x00, 0x00, 0x00,
    0x00, 0x00, 0x38, 0xb7, 0xff, 0xff, 0xff, 0xff, 0xbd, 0x38, 0x00, 0x00, 0x00, 0x00, 0x00, 0x00,
    0x00, 0xff, 0xff, 0xff, 0xff, 0xc6, 0x42, 0x00, 0x00, 0x00, 0x00, 0x00, 0x00, 0x00, 0x00, 0x00,
    0xff, 0xff, 0xcf, 0x4b, 0x00, 0x00, 0x00, 0x00, 0x00, 0x00, 0x00, 0x00, 0x00, 0x00, 0x00, 0xd7,
    0x55, 0x01, 0x00, 0x00, 0x00, 0x00, 0x00, 0x00, 0x00, 0x00, 0x00, 0x00, 0x00, 0x00, 0x03, 0x00,
    0x00, 0x00, 0x00, 0x00, 0x00, 0x00, 0x00, 0x00, 0x00, 0x00, 0x00, 0x00, 0x00, 0x00, 0x00, 0x00,
    0x00, 0x00, 0x00, 0x00, 0x00, 0x00, 0x00, 0x00, 0x00, 0x00, 0x00, 0x00, 0x00, 0x34, 0xa6, 0xdb,
    0xf6, 0xff, 0xf9, 0xe3, 0xad, 0x3e, 0x00, 0x00, 0x00, 0x00, 0x00, 0x3a, 0xfa, 0xff, 0xff, 0xff,
    0xff, 0xff, 0xff, 0xff, 0xfe, 0x4c, 0x00, 0x00, 0x00, 0x00, 0xaf, 0xff, 0xff, 0xff, 0xf3, 0xdb,
    0xec, 0xff, 0xff, 0xff, 0xc8, 0x00, 0x00, 0x00, 0x00, 0xe4, 0xff, 0xff, 0x91, 0x04, 0x00, 0x01,
    0x7f, 0xff, 0xff, 0xfd, 0x06, 0x00, 0x00, 0x00, 0xfb, 0xff, 0xff, 0x31, 0x00, 0x00, 0x00, 0x15,
    0xff, 0xff, 0xff, 0x1c, 0x00, 0x00, 0x00, 0x34, 0x34, 0x34, 0x07, 0x00, 0x00, 0x00, 0x02, 0xff,
    0xff, 0xff, 0x23, 0x00, 0x00, 0x00, 0x00, 0x00, 0x00, 0x00, 0x00, 0x00, 0x00, 0x2e, 0xff, 0xff,
    0xff, 0x15, 0x00, 0x00, 0x00, 0x00, 0x00, 0x00, 0x00, 0x00, 0x00, 0x44, 0xdd, 0xff, 0xff, 0xe7,
    0x00, 0x00, 0x00, 0x00, 0x00, 0x00, 0x00, 0x00, 0x17, 0xbc, 0xff, 0xff, 0xff, 0xff, 0x7e, 0x00,
    0x00, 0x00, 0x00, 0x00, 0x00, 0x00, 0x00, 0xb5, 0xff, 0xff, 0xff, 0xff, 0x9d, 0x04, 0x00, 0x00,
    0x00, 0x00, 0x00, 0x00, 0x00, 0x0d, 0xfe, 0xff, 0xff, 0xc4, 0x3d, 0x00, 0x00, 0x00, 0x00, 0x00,
    0x00, 0x00, 0x00, 0x00, 0x23, 0xff, 0xff, 0xff, 0x0a, 0x00, 0x00, 0x00, 0x00, 0x00, 0x00, 0x00,
    0x00, 0x00, 0x00, 0x24, 0xff, 0xff, 0xff, 0x00, 0x00, 0x00, 0x00, 0x00, 0x00, 0x00, 0x00, 0x00,
    0x00, 0x00, 0x08, 0x3c, 0x3c, 0x3c, 0x00, 0x00, 0x00, 0x00, 0x00, 0x00, 0x00, 0x00, 0x00, 0x00,
    0x00, 0x00, 0x00, 0x00, 0x00, 0x00, 0x00, 0x00, 0x00, 0x00, 0x00, 0x00, 0x00, 0x00, 0x00, 0x00,
    0xff, 0xff, 0xff, 0xff, 0x00, 0x00, 0x00, 0x00, 0x00, 0x00, 0x00, 0x00, 0x00, 0x00, 0x00, 0xff,
    0xff, 0xff, 0xff, 0x00, 0x00, 0x00, 0x00, 0x00, 0x00, 0x00, 0x00, 0x00, 0x00, 0x00, 0xff, 0xff,
    0xff, 0xff, 0x00, 0x00, 0x00, 0x00, 0x00, 0x00, 0x00, 0x00, 0x00, 0x00, 0x00, 0xff, 0xff, 0xff,
    0xff, 0x00, 0x00, 0x00, 0x00, 0x00, 0x00, 0x00, 0x18, 0xa7, 0xe4, 0xf9, 0xff, 0xff, 0xff, 0xff,
    0xff, 0xff, 0xf1, 0xbe, 0x24, 0x00, 0x00, 0xa5, 0xff, 0xff, 0xff, 0xff, 0xff, 0xff, 0xff, 0xff,
    0xff, 0xff, 0xff, 0xad, 0x00, 0x00, 0xe1, 0xff, 0xff, 0xfa, 0xda, 0xd8, 0xd8, 0xd8, 0xd8, 0xef,
    0xff, 0xff, 0xe1, 0x00, 0x00, 0xf5, 0xff, 0xff, 0x4e, 0x00, 0x00, 0x00, 0x00, 0x00, 0x3c, 0xff,
    0xff, 0xf5, 0x00, 0x00, 0xfe, 0xff, 0xff, 0x28, 0x00, 0x00, 0x00, 0x00, 0x00, 0x27, 0xff, 0xff,
    0xfe, 0x00, 0x00, 0xff, 0xff, 0xff, 0x24, 0x00, 0x00, 0x00, 0x00, 0x00, 0x24, 0xff, 0xff, 0xff,
    0x00, 0x00, 0xff, 0xff, 0xff, 0x24, 0x2a, 0xc6, 0xf5, 0xfe, 0xd9, 0x50, 0xff, 0xff, 0xff, 0x00,
    0x00, 0xff, 0xff, 0xff, 0x24, 0xb1, 0xff, 0xff, 0xff, 0xff, 0xf8, 0xff, 0xff, 0xff, 0x00, 0x00,
    0xff, 0xff, 0xff, 0x24, 0xe3, 0xff, 0xff, 0xf4, 0xdb, 0xf9, 0xff, 0xff, 0xff, 0x00, 0x00, 0xff,
    0xff, 0xff, 0x24, 0xf6, 0xff, 0xff, 0x37, 0x00, 0x4e, 0xff, 0xff, 0xff, 0x00, 0x00, 0xff, 0xff,
    0xff, 0x24, 0xfe, 0xff, 0xff, 0x24, 0x00, 0x29, 0xff, 0xff, 0xff, 0x00, 0x00, 0xff, 0xff, 0xff,
    0x24, 0xff, 0xff, 0xff, 0x24, 0x00, 0x24, 0xff, 0xff, 0xff, 0x00, 0x00, 0xff, 0xff, 0xff, 0x24,
    0xfc, 0xff, 0xff, 0x2a, 0x00, 0x2b, 0xff, 0xff, 0xff, 0x00, 0x00, 0xff, 0xff, 0xff, 0x24, 0xf2,
    0xff, 0xff, 0x5f, 0x03, 0x67, 0xff, 0xff, 0xff, 0x00, 0x00, 0xff, 0xff, 0xff, 0x24, 0xd8, 0xff,
    0xff, 0xff, 0xff, 0xff, 0xff, 0xff, 0xff, 0x00, 0x00, 0xff, 0xff, 0xff, 0x24, 0x95, 0xff, 0xff,
    0xff, 0xff, 0xf9, 0xf6, 0xff, 0xff, 0x00, 0x00, 0xff, 0xff, 0xff, 0x24, 0x0f, 0x8d, 0xc3, 0xd5,
    0xd4, 0x61, 0x74, 0xd8, 0xd8, 0x00, 0x00, 0xff, 0xff, 0xff, 0x27, 0x00, 0x00, 0x00, 0x00, 0x00,
    0x00, 0x00, 0x00, 0x00, 0x00, 0x00, 0xf8, 0xff, 0xff, 0x5c, 0x01, 0x00, 0x00, 0x00, 0x00, 0x00,
    0x00, 0x00, 0x00, 0x00, 0x00, 0xe2, 0xff, 0xff, 0xff, 0xff, 0xff, 0xff, 0xff, 0x84, 0x00, 0x00,
    0x00, 0x00, 0x00, 0x00, 0xa5, 0xff, 0xff, 0xff, 0xff, 0xff, 0xff, 0xff, 0x84, 0x00, 0x00, 0x00,
    0x00, 0x00, 0x00, 0x14, 0x92, 0xc3, 0xd4, 0xd8, 0xd8, 0xd8, 0xd8, 0x6f, 0x00, 0x00, 0x00, 0x00,
    0x00, 0x00, 0x00, 0x00, 0x00, 0x4c, 0xff, 0xff, 0xff, 0xff, 0xef, 0x02, 0x00, 0x00, 0x00, 0x00,
    0x00, 0x00, 0x00, 0x00, 0x85, 0xff, 0xff, 0xff, 0xff, 0xff, 0x29, 0x00, 0x00, 0x00, 0x00, 0x00,
    0x00, 0x00, 0x00, 0xbe, 0xff, 0xff, 0xea, 0xff, 0xff, 0x63, 0x00, 0x00, 0x00, 0x00, 0x00, 0x00,
    0x00, 0x03, 0xf3, 0xff, 0xf1, 0x43, 0xff, 0xff, 0x9c, 0x00, 0x00, 0x00, 0x00, 0x00, 0x00, 0x00,
    0x2f, 0xff, 0xff, 0xc0, 0x10, 0xff, 0xff, 0xd6, 0x00, 0x00, 0x00, 0x00, 0x00, 0x00, 0x00, 0x68,
    0xff, 0xff, 0x8e, 0x00, 0xdc, 0xff, 0xfe, 0x11, 0x00, 0x00, 0x00, 0x00, 0x00, 0x00, 0xa0, 0xff,
    0xff, 0x5a, 0x00, 0xaa, 0xff, 0xff, 0x49, 0x00, 0x00, 0x00, 0x00, 0x00, 0x00, 0xd9, 0xff, 0xff,
    0x28, 0x00, 0x76, 0xff, 0xff, 0x82, 0x00, 0x00, 0x00, 0x00, 0x00, 0x13, 0xff, 0xff, 0xf4, 0x02,
    0x00, 0x43, 0xff, 0xff, 0xbb, 0x00, 0x00, 0x00, 0x00, 0x00, 0x4a, 0xff, 0xff, 0xc2, 0x00, 0x00,
    0x11, 0xff, 0xff, 0xf2, 0x02, 0x00, 0x00, 0x00, 0x00, 0x82, 0xff, 0xff, 0x90, 0x00, 0x00, 0x00,
    0xdd, 0xff, 0xff, 0x2e, 0x00, 0x00, 0x00, 0x00, 0xbc, 0xff, 0xff, 0x5e, 0x00, 0x00, 0x00, 0xaa,
    0xff, 0xff, 0x66, 0x00, 0x00, 0x00, 0x02, 0xf2, 0xff, 0xff, 0xff, 0xff, 0xff, 0xff, 0xff, 0xff,
    0xff, 0xa0, 0x00, 0x00, 0x00, 0x2d, 0xff, 0xff, 0xff, 0xff, 0xff, 0xff, 0xff, 0xff, 0xff, 0xff,
    0xd9, 0x00, 0x00, 0x00, 0x66, 0xff, 0xff, 0xee, 0xd8, 0xd8, 0xd8, 0xd8, 0xd8, 0xfc, 0xff, 0xff,
    0x13, 0x00, 0x00, 0x9e, 0xff, 0xff, 0x6e, 0x00, 0x00, 0x00, 0x00, 0x00, 0xc9, 0xff, 0xff, 0x4c,
    0x00, 0x00, 0xd7, 0xff, 0xff, 0x37, 0x00, 0x00, 0x00, 0x00, 0x00, 0x91, 0xff, 0xff, 0x85, 0x00,
    0x11, 0xfe, 0xff, 0xfb, 0x08, 0x00, 0x00, 0x00, 0x00, 0x00, 0x5a, 0xff, 0xff, 0xbe, 0x00, 0x49,
    0xff, 0xff, 0xcf, 0x00, 0x00, 0x00, 0x00, 0x00, 0x00, 0x24, 0xff, 0xff, 0xf3, 0x03, 0x00, 0x00,
    0xf8, 0xff, 0xff, 0xff, 0xff, 0xf9, 0xea, 0xd0, 0x9c, 0x37, 0x00, 0x00, 0x00, 0x00, 0x00, 0xff,
    0xff, 0xff, 0xff, 0xff, 0xff, 0xff, 0xff, 0xff, 0xfd, 0x4b, 0x00, 0x00, 0x00, 0x00, 0xff, 0xff,
    0xff, 0xde, 0xd8, 0xe9, 0xff, 0xff, 0xff, 0xff, 0xbe, 0x00, 0x00, 0x00, 0x00, 0xff, 0xff, 0xff,
    0x24, 0x00, 0x00, 0x16, 0xa2, 0xff, 0xff, 0xec, 0x00, 0x00, 0x00, 0x00, 0xff, 0xff, 0xff, 0x24,
    0x00, 0x00, 0x00, 0x2e, 0xff, 0xff, 0xfe, 0x00, 0x00, 0x00, 0x00, 0xff, 0xff, 0xff, 0x24, 0x00,
    0x00, 0x00, 0x2b, 0xff, 0xff, 0xfa, 0x00, 0x00, 0x00, 0x00, 0xff, 0xff, 0xff, 0x24, 0x00, 0x00,
    0x00, 0x74, 0xff, 0xff, 0xd5, 0x00, 0x00, 0x00, 0x00, 0xff, 0xff, 0xff, 0xde, 0xd8, 0xd9, 0xec,
    0xff, 0xff, 0xea, 0x48, 0x00, 0x00, 0x00, 0x00, 0xff, 0xff, 0xff, 0xff, 0xff, 0xff, 0xff, 0xff,
    0xa2, 0x0f, 0x00, 0x00, 0x00, 0x00, 0x00, 0xff, 0xff, 0xff, 0xff, 0xff, 0xff, 0xff, 0xff, 0xff,
    0xe4, 0x30, 0x00, 0x00, 0x00, 0x00, 0xff, 0xff, 0xff, 0x24, 0x00, 0x03, 0x20, 0xae, 0xff, 0xff,
    0xc5, 0x00, 0x00, 0x00, 0x00, 0xff, 0xff, 0xff, 0x24, 0x00, 0x00, 0x00, 0x2c, 0xff, 0xff, 0xfd,
    0x06, 0x00, 0x00, 0x00, 0xff, 0xff, 0xff, 0x24, 0x00, 0x00, 0x00, 0x0a, 0xff, 0xff, 0xff, 0x1d,
    0x00, 0x00, 0x00, 0xff, 0xff, 0xff, 0x24, 0x00, 0x00, 0x00, 0x02, 0xff, 0xff, 0xff, 0x23, 0x00,
    0x00, 0x00, 0xff, 0xff, 0xff, 0x24, 0x00, 0x00, 0x00, 0x11, 0xff, 0xff, 0xff, 0x1b, 0x00, 0x00,
    0x00, 0xff, 0xff, 0xff, 0x24, 0x00, 0x00, 0x02, 0x78, 0xff, 0xff, 0xfd, 0x06, 0x00, 0x00, 0x00,
    0xff, 0xff, 0xff, 0xe7, 0xd8, 0xdb, 0xf2, 0xff, 0xff, 0xff, 0xcb, 0x00, 0x00, 0x00, 0x00, 0xff,
    0xff, 0xff, 0xff, 0xff, 0xff, 0xff, 0xff, 0xff, 0xfc, 0x49, 0x00, 0x00, 0x00, 0x00, 0xda, 0xfa,
    0xff, 0xff, 0xff, 0xfa, 0xec, 0xd0, 0x99, 0x30, 0x00, 0x00, 0x00, 0x00, 0x00, 0x00, 0x01, 0x60,
    0xbb, 0xe9, 0xfc, 0xfe, 0xf2, 0xd5, 0x8c, 0x10, 0x00, 0x00, 0x00, 0x00, 0x00, 0x92, 0xff, 0xff,
    0xff, 0xff, 0xff, 0xff, 0xff, 0xff, 0xba, 0x00, 0x00, 0x00, 0x00, 0x2b, 0xff, 0xff, 0xff, 0xfd,
    0xdf, 0xe6, 0xff, 0xff, 0xff, 0xff, 0x2c, 0x00, 0x00, 0x00, 0x7f, 0xff, 0xff, 0xe6, 0x22, 0x00,
    0x00, 0x66, 0xff, 0xff, 0xff, 0x63, 0x00, 0x00, 0x00, 0xb3, 0xff, 0xff, 0x80, 0x00, 0x00, 0x00,
    0x06, 0xf7, 0xff, 0xff, 0x79, 0x00, 0x00, 0x00, 0xd4, 0xff, 0xff, 0x4e, 0x00, 0x00, 0x00, 0x00,
    0x2e, 0x34, 0x34, 0x1a, 0x00, 0x00, 0x00, 0xea, 0xff, 0xff, 0x36, 0x00, 0x00, 0x00, 0x00, 0x00,
    0x00, 0x00, 0x00, 0x00, 0x00, 0x00, 0xf7, 0xff, 0xff, 0x2c, 0x00, 0x00, 0x00, 0x00, 0x00, 0x00,
    0x00, 0x00, 0x00, 0x00, 0x00, 0xfe, 0xff, 0xff, 0x25, 0x00, 0x00, 0x00, 0x00, 0x00, 0x00, 0x00,
    0x00, 0x00, 0x00, 0x00, 0xff, 0xff, 0xff, 0x24, 0x00, 0x00, 0x00, 0x00, 0x00, 0x00, 0x00, 0x00,
    0x00, 0x00, 0x00, 0xfe, 0xff, 0xff, 0x24, 0x00, 0x00, 0x00, 0x00, 0x00, 0x00, 0x00, 0x00, 0x00,
    0x00, 0x00, 0xf8, 0xff, 0xff, 0x24, 0x00, 0x00, 0x00, 0x00, 0x00, 0x00, 0x00, 0x00, 0x00, 0x00,
    0x00, 0xea, 0xff, 0xff, 0x24, 0x00, 0x00, 0x00, 0x00, 0x00, 0x00, 0x00, 0x00, 0x00, 0x00, 0x00,
    0xd8, 0xff, 0xff, 0x2b, 0x00, 0x00, 0x00, 0x00, 0x0e, 0x14, 0x14, 0x0a, 0x00, 0x00, 0x00, 0xb9,
    0xff, 0xff, 0x52, 0x00, 0x00, 0x00, 0x00, 0xcb, 0xff, 0xff, 0x7c, 0x00, 0x00, 0x00, 0x89, 0xff,
    0xff, 0xcb, 0x13, 0x00, 0x00, 0x38, 0xfe, 0xff, 0xff, 0x66, 0x00, 0x00, 0x00, 0x36, 0xff, 0xff,
    0xff, 0xfa, 0xdc, 0xe3, 0xff, 0xff, 0xff, 0xff, 0x30, 0x00, 0x00, 0x00, 0x00, 0xa4, 0xff, 0xff,
    0xff, 0xff, 0xff, 0xff, 0xff, 0xff, 0xbb, 0x00, 0x00, 0x00, 0x00, 0x00, 0x03, 0x6a, 0xc3, 0xeb,
    0xfc, 0xfe, 0xf1, 0xd2, 0x89, 0x0d, 0x00, 0x00, 0x00, 0x00, 0xeb, 0xff, 0xff, 0xff, 0xff, 0xfa,
    0xe6, 0xbc, 0x71, 0x0d, 0x00, 0x00, 0x00, 0x00, 0x00, 0xff, 0xff, 0xff, 0xff, 0xff, 0xff, 0xff,
    0xff, 0xff, 0xe0, 0x24, 0x00, 0x00, 0x00, 0x00, 0xff, 0xff, 0xff, 0xe0, 0xed, 0xff, 0xff, 0xff,
    0xff, 0xff, 0xd0, 0x02, 0x00, 0x00, 0x00, 0xff, 0xff, 0xff, 0x24, 0x00, 0x0a, 0x45, 0xc8, 0xff,
    0xff, 0xff, 0x48, 0x00, 0x00, 0x00, 0xff, 0xff, 0xff, 0x24, 0x00, 0x00, 0x00, 0x0c, 0xe2, 0xff,
    0xff, 0x93, 0x00, 0x00, 0x00, 0xff, 0xff, 0xff, 0x24, 0x00, 0x00, 0x00, 0x00, 0x85, 0xff, 0xff,
    0xc2, 0x00, 0x00, 0x00, 0xff, 0xff, 0xff, 0x24, 0x00, 0x00, 0x00, 0x00, 0x51, 0xff, 0xff, 0xe0,
    0x00, 0x00, 0x00, 0xff, 0xff, 0xff, 0x24, 0x00, 0x00, 0x00, 0x00, 0x36, 0xff, 0xff, 0xf2, 0x00,
    0x00, 0x00, 0xff, 0xff, 0xff, 0x24, 0x00, 0x00, 0x00, 0x00, 0x2a, 0xff, 0xff, 0xfb, 0x00, 0x00,
    0x00, 0xff, 0xff, 0xff, 0x24, 0x00, 0x00, 0x00, 0x00, 0x24, 0xff, 0xff, 0xff, 0x00, 0x00, 0x00,
    0xff, 0xff, 0xff, 0x24, 0x00, 0x00, 0x00, 0x00, 0x28, 0xff, 0xff, 0xfb, 0x00, 0x00, 0x00, 0xff,
    0xff, 0xff, 0x24, 0x00, 0x00, 0x00, 0x00, 0x32, 0xff, 0xff, 0xf2, 0x00, 0x00, 0x00, 0xff, 0xff,
    0xff, 0x24, 0x00, 0x00, 0x00, 0x00, 0x4a, 0xff, 0xff, 0xde, 0x00, 0x00, 0x00, 0xff, 0xff, 0xff,
    0x24, 0x00, 0x00, 0x00, 0x00, 0x77, 0xff, 0xff, 0xbf, 0x00, 0x00, 0x00, 0xff, 0xff, 0xff, 0x24,
    0x00, 0x00, 0x00, 0x03, 0xd2, 0xff, 0xff, 0x8f, 0x00, 0x00, 0x00, 0xff, 0xff, 0xff, 0x24, 0x00,
    0x01, 0x29, 0xa9, 0xff, 0xff, 0xff, 0x46, 0x00, 0x00, 0x00, 0xff, 0xff, 0xff, 0xeb, 0xe8, 0xf5,
    0xff, 0xff, 0xff, 0xff, 0xcd, 0x02, 0x00, 0x00, 0x00, 0xff, 0xff, 0xff, 0xff, 0xff, 0xff, 0xff,
    0xff, 0xff, 0xdd, 0x23, 0x00, 0x00, 0x00, 0x00, 0xc8, 0xe7, 0xfc, 0xff, 0xfd, 0xf2, 0xda, 0xb0,
    0x66, 0x0a, 0x00, 0x00, 0x00, 0x00, 0x00, 0x00, 0xff, 0xff, 0xff, 0xff, 0xff, 0xff, 0xff, 0xff,
    0xff, 0xff, 0x00, 0x00, 0x00, 0x00, 0x00, 0xff, 0xff, 0xff, 0xff, 0xff, 0xff, 0xff, 0xff, 0xff,
    0xff, 0x00, 0x00, 0x00, 0x00, 0x00, 0xff, 0xff, 0xff, 0xde, 0xd8, 0xd8, 0xd8, 0xd8, 0xd8, 0xd8,
    0x00, 0x00, 0x00, 0x00, 0x00, 0xff, 0xff, 0xff, 0x24, 0x00, 0x00, 0x00, 0x00, 0x00, 0x00, 0x00,
    0x00, 0x00, 0x00, 0x00, 0xff, 0xff, 0xff, 0x24, 0x00, 0x00, 0x00, 0x00, 0x00, 0x00, 0x00, 0x00,
    0x00, 0x00, 0x00, 0xff, 0xff, 0xff, 0x24, 0x00, 0x00, 0x00, 0x00, 0x00, 0x00, 0x00, 0x00, 0x00,
    0x00, 0x00, 0xff, 0xff, 0xff, 0x24, 0x00, 0x00, 0x00, 0x00, 0x00, 0x00, 0x00, 0x00, 0x00, 0x00,
    0x00, 0xff, 0xff, 0xff, 0x24, 0x00, 0x00, 0x00, 0x00, 0x00, 0x00, 0x00, 0x00, 0x00, 0x00, 0x00,
    0xff, 0xff, 0xff, 0xff, 0xff, 0xff, 0xff, 0xff, 0xff, 0x00, 0x00, 0x00, 0x00, 0x00, 0x00, 0xff,
    0xff, 0xff, 0xff, 0xff, 0xff, 0xff, 0xff, 0xff, 0x00, 0x00, 0x00, 0x00, 0x00, 0x00, 0xff, 0xff,
    0xff, 0xde, 0xd8, 0xd8, 0xd8, 0xd8, 0xd8, 0x00, 0x00, 0x00, 0x00, 0x00, 0x00, 0xff, 0xff, 0xff,
    0x24, 0x00, 0x00, 0x00, 0x00, 0x00, 0x00, 0x00, 0x00, 0x00, 0x00, 0x00, 0xff, 0xff, 0xff, 0x24,
    0x00, 0x00, 0x00, 0x00, 0x00, 0x00, 0x00, 0x00, 0x00, 0x00, 0x00, 0xff, 0xff, 0xff, 0x24, 0x00,
    0x00, 0x00, 0x00, 0x00, 0x00, 0x00, 0x00, 0x00, 0x00, 0x00, 0xff, 0xff, 0xff, 0x24, 0x00, 0x00,
    0x00, 0x00, 0x00, 0x00, 0x00, 0x00, 0x00, 0x00, 0x00, 0xff, 0xff, 0xff, 0x24, 0x00, 0x00, 0x00,
    0x00, 0x00, 0x00, 0x00, 0x00, 0x00, 0x00, 0x00, 0xff, 0xff, 0xff, 0xde, 0xd8, 0xd8, 0xd8, 0xd8,
    0xd8, 0xd8, 0x6c, 0x00, 0x00, 0x00, 0x00, 0xff, 0xff, 0xff, 0xff, 0xff, 0xff, 0xff, 0xff, 0xff,
    0xff, 0x80, 0x00, 0x00, 0x00, 0x00, 0xff, 0xff, 0xff, 0xff, 0xff, 0xff, 0xff, 0xff, 0xff, 0xff,
    0x80, 0x00, 0x00, 0x00, 0x00, 0xff, 0xff, 0xff, 0xff, 0xff, 0xff, 0xff, 0xff, 0xff, 0xff, 0x80,
    0x00, 0x00, 0x00, 0x00, 0xff, 0xff, 0xff, 0xff, 0xff, 0xff, 0xff, 0xff, 0xff, 0xff, 0x80, 0x00,
    0x00, 0x00, 0x00, 0xff, 0xff, 0xff, 0xde, 0xd8, 0xd8, 0xd8, 0xd8, 0xd8, 0xd8, 0x6c, 0x00, 0x00,
    0x00, 0x00, 0xff, 0xff, 0xff, 0x24, 0x00, 0x00, 0x00, 0x00, 0x00, 0x00, 0x00, 0x00, 0x00, 0x00,
    0x00, 0xff, 0xff, 0xff, 0x24, 0x00, 0x00, 0x00, 0x00, 0x00, 0x00, 0x00, 0x00, 0x00, 0x00, 0x00,
    0xff, 0xff, 0xff, 0x24, 0x00, 0x00, 0x00, 0x00, 0x00, 0x00, 0x00, 0x00, 0x00, 0x00, 0x00, 0xff,
    0xff, 0xff, 0x24, 0x00, 0x00, 0x00, 0x00, 0x00, 0x00, 0x00, 0x00, 0x00, 0x00, 0x00, 0xff, 0xff,
    0xff, 0x24, 0x00, 0x00, 0x00, 0x00, 0x00, 0x00, 0x00, 0x00, 0x00, 0x00, 0x00, 0xff, 0xff, 0xff,
    0xde, 0xd8, 0xd8, 0xd8, 0xd8, 0xd8, 0xd8, 0x00, 0x00, 0x00, 0x00, 0x00, 0xff, 0xff, 0xff, 0xff,
    0xff, 0xff, 0xff, 0xff, 0xff, 0xff, 0x00, 0x00, 0x00, 0x00, 0x00, 0xff, 0xff, 0xff, 0xff, 0xff,
    0xff, 0xff, 0xff, 0xff, 0xff, 0x00, 0x00, 0x00, 0x00, 0x00, 0xff, 0xff, 0xff, 0x24, 0x00, 0x00,
    0x00, 0x00, 0x00, 0x00, 0x00, 0x00, 0x00, 0x00, 0x00, 0xff, 0xff, 0xff, 0x24, 0x00, 0x00, 0x00,
    0x00, 0x00, 0x00, 0x00, 0x00, 0x00, 0x00, 0x00, 0xff, 0xff, 0xff, 0x24, 0x00, 0x00, 0x00, 0x00,
    0x00, 0x00, 0x00, 0x00, 0x00, 0x00, 0x00, 0xff, 0xff, 0xff, 0x24, 0x00, 0x00, 0x00, 0x00, 0x00,
    0x00, 0x00, 0x00, 0x00, 0x00, 0x00, 0xff, 0xff, 0xff, 0x24, 0x00, 0x00, 0x00, 0x00, 0x00, 0x00,
    0x00, 0x00, 0x00, 0x00, 0x00, 0xff, 0xff, 0xff, 0x24, 0x00, 0x00, 0x00, 0x00, 0x00, 0x00, 0x00,
    0x00, 0x00, 0x00, 0x00, 0xff, 0xff, 0xff, 0x24, 0x00, 0x00, 0x00, 0x00, 0x00, 0x00, 0x00, 0x00,
    0x00, 0x00, 0x00, 0xff, 0xff, 0xff, 0x24, 0x00, 0x00, 0x00, 0x00, 0x00, 0x00, 0x00, 0x00, 0x00,
    0x00, 0x00, 0x04, 0x6c, 0xc1, 0xea, 0xfc, 0xfe, 0xf6, 0xe0, 0xb2, 0x4a, 0x00, 0x00, 0x00, 0x00,
    0x00, 0xa7, 0xff, 0xff, 0xff, 0xff, 0xff, 0xff, 0xff, 0xff, 0xff, 0x4e, 0x00, 0x00, 0x00, 0x3a,
    0xff, 0xff, 0xff, 0xfe, 0xe0, 0xdc, 0xf7, 0xff, 0xff, 0xff, 0xbe, 0x00, 0x00, 0x00, 0x8a, 0xff,
    0xff, 0xea, 0x28, 0x00, 0x00, 0x0b, 0xc4, 0xff, 0xff, 0xed, 0x00, 0x00, 0x00, 0xbb, 0xff, 0xff,
    0x85, 0x00, 0x00, 0x00, 0x00, 0x5e, 0xd8, 0xd8, 0xd6, 0x00, 0x00, 0x00, 0xd9, 0xff, 0xff, 0x51,
    0x00, 0x00, 0x00, 0x00, 0x00, 0x00, 0x00, 0x00, 0x00, 0x00, 0x00, 0xed, 0xff, 0xff, 0x39, 0x00,
    0x00, 0x00, 0x00, 0x00, 0x00, 0x00, 0x00, 0x00, 0x00, 0x00, 0xf8, 0xff, 0xff, 0x2c, 0x00, 0x00,
    0x00, 0x00, 0x00, 0x00, 0x00, 0x00, 0x00, 0x00, 0x00, 0xfe, 0xff, 0xff, 0x26, 0x00, 0x58, 0xd8,
    0xd8, 0xd8, 0xd8, 0xd8, 0xd8, 0x00, 0x00, 0x00, 0xff, 0xff, 0xff, 0x24, 0x00, 0x68, 0xff, 0xff,
    0xff, 0xff, 0xff, 0xff, 0x00, 0x00, 0x00, 0xfe, 0xff, 0xff, 0x26, 0x00, 0x68, 0xff, 0xff, 0xff,
    0xff, 0xff, 0xff, 0x00, 0x00, 0x00, 0xf6, 0xff, 0xff, 0x2f, 0x00, 0x00, 0x00, 0x00, 0x24, 0xff,
    0xff, 0xff, 0x00, 0x00, 0x00, 0xea, 0xff, 0xff, 0x3f, 0x00, 0x00, 0x00, 0x00, 0x24, 0xff, 0xff,
    0xff, 0x00, 0x00, 0x00, 0xd6, 0xff, 0xff, 0x5d, 0x00, 0x00, 0x00, 0x00, 0x24, 0xff, 0xff, 0xff,
    0x00, 0x00, 0x00, 0xb4, 0xff, 0xff, 0x97, 0x00, 0x00, 0x00, 0x00, 0x24, 0xff, 0xff, 0xff, 0x00,
    0x00, 0x00, 0x80, 0xff, 0xff, 0xf5, 0x3a, 0x00, 0x00, 0x04, 0x5f, 0xff, 0xff, 0xff, 0x00, 0x00,
    0x00, 0x2b, 0xff, 0xff, 0xff, 0xff, 0xe6, 0xdb, 0xf5, 0xff, 0xff, 0xff, 0xff, 0x00, 0x00, 0x00,
    0x00, 0x91, 0xff, 0xff, 0xff, 0xff, 0xff, 0xff, 0xff, 0xff, 0xff, 0xd1, 0x00, 0x00, 0x00, 0x00,
    0x01, 0x5c, 0xb8, 0xe5, 0xf9, 0xff, 0xf5, 0xd9, 0xa0, 0x4a, 0x02, 0x00, 0x00, 0xff, 0xff, 0xff,
    0x24, 0x00, 0x00, 0x00, 0x00, 0x24, 0xff, 0xff, 0xff, 0x00, 0x00, 0x00, 0xff, 0xff, 0xff, 0x24,
    0x00, 0x00, 0x00, 0x00, 0x24, 0xff, 0xff, 0xff, 0x00, 0x00, 0x00, 0xff, 0xff, 0xff, 0x24, 0x00,
    0x00, 0x00, 0x00, 0x24, 0xff, 0xff, 0xff, 0x00, 0x00, 0x00, 0xff, 0xff, 0xff, 0x24, 0x00, 0x00,
    0x00, 0x00, 0x24, 0xff, 0xff, 0xff, 0x00, 0x00, 0x00, 0xff, 0xff, 0xff, 0x24, 0x00, 0x00, 0x00,
    0x00, 0x24, 0xff, 0xff, 0xff, 0x00, 0x00, 0x00, 0xff, 0xff, 0xff, 0x24, 0x00, 0x00, 0x00, 0x00,
    0x24, 0xff, 0xff, 0xff, 0x00, 0x00, 0x00, 0xff, 0xff, 0xff, 0x24, 0x00, 0x00, 0x00, 0x00, 0x24,
    0xff, 0xff, 0xff, 0x00, 0x00, 0x00, 0xff, 0xff, 0xff, 0x24, 0x00, 0x00, 0x00, 0x00, 0x24, 0xff,
    0xff, 0xff, 0x00, 0x00, 0x00, 0xff, 0xff, 0xff, 0xff, 0xff, 0xff, 0xff, 0xff, 0xff, 0xff, 0xff,
    0xff, 0x00, 0x00, 0x00, 0xff, 0xff, 0xff, 0xff, 0xff, 0xff, 0xff, 0xff, 0xff, 0xff, 0xff, 0xff,
    0x00, 0x00, 0x00, 0xff, 0xff, 0xff, 0xde, 0xd8, 0xd8, 0xd8, 0xd8, 0xde, 0xff, 0xff, 0xff, 0x00,
    0x00, 0x00, 0xff, 0xff, 0xff, 0x24, 0x00, 0x00, 0x00, 0x00, 0x24, 0xff, 0xff, 0xff, 0x00, 0x00,
    0x00, 0xff, 0xff, 0xff, 0x24, 0x00, 0x00, 0x00, 0x00, 0x24, 0xff, 0xff, 0xff, 0x00, 0x00, 0x00,
    0xff, 0xff, 0xff, 0x24, 0x00, 0x00, 0x00, 0x00, 0x24, 0xff, 0xff, 0xff, 0x00, 0x00, 0x00, 0xff,
    0xff, 0xff, 0x24, 0x00, 0x00, 0x00, 0x00, 0x24, 0xff, 0xff, 0xff, 0x00, 0x00, 0x00, 0xff, 0xff,
    0xff, 0x24, 0x00, 0x00, 0x00, 0x00, 0x24, 0xff, 0xff, 0xff, 0x00, 0x00, 0x00, 0xff, 0xff, 0xff,
    0x24, 0x00, 0x00, 0x00, 0x00, 0x24, 0xff, 0xff, 0xff, 0x00, 0x00, 0x00, 0xff, 0xff, 0xff, 0x24,
    0x00, 0x00, 0x00, 0x00, 0x24, 0xff, 0xff, 0xff, 0x00, 0x00, 0x00, 0xff, 0xff, 0xff, 0x24, 0x00,
    0x00, 0x00, 0x00, 0x24, 0xff, 0xff, 0xff, 0x00, 0x00, 0x00, 0x00, 0x00, 0xff, 0xff, 0xff, 0xff,
    0xff, 0xff, 0xff, 0xff, 0xff, 0x00, 0x00, 0x00, 0x00, 0x00, 0x00, 0xff, 0xff, 0xff, 0xff, 0xff,
    0xff, 0xff, 0xff, 0xff, 0x00, 0x00, 0x00, 0x00, 0x00, 0x00, 0xd8, 0xd8, 0xde, 0xff, 0xff, 0xff,
    0xd8, 0xd8, 0xd8, 0x00, 0x00, 0x00, 0x00, 0x00, 0x00, 0x00, 0x00, 0x24, 0xff, 0xff, 0xff, 0x00,
    0x00, 0x00, 0x00, 0x00, 0x00, 0x00, 0x00, 0x00, 0x00, 0x00, 0x24, 0xff, 0xff, 0xff, 0x00, 0x00,
    0x00, 0x00, 0x00, 0x00, 0x00, 0x00, 0x00, 0x00, 0x00, 0x24, 0xff, 0xff, 0xff, 0x00, 0x00, 0x00,
    0x00, 0x00, 0x00, 0x00, 0x00, 0x00, 0x00, 0x00, 0x24, 0xff, 0xff, 0xff, 0x00, 0x00, 0x00, 0x00,
    0x00, 0x00, 0x00, 0x00, 0x00, 0x00, 0x00, 0x24, 0xff, 0xff, 0xff, 0x00, 0x00, 0x00, 0x00, 0x00,
    0x00, 0x00, 0x00, 0x00, 0x00, 0x00, 0x24, 0xff, 0xff, 0xff, 0x00, 0x00, 0x00, 0x00, 0x00, 0x00,
    0x00, 0x00, 0x00, 0x00, 0x00, 0x24, 0xff, 0xff, 0xff, 0x00, 0x00, 0x00, 0x00, 0x00, 0x00, 0x00,
    0x00, 0x00, 0x00, 0x00, 0x24, 0xff, 0xff, 0xff, 0x00, 0x00, 0x00, 0x00, 0x00, 0x00, 0x00, 0x00,
    0x00, 0x00, 0x00, 0x24, 0xff, 0xff, 0xff, 0x00, 0x00, 0x00, 0x00, 0x00, 0x00, 0x00, 0x00, 0x00,
    0x00, 0x00, 0x24, 0xff, 0xff, 0xff, 0x00, 0x00, 0x00, 0x00, 0x00, 0x00, 0x00, 0x00, 0x00, 0x00,
    0x00, 0x24, 0xff, 0xff, 0xff, 0x00, 0x00, 0x00, 0x00, 0x00, 0x00, 0x00, 0x00, 0x00, 0x00, 0x00,
    0x24, 0xff, 0xff, 0xff, 0x00, 0x00, 0x00, 0x00, 0x00, 0x00, 0x00, 0x00, 0x00, 0x00, 0x00, 0x24,
    0xff, 0xff, 0xff, 0x00, 0x00, 0x00, 0x00, 0x00, 0x00, 0x00, 0x00, 0x00, 0xd8, 0xd8, 0xde, 0xff,
    0xff, 0xff, 0xd8, 0xd8, 0xd8, 0x00, 0x00, 0x00, 0x00, 0x00, 0x00, 0xff, 0xff, 0xff, 0xff, 0xff,
    0xff, 0xff, 0xff, 0xff, 0x00, 0x00, 0x00, 0x00, 0x00, 0x00, 0xff, 0xff, 0xff, 0xff, 0xff, 0xff,
    0xff, 0xff, 0xff, 0x00, 0x00, 0x00, 0x00, 0x00, 0x00, 0x00, 0x00, 0x00, 0x00, 0x00, 0x24, 0xff,
    0xff, 0xff, 0x00, 0x00, 0x00, 0x00, 0x00, 0x00, 0x00, 0x00, 0x00, 0x00, 0x00, 0x24, 0xff, 0xff,
    0xff, 0x00, 0x00, 0x00, 0x00, 0x00, 0x00, 0x00, 0x00, 0x00, 0x00, 0x00, 0x24, 0xff, 0xff, 0xff,
    0x00, 0x00, 0x00, 0x00, 0x00, 0x00, 0x00, 0x00, 0x00, 0x00, 0x00, 0x24, 0xff, 0xff, 0xff, 0x00,
    0x00, 0x00, 0x00, 0x00, 0x00, 0x00, 0x00, 0x00, 0x00, 0x00, 0x24, 0xff, 0xff, 0xff, 0x00, 0x00,
    0x00, 0x00, 0x00, 0x00, 0x00, 0x00, 0x00, 0x00, 0x00, 0x24, 0xff, 0xff, 0xff, 0x00, 0x00, 0x00,
    0x00, 0x00, 0x00, 0x00, 0x00, 0x00, 0x00, 0x00, 0x24, 0xff, 0xff, 0xff, 0x00, 0x00, 0x00, 0x00,
    0x00, 0x00, 0x00, 0x00, 0x00, 0x00, 0x00, 0x24, 0xff, 0xff, 0xff, 0x00, 0x00, 0x00, 0x00, 0x00,
    0x00, 0x00, 0x00, 0x00, 0x00, 0x00, 0x24, 0xff, 0xff, 0xff, 0x00, 0x00, 0x00, 0x00, 0x00, 0x00,
    0x00, 0x00, 0x00, 0x00, 0x00, 0x24, 0xff, 0xff, 0xff, 0x00, 0x00, 0x00, 0x00, 0x00, 0x00, 0x00,
    0x00, 0x00, 0x00, 0x00, 0x24, 0xff, 0xff, 0xff, 0x00, 0x00, 0x00, 0x00, 0x00, 0x00, 0x00, 0x00,
    0x00, 0x00, 0x00, 0x24, 0xff, 0xff, 0xff, 0x00, 0x00, 0x00, 0x00, 0x00, 0x00, 0x00, 0x00, 0x00,
    0x00, 0x00, 0x24, 0xff, 0xff, 0xff, 0x00, 0x00, 0x00, 0x00, 0xa0, 0xa0, 0xa0, 0x18, 0x00, 0x00,
    0x00, 0x27, 0xff, 0xff, 0xff, 0x00, 0x00, 0x00, 0x00, 0xf9, 0xff, 0xff, 0x36, 0x00, 0x00, 0x00,
    0x3d, 0xff, 0xff, 0xf6, 0x00, 0x00, 0x00, 0x00, 0xe7, 0xff, 0xff, 0x8b, 0x01, 0x00, 0x04, 0x9d,
    0xff, 0xff, 0xe0, 0x00, 0x00, 0x00, 0x00, 0xbf, 0xff, 0xff, 0xff, 0xeb, 0xd9, 0xf2, 0xff, 0xff,
    0xff, 0xb1, 0x00, 0x00, 0x00, 0x00, 0x5c, 0xff, 0xff, 0xff, 0xff, 0xff, 0xff, 0xff, 0xff, 0xfe,
    0x45, 0x00, 0x00, 0x00, 0x00, 0x00, 0x59, 0xbb, 0xe7, 0xf9, 0xff, 0xf9, 0xe4, 0xb6, 0x47, 0x00,
    0x00, 0x00, 0x00, 0x00, 0x00, 0xff, 0xff, 0xff, 0x24, 0x00, 0x00, 0x00, 0xa4, 0xff, 0xff, 0xf7,
    0x20, 0x00, 0x00, 0x00, 0xff, 0xff, 0xff, 0x24, 0x00, 0x00, 0x2e, 0xfe, 0xff, 0xff, 0x86, 0x00,
    0x00, 0x00, 0x00, 0xff, 0xff, 0xff, 0x24, 0x00, 0x00, 0xb3, 0xff, 0xff, 0xe9, 0x0d, 0x00, 0x00,
    0x00, 0x00, 0xff, 0xff, 0xff, 0x24, 0x00, 0x3a, 0xff, 0xff, 0xff, 0x65, 0x00, 0x00, 0x00, 0x00,
    0x00, 0xff, 0xff, 0xff, 0x24, 0x00, 0xc2, 0xff, 0xff, 0xd0, 0x03, 0x00, 0x00, 0x00, 0x00, 0x00,
    0xff, 0xff, 0xff, 0x24, 0x4a, 0xff, 0xff, 0xff, 0x42, 0x00, 0x00, 0x00, 0x00, 0x00, 0x00, 0xff,
    0xff, 0xff, 0x26, 0xd0, 0xff, 0xff, 0xb2, 0x00, 0x00, 0x00, 0x00, 0x00, 0x00, 0x00, 0xff, 0xff,
    0xff, 0x7d, 0xff, 0xff, 0xfb, 0x27, 0x00, 0x00, 0x00, 0x00, 0x00, 0x00, 0x00, 0xff, 0xff, 0xff,
    0xf1, 0xff, 0xff, 0x8f, 0x00, 0x00, 0x00, 0x00, 0x00, 0x00, 0x00, 0x00, 0xff, 0xff, 0xff, 0xff,
    0xff, 0xff, 0x4c, 0x00, 0x00, 0x00, 0x00, 0x00, 0x00, 0x00, 0x00, 0xff, 0xff, 0xff, 0xd1, 0xff,
    0xff, 0xda, 0x08, 0x00, 0x00, 0x00, 0x00, 0x00, 0x00, 0x00, 0xff, 0xff, 0xff, 0x46, 0xf9, 0xff,
    0xff, 0x87, 0x00, 0x00, 0x00, 0x00, 0x00, 0x00, 0x00, 0xff, 0xff, 0xff, 0x24, 0x85, 0xff, 0xff,
    0xfc, 0x30, 0x00, 0x00, 0x00, 0x00, 0x00, 0x00, 0xff, 0xff, 0xff, 0x24, 0x0c, 0xe4, 0xff, 0xff,
    0xcd, 0x04, 0x00, 0x00, 0x00, 0x00, 0x00, 0xff, 0xff, 0xff, 0x24, 0x00, 0x5b, 0xff, 0xff, 0xff,
    0x76, 0x00, 0x00, 0x00, 0x00, 0x00, 0xff, 0xff, 0xff, 0x24, 0x00, 0x01, 0xc6, 0xff, 0xff, 0xf6,
    0x24, 0x00, 0x00, 0x00, 0x00, 0xff, 0xff, 0xff, 0x24, 0x00, 0x00, 0x33, 0xfe, 0xff, 0xff, 0xbf,
    0x01, 0x00, 0x00, 0x00, 0xff, 0xff, 0xff, 0x24, 0x00, 0x00, 0x00, 0x9d, 0xff, 0xff, 0xff, 0x66,
    0x00, 0x00, 0x00, 0xff, 0xff, 0xff, 0x24, 0x00, 0x00, 0x00, 0x16, 0xf1, 0xff, 0xff, 0xf0, 0x19,
    0x00, 0x00, 0xff, 0xff, 0xff, 0x24, 0x00, 0x00, 0x00, 0x00, 0x00, 0x00, 0x00, 0x00, 0x00, 0x00,
    0x00, 0xff, 0xff, 0xff, 0x24, 0x00, 0x00, 0x00, 0x00, 0x00, 0x00, 0x00, 0x00, 0x00, 0x00, 0x00,
    0xff, 0xff, 0xff, 0x24, 0x00, 0x00, 0x00, 0x00, 0x00, 0x00, 0x00, 0x00, 0x00, 0x00, 0x00, 0xff,
    0xff, 0xff, 0x24, 0x00, 0x00, 0x00, 0x00, 0x00, 0x00, 0x00, 0x00, 0x00, 0x00, 0x00, 0xff, 0xff,
    0xff, 0x24, 0x00, 0x00, 0x00, 0x00, 0x00, 0x00, 0x00, 0x00, 0x00, 0x00, 0x00, 0xff, 0xff, 0xff,
    0x24, 0x00, 0x00, 0x00, 0x00, 0x00, 0x00, 0x00, 0x00, 0x00, 0x00, 0x00, 0xff, 0xff, 0xff, 0x24,
    0x00, 0x00, 0x00, 0x00, 0x00, 0x00, 0x00, 0x00, 0x00, 0x00, 0x00, 0xff, 0xff, 0xff, 0x24, 0x00,
    0x00, 0x00, 0x00, 0x00, 0x00, 0x00, 0x00, 0x00, 0x00, 0x00, 0xff, 0xff, 0xff, 0x24, 0x00, 0x00,
    0x00, 0x00, 0x00, 0x00, 0x00, 0x00, 0x00, 0x00, 0x00, 0xff, 0xff, 0xff, 0x24, 0x00, 0x00, 0x00,
    0x00, 0x00, 0x00, 0x00, 0x00, 0x00, 0x00, 0x00, 0xff, 0xff, 0xff, 0x24, 0x00, 0x00, 0x00, 0x00,
    0x00, 0x00, 0x00, 0x00, 0x00, 0x00, 0x00, 0xff, 0xff, 0xff, 0x24, 0x00, 0x00, 0x00, 0x00, 0x00,
    0x00, 0x00, 0x00, 0x00, 0x00, 0x00, 0xff, 0xff, 0xff, 0x24, 0x00, 0x00, 0x00, 0x00, 0x00, 0x00,
    0x00, 0x00, 0x00, 0x00, 0x00, 0xff, 0xff, 0xff, 0x24, 0x00, 0x00, 0x00, 0x00, 0x00, 0x00, 0x00,
    0x00, 0x00, 0x00, 0x00, 0xff, 0xff, 0xff, 0x24, 0x00, 0x00, 0x00, 0x00, 0x00, 0x00, 0x00, 0x00,
    0x00, 0x00, 0x00, 0xff, 0xff, 0xff, 0x24, 0x00, 0x00, 0x00, 0x00, 0x00, 0x00, 0x00, 0x00, 0x00,
    0x00, 0x00, 0xff, 0xff, 0xff, 0xef, 0xec, 0xec, 0xec, 0xec, 0xec, 0xec, 0xec, 0x00, 0x00, 0x00,
    0x00, 0xff, 0xff, 0xff, 0xff, 0xff, 0xff, 0xff, 0xff, 0xff, 0xff, 0xff, 0x00, 0x00, 0x00, 0x00,
    0xff, 0xff, 0xff, 0xff, 0xff, 0xff, 0xff, 0xff, 0xff, 0xff, 0xff, 0x00, 0x00, 0x00, 0xff, 0xff,
    0xff, 0xff, 0x50, 0x00, 0x00, 0x00, 0x24, 0xff, 0xff, 0xff, 0xff, 0x24, 0x00, 0xff, 0xff, 0xff,
    0xff, 0x94, 0x00, 0x00, 0x00, 0x69, 0xff, 0xff, 0xff, 0xff, 0x24, 0x00, 0xff, 0xff, 0xff, 0xff,
    0xd6, 0x00, 0x00, 0x00, 0xaa, 0xff, 0xff, 0xff, 0xff, 0x24, 0x00, 0xff, 0xff, 0xff, 0xfa, 0xff,
    0x18, 0x00, 0x01, 0xeb, 0xf5, 0xff, 0xff, 0xff, 0x24, 0x00, 0xff, 0xff, 0xff, 0xc7, 0xff, 0x5c,
    0x00, 0x2f, 0xff, 0xbc, 0xff, 0xff, 0xff, 0x24, 0x00, 0xff, 0xff, 0xff, 0x88, 0xff, 0x9c, 0x00,
    0x70, 0xff, 0x80, 0xff, 0xff, 0xff, 0x24, 0x00, 0xff, 0xff, 0xff, 0x48, 0xff, 0xe0, 0x00, 0xb4,
    0xff, 0x43, 0xff, 0xff, 0xff, 0x24, 0x00, 0xff, 0xff, 0xff, 0x24, 0xe5, 0xff, 0x24, 0xf1, 0xfb,
    0x0b, 0xff, 0xff, 0xff, 0x24, 0x00, 0xff, 0xff, 0xff, 0x24, 0xa7, 0xff, 0x9c, 0xff, 0xca, 0x00,
    0xff, 0xff, 0xff, 0x24, 0x00, 0xff, 0xff, 0xff, 0x24, 0x67, 0xff, 0xfd, 0xff, 0x8e, 0x00, 0xff,
    0xff, 0xff, 0x24, 0x00, 0xff, 0xff, 0xff, 0x24, 0x29, 0xff, 0xff, 0xff, 0x51, 0x00, 0xff, 0xff,
    0xff, 0x24, 0x00, 0xff, 0xff, 0xff, 0x24, 0x01, 0xeb, 0xff, 0xff, 0x15, 0x00, 0xff, 0xff, 0xff,
    0x24, 0x00, 0xff, 0xff, 0xff, 0x24, 0x00, 0x2e, 0x3c, 0x38, 0x00, 0x00, 0xff, 0xff, 0xff, 0x24,
    0x00, 0xff, 0xff, 0xff, 0x24, 0x00, 0x00, 0x00, 0x00, 0x00, 0x00, 0xff, 0xff, 0xff, 0x24, 0x00,
    0xff, 0xff, 0xff, 0x24, 0x00, 0x00, 0x00, 0x00, 0x00, 0x00, 0xff, 0xff, 0xff, 0x24, 0x00, 0xff,
    0xff, 0xff, 0x24, 0x00, 0x00, 0x00, 0x00, 0x00, 0x00, 0xff, 0xff, 0xff, 0x24, 0x00, 0xff, 0xff,
    0xff, 0x24, 0x00, 0x00, 0x00, 0x00, 0x00, 0x00, 0xff, 0xff, 0xff, 0x24, 0x00, 0xff, 0xff, 0xff,
    0x24, 0x00, 0x00, 0x00, 0x00, 0x00, 0x00, 0xff, 0xff, 0xff, 0x24, 0x00, 0xff, 0xff, 0xff, 0x24,
    0x00, 0x00, 0x00, 0x00, 0x00, 0x00, 0xff, 0xff, 0xff, 0x24, 0x00, 0xff, 0xff, 0xff, 0xff, 0x89,
    0x00, 0x00, 0x00, 0x24, 0xff, 0xff, 0xff, 0x00, 0x00, 0x00, 0xff, 0xff, 0xff, 0xff, 0xd4, 0x00,
    0x00, 0x00, 0x24, 0xff, 0xff, 0xff, 0x00, 0x00, 0x00, 0xff, 0xff, 0xff, 0xff, 0xff, 0x1f, 0x00,
    0x00, 0x24, 0xff, 0xff, 0xff, 0x00, 0x00, 0x00, 0xff, 0xff, 0xff, 0xfd, 0xff, 0x69, 0x00, 0x00,
    0x24, 0xff, 0xff, 0xff, 0x00, 0x00, 0x00, 0xff, 0xff, 0xff, 0xc4, 0xff, 0xb4, 0x00, 0x00, 0x24,
    0xff, 0xff, 0xff, 0x00, 0x00, 0x00, 0xff, 0xff, 0xff, 0x79, 0xff, 0xf6, 0x09, 0x00, 0x24, 0xff,
    0xff, 0xff, 0x00, 0x00, 0x00, 0xff, 0xff, 0xff, 0x34, 0xfb, 0xff, 0x49, 0x00, 0x24, 0xff, 0xff,
    0xff, 0x00, 0x00, 0x00, 0xff, 0xff, 0xff, 0x24, 0xbf, 0xff, 0x94, 0x00, 0x24, 0xff, 0xff, 0xff,
    0x00, 0x00, 0x00, 0xff, 0xff, 0xff, 0x24, 0x74, 0xff, 0xdf, 0x00, 0x24, 0xff, 0xff, 0xff, 0x00,
    0x00, 0x00, 0xff, 0xff, 0xff, 0x24, 0x2a, 0xff, 0xff, 0x2a, 0x24, 0xff, 0xff, 0xff, 0x00, 0x00,
    0x00, 0xff, 0xff, 0xff, 0x24, 0x00, 0xdf, 0xff, 0x74, 0x24, 0xff, 0xff, 0xff, 0x00, 0x00, 0x00,
    0xff, 0xff, 0xff, 0x24, 0x00, 0x94, 0xff, 0xbf, 0x24, 0xff, 0xff, 0xff, 0x00, 0x00, 0x00, 0xff,
    0xff, 0xff, 0x24, 0x00, 0x49, 0xff, 0xfa, 0x33, 0xff, 0xff, 0xff, 0x00, 0x00, 0x00, 0xff, 0xff,
    0xff, 0x24, 0x00, 0x09, 0xf6, 0xff, 0x78, 0xff, 0xff, 0xff, 0x00, 0x00, 0x00, 0xff, 0xff, 0xff,
    0x24, 0x00, 0x00, 0xb4, 0xff, 0xc3, 0xff, 0xff, 0xff, 0x00, 0x00, 0x00, 0xff, 0xff, 0xff, 0x24,
    0x00, 0x00, 0x69, 0xff, 0xfc, 0xff, 0xff, 0xff, 0x00, 0x00, 0x00, 0xff, 0xff, 0xff, 0x24, 0x00,
    0x00, 0x1f, 0xff, 0xff, 0xff, 0xff, 0xff, 0x00, 0x00, 0x00, 0xff, 0xff, 0xff, 0x24, 0x00, 0x00,
    0x00, 0xd4, 0xff, 0xff, 0xff, 0xff, 0x00, 0x00, 0x00, 0xff, 0xff, 0xff, 0x24, 0x00, 0x00, 0x00,
    0x89, 0xff, 0xff, 0xff, 0xff, 0x00, 0x00, 0x00, 0x00, 0x04, 0x6d, 0xc2, 0xeb, 0xfc, 0xfd, 0xee,
    0xc9, 0x7e, 0x0c, 0x00, 0x00, 0x00, 0x00, 0x00, 0xab, 0xff, 0xff, 0xff, 0xff, 0xff, 0xff, 0xff,
    0xff, 0xc9, 0x06, 0x00, 0x00, 0x00, 0x3e, 0xff, 0xff, 0xff, 0xff, 0xe3, 0xdf, 0xfd, 0xff, 0xff,
    0xff, 0x62, 0x00, 0x00, 0x00, 0x8f, 0xff, 0xff, 0xee, 0x2f, 0x00, 0x00, 0x1c, 0xd9, 0xff, 0xff,
    0xb3, 0x00, 0x00, 0x00, 0xbf, 0xff, 0xff, 0x88, 0x00, 0x00, 0x00, 0x00, 0x64, 0xff, 0xff, 0xe2,
    0x00, 0x00, 0x00, 0xdc, 0xff, 0xff, 0x51, 0x00, 0x00, 0x00, 0x00, 0x2e, 0xff, 0xff, 0xfd, 0x03,
    0x00, 0x00, 0xee, 0xff, 0xff, 0x3a, 0x00, 0x00, 0x00, 0x00, 0x16, 0xff, 0xff, 0xff, 0x12, 0x00,
    0x00, 0xf8, 0xff, 0xff, 0x2c, 0x00, 0x00, 0x00, 0x00, 0x08, 0xff, 0xff, 0xff, 0x1c, 0x00, 0x00,
    0xfe, 0xff, 0xff, 0x26, 0x00, 0x00, 0x00, 0x00, 0x02, 0xff, 0xff, 0xff, 0x22, 0x00, 0x00, 0xff,
    0xff, 0xff, 0x24, 0x00, 0x00, 0x00, 0x00, 0x00, 0xff, 0xff, 0xff, 0x24, 0x00, 0x00, 0xfe, 0xff,
    0xff, 0x26, 0x00, 0x00, 0x00, 0x00, 0x02, 0xff, 0xff, 0xff, 0x22, 0x00, 0x00, 0xf8, 0xff, 0xff,
    0x2c, 0x00, 0x00, 0x00, 0x00, 0x08, 0xff, 0xff, 0xff, 0x1c, 0x00, 0x00, 0xed, 0xff, 0xff, 0x3a,
    0x00, 0x00, 0x00, 0x00, 0x16, 0xff, 0xff, 0xff, 0x11, 0x00, 0x00, 0xdb, 0xff, 0xff, 0x51, 0x00,
    0x00, 0x00, 0x00, 0x2d, 0xff, 0xff, 0xfc, 0x02, 0x00, 0x00, 0xbe, 0xff, 0xff, 0x86, 0x00, 0x00,
    0x00, 0x00, 0x62, 0xff, 0xff, 0xe2, 0x00, 0x00, 0x00, 0x8f, 0xff, 0xff, 0xec, 0x2c, 0x00, 0x00,
    0x1c, 0xd8, 0xff, 0xff, 0xb3, 0x00, 0x00, 0x00, 0x3e, 0xff, 0xff, 0xff, 0xff, 0xe2, 0xdf, 0xfd,
    0xff, 0xff, 0xff, 0x60, 0x00, 0x00, 0x00, 0x00, 0xa6, 0xff, 0xff, 0xff, 0xff, 0xff, 0xff, 0xff,
    0xff, 0xc5, 0x05, 0x00, 0x00, 0x00, 0x00, 0x03, 0x67, 0xbf, 0xe9, 0xfc, 0xfe, 0xee, 0xc9, 0x79,
    0x09, 0x00, 0x00, 0x00, 0x00, 0x00, 0xf7, 0xff, 0xff, 0xff, 0xfd, 0xf4, 0xe1, 0xbd, 0x7c, 0x13,
    0x00, 0x00, 0x00, 0x00, 0x00, 0xff, 0xff, 0xff, 0xff, 0xff, 0xff, 0xff, 0xff, 0xff, 0xe3, 0x19,
    0x00, 0x00, 0x00, 0x00, 0xff, 0xff, 0xff, 0xde, 0xd9, 0xea, 0xff, 0xff, 0xff, 0xff, 0x8f, 0x00,
    0x00, 0x00, 0x00, 0xff, 0xff, 0xff, 0x24, 0x00, 0x00, 0x25, 0xd1, 0xff, 0xff, 0xcf, 0x00, 0x00,
    0x00, 0x00, 0xff, 0xff, 0xff, 0x24, 0x00, 0x00, 0x00, 0x52, 0xff, 0xff, 0xed, 0x00, 0x00, 0x00,
    0x00, 0xff, 0xff, 0xff, 0x24, 0x00, 0x00, 0x00, 0x2a, 0xff, 0xff, 0xfc, 0x00, 0x00, 0x00, 0x00,
    0xff, 0xff, 0xff, 0x24, 0x00, 0x00, 0x00, 0x29, 0xff, 0xff, 0xff, 0x00, 0x00, 0x00, 0x00, 0xff,
    0xff, 0xff, 0x24, 0x00, 0x00, 0x00, 0x4e, 0xff, 0xff, 0xf6, 0x00, 0x00, 0x00, 0x00, 0xff, 0xff,
    0xff, 0x24, 0x00, 0x09, 0x36, 0xd2, 0xff, 0xff, 0xdd, 0x00, 0x00, 0x00, 0x00, 0xff, 0xff, 0xff,
    0xff, 0xff, 0xff, 0xff, 0xff, 0xff, 0xff, 0xa7, 0x00, 0x00, 0x00, 0x00, 0xff, 0xff, 0xff, 0xff,
    0xff, 0xff, 0xff, 0xff, 0xff, 0xf1, 0x2e, 0x00, 0x00, 0x00, 0x00, 0xff, 0xff, 0xff, 0xde, 0xd8,
    0xd6, 0xcb, 0xb3, 0x7f, 0x1d, 0x00, 0x00, 0x00, 0x00, 0x00, 0xff, 0xff, 0xff, 0x24, 0x00, 0x00,
    0x00, 0x00, 0x00, 0x00, 0x00, 0x00, 0x00, 0x00, 0x00, 0xff, 0xff, 0xff, 0x24, 0x00, 0x00, 0x00,
    0x00, 0x00, 0x00, 0x00, 0x00, 0x00, 0x00, 0x00, 0xff, 0xff, 0xff, 0x24, 0x00, 0x00, 0x00, 0x00,
    0x00, 0x00, 0x00, 0x00, 0x00, 0x00, 0x00, 0xff, 0xff, 0xff, 0x24, 0x00, 0x00, 0x00, 0x00, 0x00,
    0x00, 0x00, 0x00, 0x00, 0x00, 0x00, 0xff, 0xff, 0xff, 0x24, 0x00, 0x00, 0x00, 0x00, 0x00, 0x00,
    0x00, 0x00, 0x00, 0x00, 0x00, 0xff, 0xff, 0xff, 0x24, 0x00, 0x00, 0x00, 0x00, 0x00, 0x00, 0x00,
    0x00, 0x00, 0x00, 0x00, 0xff, 0xff, 0xff, 0x24, 0x00, 0x00, 0x00, 0x00, 0x00, 0x00, 0x00, 0x00,
    0x00, 0x00, 0x00, 0x03, 0x65, 0xbf, 0xe9, 0xfc, 0xfd, 0xee, 0xc9, 0x7a, 0x0a, 0x00, 0x00, 0x00,
    0x00, 0x00, 0x9e, 0xff, 0xff, 0xff, 0xff, 0xff, 0xff, 0xff, 0xff, 0xc5, 0x04, 0x00, 0x00, 0x00,
    0x36, 0xff, 0xff, 0xff, 0xff, 0xe3, 0xdf, 0xfe, 0xff, 0xff, 0xff, 0x5b, 0x00, 0x00, 0x00, 0x89,
    0xff, 0xff, 0xf2, 0x36, 0x00, 0x00, 0x22, 0xe0, 0xff, 0xff, 0xac, 0x00, 0x00, 0x00, 0xb9, 0xff,
    0xff, 0x90, 0x00, 0x00, 0x00, 0x00, 0x6c, 0xff, 0xff, 0xdd, 0x00, 0x00, 0x00, 0xd8, 0xff, 0xff,
    0x55, 0x00, 0x00, 0x00, 0x00, 0x31, 0xff, 0xff, 0xfb, 0x01, 0x00, 0x00, 0xea, 0xff, 0xff, 0x3a,
    0x00, 0x00, 0x00, 0x00, 0x17, 0xff, 0xff, 0xff, 0x0e, 0x00, 0x00, 0xf8, 0xff, 0xff, 0x2d, 0x00,
    0x00, 0x00, 0x00, 0x0a, 0xff, 0xff, 0xff, 0x1c, 0x00, 0x00, 0xfe, 0xff, 0xff, 0x26, 0x00, 0x00,
    0x00, 0x00, 0x02, 0xff, 0xff, 0xff, 0x22, 0x00, 0x00, 0xff, 0xff, 0xff, 0x24, 0x00, 0x00, 0x00,
    0x00, 0x00, 0xff, 0xff, 0xff, 0x24, 0x00, 0x00, 0xfe, 0xff, 0xff, 0x26, 0x00, 0x00, 0x00, 0x00,
    0x02, 0xff, 0xff, 0xff, 0x22, 0x00, 0x00, 0xf8, 0xff, 0xff, 0x2c, 0x00, 0x00, 0x00, 0x00, 0x09,
    0xff, 0xff, 0xff, 0x1c, 0x00, 0x00, 0xea, 0xff, 0xff, 0x3a, 0x00, 0x00, 0x00, 0x00, 0x16, 0xff,
    0xff, 0xff, 0x0e, 0x00, 0x00, 0xd7, 0xff, 0xff, 0x55, 0x6b, 0xe8, 0xe5, 0x1f, 0x30, 0xff, 0xff,
    0xfb, 0x01, 0x00, 0x00, 0xb8, 0xff, 0xff, 0x88, 0x0c, 0xec, 0xff, 0xa0, 0x64, 0xff, 0xff, 0xdd,
    0x00, 0x00, 0x00, 0x85, 0xff, 0xff, 0xe9, 0x1c, 0x76, 0xff, 0xfd, 0xdd, 0xff, 0xff, 0xac, 0x00,
    0x00, 0x00, 0x33, 0xff, 0xff, 0xff, 0xf6, 0xc9, 0xff, 0xff, 0xff, 0xff, 0xff, 0x5b, 0x00, 0x00,
    0x00, 0x00, 0x9e, 0xff, 0xff, 0xff, 0xff, 0xff, 0xff, 0xff, 0xff, 0xc5, 0x04, 0x00, 0x00, 0x00,
    0x00, 0x03, 0x66, 0xbf, 0xe9, 0xfc, 0xfe, 0xfe, 0xff, 0xe7, 0x0b, 0x00, 0x00, 0x00, 0x00, 0x00,
    0x00, 0x00, 0x00, 0x00, 0x00, 0x00, 0x69, 0xff, 0xff, 0x4e, 0x00, 0x00, 0x00, 0x00, 0x00, 0x00,
    0x00, 0x00, 0x00, 0x00, 0x00, 0x06, 0xe1, 0xff, 0xd5, 0x03, 0x00, 0x00, 0x00, 0x00, 0x00, 0x00,
    0x00, 0x00, 0x00, 0x00, 0x00, 0x42, 0x80, 0x80, 0x1f, 0x00, 0x00, 0x00, 0x00, 0xf9, 0xff, 0xff,
    0xff, 0xff, 0xfe, 0xf6, 0xe0, 0xb2, 0x4a, 0x00, 0x00, 0x00, 0x00, 0x00, 0xff, 0xff, 0xff, 0xff,
    0xff, 0xff, 0xff, 0xff, 0xff, 0xff, 0x4c, 0x00, 0x00, 0x00, 0x00, 0xff, 0xff, 0xff, 0xe2, 0xd8,
    0xe6, 0xfe, 0xff, 0xff, 0xff, 0xba, 0x00, 0x00, 0x00, 0x00, 0xff, 0xff, 0xff, 0x24, 0x00, 0x00,
    0x0e, 0x9d, 0xff, 0xff, 0xe8, 0x00, 0x00, 0x00, 0x00, 0xff, 0xff, 0xff, 0x24, 0x00, 0x00, 0x00,
    0x31, 0xff, 0xff, 0xfb, 0x00, 0x00, 0x00, 0x00, 0xff, 0xff, 0xff, 0x24, 0x00, 0x00, 0x00, 0x25,
    0xff, 0xff, 0xff, 0x00, 0x00, 0x00, 0x00, 0xff, 0xff, 0xff, 0x24, 0x00, 0x00, 0x00, 0x35, 0xff,
    0xff, 0xf6, 0x00, 0x00, 0x00, 0x00, 0xff, 0xff, 0xff, 0x24, 0x00, 0x00, 0x00, 0x80, 0xff, 0xff,
    0xde, 0x00, 0x00, 0x00, 0x00, 0xff, 0xff, 0xff, 0xde, 0xd8, 0xd8, 0xe7, 0xff, 0xff, 0xff, 0x95,
    0x00, 0x00, 0x00, 0x00, 0xff, 0xff, 0xff, 0xff, 0xff, 0xff, 0xff, 0xff, 0xc8, 0x7d, 0x0a, 0x00,
    0x00, 0x00, 0x00, 0xff, 0xff, 0xff, 0xff, 0xff, 0xff, 0xff, 0xff, 0xe7, 0x49, 0x00, 0x00, 0x00,
    0x00, 0x00, 0xff, 0xff, 0xff, 0x24, 0x02, 0x1c, 0x9b, 0xff, 0xff, 0xe9, 0x07, 0x00, 0x00, 0x00,
    0x00, 0xff, 0xff, 0xff, 0x24, 0x00, 0x00, 0x09, 0xf4, 0xff, 0xff, 0x49, 0x00, 0x00, 0x00, 0x00,
    0xff, 0xff, 0xff, 0x24, 0x00, 0x00, 0x00, 0xbb, 0xff, 0xff, 0x8e, 0x00, 0x00, 0x00, 0x00, 0xff,
    0xff, 0xff, 0x24, 0x00, 0x00, 0x00, 0x82, 0xff, 0xff, 0xd2, 0x00, 0x00, 0x00, 0x00, 0xff, 0xff,
    0xff, 0x24, 0x00, 0x00, 0x00, 0x4a, 0xff, 0xff, 0xff, 0x18, 0x00, 0x00, 0x00, 0xff, 0xff, 0xff,
    0x24, 0x00, 0x00, 0x00, 0x13, 0xff, 0xff, 0xff, 0x5c, 0x00, 0x00, 0x00, 0xff, 0xff, 0xff, 0x24,
    0x00, 0x00, 0x00, 0x00, 0xd8, 0xff, 0xff, 0xa1, 0x00, 0x00, 0x00, 0xff, 0xff, 0xff, 0x24, 0x00,
    0x00, 0x00, 0x00, 0xa0, 0xff, 0xff, 0xe5, 0x00, 0x00, 0x00, 0x50, 0xb3, 0xdf, 0xf5, 0xfe, 0xff,
    0xf8, 0xe3, 0xbc, 0x65, 0x01, 0x00, 0x00, 0x00, 0x5b, 0xff, 0xff, 0xff, 0xff, 0xff, 0xff, 0xff,
    0xff, 0xff, 0xff, 0x78, 0x00, 0x00, 0x00, 0xc7, 0xff, 0xff, 0xff, 0xf4, 0xdc, 0xd9, 0xea, 0xff,
    0xff, 0xff, 0xd6, 0x00, 0x00, 0x00, 0xef, 0xff, 0xff, 0x83, 0x02, 0x00, 0x00, 0x00, 0x5f, 0xff,
    0xff, 0xf7, 0x00, 0x00, 0x00, 0xfe, 0xff, 0xff, 0x2c, 0x00, 0x00, 0x00, 0x00, 0x0e, 0x5c, 0x5c,
    0x5c, 0x00, 0x00, 0x00, 0xfb, 0xff, 0xff, 0x31, 0x00, 0x00, 0x00, 0x00, 0x00, 0x00, 0x00, 0x00,
    0x00, 0x00, 0x00, 0xe2, 0xff, 0xff, 0xa9, 0x0b, 0x00, 0x00, 0x00, 0x00, 0x00, 0x00, 0x00, 0x00,
    0x00, 0x00, 0xa1, 0xff, 0xff, 0xff, 0xf0, 0xa2, 0x5a, 0x17, 0x00, 0x00, 0x00, 0x00, 0x00, 0x00,
    0x00, 0x1e, 0xe1, 0xff, 0xff, 0xff, 0xff, 0xff, 0xff, 0xc9, 0x69, 0x07, 0x00, 0x00, 0x00, 0x00,
    0x00, 0x10, 0x81, 0xe4, 0xff, 0xff, 0xff, 0xff, 0xff, 0xff, 0xd4, 0x18, 0x00, 0x00, 0x00, 0x00,
    0x00, 0x00, 0x01, 0x34, 0x77, 0xb8, 0xf9, 0xff, 0xff, 0xff, 0xa6, 0x00, 0x00, 0x00, 0x00, 0x00,
    0x00, 0x00, 0x00, 0x00, 0x00, 0x13, 0xb4, 0xff, 0xff, 0xf3, 0x02, 0x00, 0x00, 0x00, 0x00, 0x00,
    0x00, 0x00, 0x00, 0x00, 0x00, 0x23, 0xff, 0xff, 0xff, 0x16, 0x00, 0x00, 0x0c, 0x0c, 0x0c, 0x02,
    0x00, 0x00, 0x00, 0x00, 0x03, 0xff, 0xff, 0xff, 0x23, 0x00, 0x00, 0xfe, 0xff, 0xff, 0x2e, 0x00,
    0x00, 0x00, 0x00, 0x0e, 0xff, 0xff, 0xff, 0x1f, 0x00, 0x00, 0xef, 0xff, 0xff, 0x90, 0x04, 0x00,
    0x00, 0x00, 0x69, 0xff, 0xff, 0xff, 0x0c, 0x00, 0x00, 0xc8, 0xff, 0xff, 0xff, 0xf5, 0xde, 0xd9,
    0xed, 0xff, 0xff, 0xff, 0xde, 0x00, 0x00, 0x00, 0x61, 0xff, 0xff, 0xff, 0xff, 0xff, 0xff, 0xff,
    0xff, 0xff, 0xff, 0x6f, 0x00, 0x00, 0x00, 0x00, 0x54, 0xb5, 0xe0, 0xf6, 0xfe, 0xff, 0xf6, 0xe2,
    0xb7, 0x58, 0x00, 0x00, 0x00, 0x00, 0xff, 0xff, 0xff, 0xff, 0xff, 0xff, 0xff, 0xff, 0xff, 0xff,
    0xff, 0xff, 0x00, 0x00, 0x00, 0xff, 0xff, 0xff, 0xff, 0xff, 0xff, 0xff, 0xff, 0xff, 0xff, 0xff,
    0xff, 0x00, 0x00, 0x00, 0xd8, 0xd8, 0xd8, 0xd8, 0xff, 0xff, 0xff, 0xde, 0xd8, 0xd8, 0xd8, 0xd8,
    0x00, 0x00, 0x00, 0x00, 0x00, 0x00, 0x00, 0xff, 0xff, 0xff, 0x24, 0x00, 0x00, 0x00, 0x00, 0x00,
    0x00, 0x00, 0x00, 0x00, 0x00, 0x00, 0xff, 0xff, 0xff, 0x24, 0x00, 0x00, 0x00, 0x00, 0x00, 0x00,
    0x00, 0x00, 0x00, 0x00, 0x00, 0xff, 0xff, 0xff, 0x24, 0x00, 0x00, 0x00, 0x00, 0x00, 0x00, 0x00,
    0x00, 0x00, 0x00, 0x00, 0xff, 0xff, 0xff, 0x24, 0x00, 0x00, 0x00, 0x00, 0x00, 0x00, 0x00, 0x00,
    0x00, 0x00, 0x00, 0xff, 0xff, 0xff, 0x24, 0x00, 0x00, 0x00, 0x00, 0x00, 0x00, 0x00, 0x00, 0x00,
    0x00, 0x00, 0xff, 0xff, 0xff, 0x24, 0x00, 0x00, 0x00, 0x00, 0x00, 0x00, 0x00, 0x00, 0x00, 0x00,
    0x00, 0xff, 0xff, 0xff, 0x24, 0x00, 0x00, 0x00, 0x00, 0x00, 0x00, 0x00, 0x00, 0x00, 0x00, 0x00,
    0xff, 0xff, 0xff, 0x24, 0x00, 0x00, 0x00, 0x00, 0x00, 0x00, 0x00, 0x00, 0x00, 0x00, 0x00, 0xff,
    0xff, 0xff, 0x24, 0x00, 0x00, 0x00, 0x00, 0x00, 0x00, 0x00, 0x00, 0x00, 0x00, 0x00, 0xff, 0xff,
    0xff, 0x24, 0x00, 0x00, 0x00, 0x00, 0x00, 0x00, 0x00, 0x00, 0x00, 0x00, 0x00, 0xff, 0xff, 0xff,
    0x24, 0x00, 0x00, 0x00, 0x00, 0x00, 0x00, 0x00, 0x00, 0x00, 0x00, 0x00, 0xff, 0xff, 0xff, 0x24,
    0x00, 0x00, 0x00, 0x00, 0x00, 0x00, 0x00, 0x00, 0x00, 0x00, 0x00, 0xff, 0xff, 0xff, 0x24, 0x00,
    0x00, 0x00, 0x00, 0x00, 0x00, 0x00, 0x00, 0x00, 0x00, 0x00, 0xff, 0xff, 0xff, 0x24, 0x00, 0x00,
    0x00, 0x00, 0x00, 0x00, 0x00, 0x00, 0x00, 0x00, 0x00, 0xff, 0xff, 0xff, 0x24, 0x00, 0x00, 0x00,
    0x00, 0x00, 0x00, 0x00, 0x00, 0x00, 0x00, 0x00, 0xff, 0xff, 0xff, 0x24, 0x00, 0x00, 0x00, 0x00,
    0x00, 0x00, 0x00, 0x00, 0xff, 0xff, 0xff, 0x24, 0x00, 0x00, 0x00, 0x00, 0xff, 0xff, 0xff, 0x24,
    0x00, 0x00, 0x00, 0xff, 0xff, 0xff, 0x24, 0x00, 0x00, 0x00, 0x00, 0xff, 0xff, 0xff, 0x24, 0x00,
    0x00, 0x00, 0xff, 0xff, 0xff, 0x24, 0x00, 0x00, 0x00, 0x00, 0xff, 0xff, 0xff, 0x24, 0x00, 0x00,
    0x00, 0xff, 0xff, 0xff, 0x24, 0x00, 0x00, 0x00, 0x00, 0xff, 0xff, 0xff, 0x24, 0x00, 0x00, 0x00,
    0xff, 0xff, 0xff, 0x24, 0x00, 0x00, 0x00, 0x00, 0xff, 0xff, 0xff, 0x24, 0x00, 0x00, 0x00, 0xff,
    0xff, 0xff, 0x24, 0x00, 0x00, 0x00, 0x00, 0xff, 0xff, 0xff, 0x24, 0x00, 0x00, 0x00, 0xff, 0xff,
    0xff, 0x24, 0x00, 0x00, 0x00, 0x00, 0xff, 0xff, 0xff, 0x24, 0x00, 0x00, 0x00, 0xff, 0xff, 0xff,
    0x24, 0x00, 0x00, 0x00, 0x00, 0xff, 0xff, 0xff, 0x24, 0x00, 0x00, 0x00, 0xff, 0xff, 0xff, 0x24,
    0x00, 0x00, 0x00, 0x00, 0xff, 0xff, 0xff, 0x24, 0x00, 0x00, 0x00, 0xff, 0xff, 0xff, 0x24, 0x00,
    0x00, 0x00, 0x00, 0xff, 0xff, 0xff, 0x24, 0x00, 0x00, 0x00, 0xff, 0xff, 0xff, 0x24, 0x00, 0x00,
    0x00, 0x00, 0xff, 0xff, 0xff, 0x24, 0x00, 0x00, 0x00, 0xff, 0xff, 0xff, 0x24, 0x00, 0x00, 0x00,
    0x00, 0xff, 0xff, 0xff, 0x24, 0x00, 0x00, 0x00, 0xff, 0xff, 0xff, 0x24, 0x00, 0x00, 0x00, 0x00,
    0xff, 0xff, 0xff, 0x24, 0x00, 0x00, 0x00, 0xfc, 0xff, 0xff, 0x2b, 0x00, 0x00, 0x00, 0x07, 0xff,
    0xff, 0xff, 0x1f, 0x00, 0x00, 0x00, 0xef, 0xff, 0xff, 0x43, 0x00, 0x00, 0x00, 0x1f, 0xff, 0xff,
    0xff, 0x13, 0x00, 0x00, 0x00, 0xd7, 0xff, 0xff, 0xa5, 0x05, 0x00, 0x01, 0x84, 0xff, 0xff, 0xf7,
    0x02, 0x00, 0x00, 0x00, 0xa1, 0xff, 0xff, 0xff, 0xf3, 0xda, 0xed, 0xff, 0xff, 0xff, 0xc5, 0x00,
    0x00, 0x00, 0x00, 0x30, 0xf8, 0xff, 0xff, 0xff, 0xff, 0xff, 0xff, 0xff, 0xff, 0x4f, 0x00, 0x00,
    0x00, 0x00, 0x00, 0x32, 0xa8, 0xdf, 0xf6, 0xff, 0xf9, 0xe7, 0xb8, 0x4b, 0x00, 0x00, 0x00, 0x14,
    0xff, 0xff, 0xff, 0x23, 0x00, 0x00, 0x00, 0x00, 0x00, 0x77, 0xff, 0xff, 0xc0, 0x00, 0x00, 0xdc,
    0xff, 0xff, 0x58, 0x00, 0x00, 0x00, 0x00, 0x00, 0xaa, 0xff, 0xff, 0x87, 0x00, 0x00, 0xa4, 0xff,
    0xff, 0x8c, 0x00, 0x00, 0x00, 0x00, 0x00, 0xe0, 0xff, 0xff, 0x4e, 0x00, 0x00, 0x6c, 0xff, 0xff,
    0xc1, 0x00, 0x00, 0x00, 0x00, 0x14, 0xff, 0xff, 0xff, 0x17, 0x00, 0x00, 0x34, 0xff, 0xff, 0xf4,
    0x03, 0x00, 0x00, 0x00, 0x49, 0xff, 0xff, 0xdd, 0x00, 0x00, 0x00, 0x05, 0xf6, 0xff, 0xff, 0x2c,
    0x00, 0x00, 0x00, 0x7d, 0xff, 0xff, 0xa4, 0x00, 0x00, 0x00, 0x00, 0xc2, 0xff, 0xff, 0x60, 0x00,
    0x00, 0x00, 0xb1, 0xff, 0xff, 0x6d, 0x00, 0x00, 0x00, 0x00, 0x8a, 0xff, 0xff, 0x96, 0x00, 0x00,
    0x00, 0xe6, 0xff, 0xff, 0x33, 0x00, 0x00, 0x00, 0x00, 0x52, 0xff, 0xff, 0xcb, 0x00, 0x00, 0x1b,
    0xff, 0xff, 0xf6, 0x05, 0x00, 0x00, 0x00, 0x00, 0x1a, 0xff, 0xff, 0xf9, 0x07, 0x00, 0x4f, 0xff,
    0xff, 0xc2, 0x00, 0x00, 0x00, 0x00, 0x00, 0x00, 0xe2, 0xff, 0xff, 0x34, 0x00, 0x84, 0xff, 0xff,
    0x8a, 0x00, 0x00, 0x00, 0x00, 0x00, 0x00, 0xa9, 0xff, 0xff, 0x69, 0x00, 0xb7, 0xff, 0xff, 0x50,
    0x00, 0x00, 0x00, 0x00, 0x00, 0x00, 0x72, 0xff, 0xff, 0x9f, 0x00, 0xed, 0xff, 0xff, 0x18, 0x00,
    0x00, 0x00, 0x00, 0x00, 0x00, 0x3a, 0xff, 0xff, 0xd4, 0x21, 0xff, 0xff, 0xe0, 0x00, 0x00, 0x00,
    0x00, 0x00, 0x00, 0x00, 0x08, 0xf9, 0xff, 0xfd, 0x62, 0xff, 0xff, 0xa6, 0x00, 0x00, 0x00, 0x00,
    0x00, 0x00, 0x00, 0x00, 0xca, 0xff, 0xff, 0xca, 0xff, 0xff, 0x6e, 0x00, 0x00, 0x00, 0x00, 0x00,
    0x00, 0x00, 0x00, 0x90, 0xff, 0xff, 0xff, 0xff, 0xff, 0x36, 0x00, 0x00, 0x00, 0x00, 0x00, 0x00,
    0x00, 0x00, 0x58, 0xff, 0xff, 0xff, 0xff, 0xf7, 0x06, 0x00, 0x00, 0x00, 0x00, 0x00, 0x00, 0x00,
    0x00, 0x20, 0xff, 0xff, 0xff, 0xff, 0xc4, 0x00, 0x00, 0x00, 0x00, 0x00, 0x1c, 0xff, 0xff, 0xff,
    0x00, 0x00, 0xd2, 0xff, 0xff, 0xda, 0x00, 0x00, 0xff, 0xff, 0xff, 0x24, 0x05, 0xff, 0xff, 0xff,
    0x00, 0x01, 0xf4, 0xff, 0xff, 0xfa, 0x04, 0x00, 0xff, 0xff, 0xff, 0x0c, 0x00, 0xec, 0xff, 0xff,
    0x00, 0x18, 0xff, 0xf2, 0xeb, 0xff, 0x21, 0x00, 0xff, 0xff, 0xf4, 0x00, 0x00, 0xd4, 0xff, 0xff,
    0x00, 0x3c, 0xff, 0xd3, 0xc7, 0xff, 0x45, 0x00, 0xff, 0xff, 0xdc, 0x00, 0x00, 0xbe, 0xff, 0xff,
    0x00, 0x5f, 0xff, 0xb9, 0xad, 0xff, 0x68, 0x00, 0xff, 0xff, 0xc4, 0x00, 0x00, 0xa6, 0xff, 0xff,
    0x00, 0x82, 0xff, 0x9e, 0x93, 0xff, 0x8c, 0x00, 0xff, 0xff, 0xae, 0x00, 0x00, 0x8e, 0xff, 0xff,
    0x00, 0xa6, 0xff, 0x83, 0x79, 0xff, 0xb0, 0x00, 0xff, 0xff, 0x96, 0x00, 0x00, 0x76, 0xff, 0xff,
    0x00, 0xc9, 0xff, 0x69, 0x5e, 0xff, 0xd4, 0x00, 0xff, 0xff, 0x7e, 0x00, 0x00, 0x5e, 0xff, 0xff,
    0x00, 0xec, 0xff, 0x4e, 0x44, 0xff, 0xf6, 0x01, 0xff, 0xff, 0x66, 0x00, 0x00, 0x46, 0xff, 0xff,
    0x10, 0xff, 0xff, 0x33, 0x2a, 0xff, 0xff, 0x1b, 0xff, 0xff, 0x4e, 0x00, 0x00, 0x2e, 0xff, 0xff,
    0x33, 0xff, 0xff, 0x1a, 0x0f, 0xff, 0xff, 0x3f, 0xff, 0xff, 0x36, 0x00, 0x00, 0x16, 0xff, 0xff,
    0x54, 0xff, 0xfc, 0x03, 0x00, 0xf5, 0xff, 0x63, 0xff, 0xff, 0x1e, 0x00, 0x00, 0x02, 0xfc, 0xff,
    0x74, 0xff, 0xe5, 0x00, 0x00, 0xdb, 0xff, 0x89, 0xff, 0xff, 0x07, 0x00, 0x00, 0x00, 0xe8, 0xff,
    0x94, 0xff, 0xca, 0x00, 0x00, 0xc1, 0xff, 0xae, 0xff, 0xee, 0x00, 0x00, 0x00, 0x00, 0xd0, 0xff,
    0xb7, 0xff, 0xaf, 0x00, 0x00, 0xa6, 0xff, 0xd4, 0xff, 0xd7, 0x00, 0x00, 0x00, 0x00, 0xb8, 0xff,
    0xe1, 0xff, 0x95, 0x00, 0x00, 0x8d, 0xff, 0xf7, 0xff, 0xc0, 0x00, 0x00, 0x00, 0x00, 0xa0, 0xff,
    0xff, 0xff, 0x7a, 0x00, 0x00, 0x72, 0xff, 0xff, 0xff, 0xa8, 0x00, 0x00, 0x00, 0x00, 0x88, 0xff,
    0xff, 0xff, 0x5f, 0x00, 0x00, 0x57, 0xff, 0xff, 0xff, 0x90, 0x00, 0x00, 0x00, 0x00, 0x70, 0xff,
    0xff, 0xff, 0x46, 0x00, 0x00, 0x3e, 0xff, 0xff, 0xff, 0x78, 0x00, 0x00, 0x00, 0x82, 0xff, 0xff,
    0xe8, 0x05, 0x00, 0x00, 0x00, 0x4b, 0xff, 0xff, 0xff, 0x2b, 0x00, 0x00, 0x17, 0xf8, 0xff, 0xff,
    0x53, 0x00, 0x00, 0x00, 0xaf, 0xff, 0xff, 0xb8, 0x00, 0x00, 0x00, 0x00, 0x9e, 0xff, 0xff, 0xba,
    0x00, 0x00, 0x18, 0xfb, 0xff, 0xff, 0x44, 0x00, 0x00, 0x00, 0x00, 0x2c, 0xff, 0xff, 0xfe, 0x20,
    0x00, 0x78, 0xff, 0xff, 0xd1, 0x01, 0x00, 0x00, 0x00, 0x00, 0x00, 0xb9, 0xff, 0xff, 0x82, 0x01,
    0xdb, 0xff, 0xff, 0x5f, 0x00, 0x00, 0x00, 0x00, 0x00, 0x00, 0x46, 0xff, 0xff, 0xe4, 0x44, 0xff,
    0xff, 0xe5, 0x06, 0x00, 0x00, 0x00, 0x00, 0x00, 0x00, 0x01, 0xd4, 0xff, 0xff, 0xe0, 0xff, 0xff,
    0x79, 0x00, 0x00, 0x00, 0x00, 0x00, 0x00, 0x00, 0x00, 0x61, 0xff, 0xff, 0xff, 0xff, 0xf5, 0x11,
    0x00, 0x00, 0x00, 0x00, 0x00, 0x00, 0x00, 0x00, 0x07, 0xe8, 0xff, 0xff, 0xff, 0x94, 0x00, 0x00,
    0x00, 0x00, 0x00, 0x00, 0x00, 0x00, 0x00, 0x03, 0xdf, 0xff, 0xff, 0xff, 0x86, 0x00, 0x00, 0x00,
    0x00, 0x00, 0x00, 0x00, 0x00, 0x00, 0x50, 0xff, 0xff, 0xff, 0xff, 0xed, 0x09, 0x00, 0x00, 0x00,
    0x00, 0x00, 0x00, 0x00, 0x00, 0xbe, 0xff, 0xff, 0xf3, 0xff, 0xff, 0x65, 0x00, 0x00, 0x00, 0x00,
    0x00, 0x00, 0x00, 0x2d, 0xff, 0xff, 0xf4, 0x64, 0xff, 0xff, 0xd5, 0x01, 0x00, 0x00, 0x00, 0x00,
    0x00, 0x00, 0x9e, 0xff, 0xff, 0x9f, 0x07, 0xed, 0xff, 0xff, 0x42, 0x00, 0x00, 0x00, 0x00, 0x00,
    0x14, 0xf7, 0xff, 0xff, 0x3c, 0x00, 0x93, 0xff, 0xff, 0xb2, 0x00, 0x00, 0x00, 0x00, 0x00, 0x7a,
    0xff, 0xff, 0xdb, 0x01, 0x00, 0x30, 0xff, 0xff, 0xfe, 0x24, 0x00, 0x00, 0x00, 0x04, 0xe4, 0xff,
    0xff, 0x7c, 0x00, 0x00, 0x00, 0xce, 0xff, 0xff, 0x91, 0x00, 0x00, 0x00, 0x56, 0xff, 0xff, 0xfd,
    0x1c, 0x00, 0x00, 0x00, 0x6c, 0xff, 0xff, 0xf3, 0x0f, 0x00, 0x00, 0xc6, 0xff, 0xff, 0xb8, 0x00,
    0x00, 0x00, 0x00, 0x11, 0xf8, 0xff, 0xff, 0x72, 0x00, 0x00, 0x51, 0xff, 0xff, 0xfe, 0x1c, 0x00,
    0x00, 0x00, 0x02, 0xe5, 0xff, 0xff, 0x7c, 0x00, 0x00, 0x04, 0xe6, 0xff, 0xff, 0x70, 0x00, 0x00,
    0x00, 0x3d, 0xff, 0xff, 0xfc, 0x19, 0x00, 0x00, 0x00, 0x84, 0xff, 0xff, 0xc7, 0x00, 0x00, 0x00,
    0x93, 0xff, 0xff, 0xad, 0x00, 0x00, 0x00, 0x00, 0x1f, 0xfe, 0xff, 0xff, 0x1d, 0x00, 0x02, 0xe6,
    0xff, 0xff, 0x46, 0x00, 0x00, 0x00, 0x00, 0x00, 0xb6, 0xff, 0xff, 0x71, 0x00, 0x3d, 0xff, 0xff,
    0xde, 0x02, 0x00, 0x00, 0x00, 0x00, 0x00, 0x50, 0xff, 0xff, 0xc7, 0x00, 0x94, 0xff, 0xff, 0x78,
    0x00, 0x00, 0x00, 0x00, 0x00, 0x00, 0x04, 0xe4, 0xff, 0xff, 0x20, 0xe7, 0xff, 0xfa, 0x16, 0x00,
    0x00, 0x00, 0x00, 0x00, 0x00, 0x00, 0x82, 0xff, 0xff, 0xb3, 0xff, 0xff, 0xa8, 0x00, 0x00, 0x00,
    0x00, 0x00, 0x00, 0x00, 0x00, 0x1e, 0xfd, 0xff, 0xff, 0xff, 0xff, 0x42, 0x00, 0x00, 0x00, 0x00,
    0x00, 0x00, 0x00, 0x00, 0x00, 0xb5, 0xff, 0xff, 0xff, 0xd9, 0x01, 0x00, 0x00, 0x00, 0x00, 0x00,
    0x00, 0x00, 0x00, 0x00, 0x4e, 0xff, 0xff, 0xff, 0x73, 0x00, 0x00, 0x00, 0x00, 0x00, 0x00, 0x00,
    0x00, 0x00, 0x00, 0x04, 0xff, 0xff, 0xff, 0x28, 0x00, 0x00, 0x00, 0x00, 0x00, 0x00, 0x00, 0x00,
    0x00, 0x00, 0x00, 0xff, 0xff, 0xff, 0x24, 0x00, 0x00, 0x00, 0x00, 0x00, 0x00, 0x00, 0x00, 0x00,
    0x00, 0x00, 0xff, 0xff, 0xff, 0x24, 0x00, 0x00, 0x00, 0x00, 0x00, 0x00, 0x00, 0x00, 0x00, 0x00,
    0x00, 0xff, 0xff, 0xff, 0x24, 0x00, 0x00, 0x00, 0x00, 0x00, 0x00, 0x00, 0x00, 0x00, 0x00, 0x00,
    0xff, 0xff, 0xff, 0x24, 0x00, 0x00, 0x00, 0x00, 0x00, 0x00, 0x00, 0x00, 0x00, 0x00, 0x00, 0xff,
    0xff, 0xff, 0x24, 0x00, 0x00, 0x00, 0x00, 0x00, 0x00, 0x00, 0x00, 0x00, 0x00, 0x00, 0xff, 0xff,
    0xff, 0x24, 0x00, 0x00, 0x00, 0x00, 0x00, 0x00, 0x00, 0x00, 0x00, 0x00, 0x00, 0xff, 0xff, 0xff,
    0x24, 0x00, 0x00, 0x00, 0x00, 0x00, 0x00, 0x00, 0xff, 0xff, 0xff, 0xff, 0xff, 0xff, 0xff, 0xff,
    0xff, 0xff, 0xff, 0x00, 0x00, 0x00, 0x00, 0xff, 0xff, 0xff, 0xff, 0xff, 0xff, 0xff, 0xff, 0xff,
    0xff, 0xff, 0x00, 0x00, 0x00, 0x00, 0xd8, 0xd8, 0xd8, 0xd8, 0xd8, 0xd8, 0xd8, 0xf1, 0xff, 0xff,
    0xfd, 0x00, 0x00, 0x00, 0x00, 0x00, 0x00, 0x00, 0x00, 0x00, 0x00, 0x0d, 0xe9, 0xff, 0xff, 0x98,
    0x00, 0x00, 0x00, 0x00, 0x00, 0x00, 0x00, 0x00, 0x00, 0x00, 0x83, 0xff, 0xff, 0xef, 0x14, 0x00,
    0x00, 0x00, 0x00, 0x00, 0x00, 0x00, 0x00, 0x00, 0x1c, 0xf6, 0xff, 0xff, 0x6c, 0x00, 0x00, 0x00,
    0x00, 0x00, 0x00, 0x00, 0x00, 0x00, 0x00, 0xa0, 0xff, 0xff, 0xd1, 0x03, 0x00, 0x00, 0x00, 0x00,
    0x00, 0x00, 0x00, 0x00, 0x00, 0x30, 0xfe, 0xff, 0xff, 0x3e, 0x00, 0x00, 0x00, 0x00, 0x00, 0x00,
    0x00, 0x00, 0x00, 0x00, 0xbc, 0xff, 0xff, 0xa8, 0x00, 0x00, 0x00, 0x00, 0x00, 0x00, 0x00, 0x00,
    0x00, 0x00, 0x4a, 0xff, 0xff, 0xf5, 0x1d, 0x00, 0x00, 0x00, 0x00, 0x00, 0x00, 0x00, 0x00, 0x00,
    0x03, 0xd5, 0xff, 0xff, 0x7c, 0x00, 0x00, 0x00, 0x00, 0x00, 0x00, 0x00, 0x00, 0x00, 0x00, 0x66,
    0xff, 0xff, 0xdd, 0x07, 0x00, 0x00, 0x00, 0x00, 0x00, 0x00, 0x00, 0x00, 0x00, 0x0c, 0xe9, 0xff,
    0xff, 0x4e, 0x00, 0x00, 0x00, 0x00, 0x00, 0x00, 0x00, 0x00, 0x00, 0x00, 0x82, 0xff, 0xff, 0xb8,
    0x00, 0x00, 0x00, 0x00, 0x00, 0x00, 0x00, 0x00, 0x00, 0x00, 0x1b, 0xf6, 0xff, 0xfa, 0x27, 0x00,
    0x00, 0x00, 0x00, 0x00, 0x00, 0x00, 0x00, 0x00, 0x00, 0x9e, 0xff, 0xff, 0x8b, 0x00, 0x00, 0x00,
    0x00, 0x00, 0x00, 0x00, 0x00, 0x00, 0x00, 0x00, 0xfe, 0xff, 0xff, 0xe0, 0xd8, 0xd8, 0xd8, 0xd8,
    0xd8, 0xd8, 0xd8, 0x00, 0x00, 0x00, 0x00, 0xff, 0xff, 0xff, 0xff, 0xff, 0xff, 0xff, 0xff, 0xff,
    0xff, 0xff, 0x00, 0x00, 0x00, 0x00, 0xff, 0xff, 0xff, 0xff, 0xff, 0xff, 0xff, 0xff, 0xff, 0xff,
    0xff, 0x00, 0x00, 0x00, 0x00, 0x00, 0x00, 0x00, 0xff, 0xff, 0xff, 0xff, 0xff, 0xff, 0x80, 0x00,
    0x00, 0x00, 0x00, 0x00, 0x00, 0x00, 0x00, 0xff, 0xff, 0xff, 0xff, 0xff, 0xff, 0x80, 0x00, 0x00,
    0x00, 0x00, 0x00, 0x00, 0x00, 0x00, 0xff, 0xff, 0xff, 0xde, 0xd8, 0xd8, 0x6c, 0x00, 0x00, 0x00,
    0x00, 0x00, 0x00, 0x00, 0x00, 0xff, 0xff, 0xff, 0x24, 0x00, 0x00, 0x00, 0x00, 0x00, 0x00, 0x00,
    0x00, 0x00, 0x00, 0x00, 0xff, 0xff, 0xff, 0x24, 0x00, 0x00, 0x00, 0x00, 0x00, 0x00, 0x00, 0x00,
    0x00, 0x00, 0x00, 0xff, 0xff, 0xff, 0x24, 0x00, 0x00, 0x00, 0x00, 0x00, 0x00, 0x00, 0x00, 0x00,
    0x00, 0x00, 0xff, 0xff, 0xff, 0x24, 0x00, 0x00, 0x00, 0x00, 0x00, 0x00, 0x00, 0x00, 0x00, 0x00,
    0x00, 0xff, 0xff, 0xff, 0x24, 0x00, 0x00, 0x00, 0x00, 0x00, 0x00, 0x00, 0x00, 0x00, 0x00, 0x00,
    0xff, 0xff, 0xff, 0x24, 0x00, 0x00, 0x00, 0x00, 0x00, 0x00, 0x00, 0x00, 0x00, 0x00, 0x00, 0xff,
    0xff, 0xff, 0x24, 0x00, 0x00, 0x00, 0x00, 0x00, 0x00, 0x00, 0x00, 0x00, 0x00, 0x00, 0xff, 0xff,
    0xff, 0x24, 0x00, 0x00, 0x00, 0x00, 0x00, 0x00, 0x00, 0x00, 0x00, 0x00, 0x00, 0xff, 0xff, 0xff,
    0x24, 0x00, 0x00, 0x00, 0x00, 0x00, 0x00, 0x00, 0x00, 0x00, 0x00, 0x00, 0xff, 0xff, 0xff, 0x24,
    0x00, 0x00, 0x00, 0x00, 0x00, 0x00, 0x00, 0x00, 0x00, 0x00, 0x00, 0xff, 0xff, 0xff, 0x24, 0x00,
    0x00, 0x00, 0x00, 0x00, 0x00, 0x00, 0x00, 0x00, 0x00, 0x00, 0xff, 0xff, 0xff, 0x24, 0x00, 0x00,
    0x00, 0x00, 0x00, 0x00, 0x00, 0x00, 0x00, 0x00, 0x00, 0xff, 0xff, 0xff, 0x24, 0x00, 0x00, 0x00,
    0x00, 0x00, 0x00, 0x00, 0x00, 0x00, 0x00, 0x00, 0xff, 0xff, 0xff, 0x24, 0x00, 0x00, 0x00, 0x00,
    0x00, 0x00, 0x00, 0x00, 0x00, 0x00, 0x00, 0xff, 0xff, 0xff, 0x24, 0x00, 0x00, 0x00, 0x00, 0x00,
    0x00, 0x00, 0x00, 0x00, 0x00, 0x00, 0xff, 0xff, 0xff, 0x24, 0x00, 0x00, 0x00, 0x00, 0x00, 0x00,
    0x00, 0x00, 0x00, 0x00, 0x00, 0xff, 0xff, 0xff, 0x24, 0x00, 0x00, 0x00, 0x00, 0x00, 0x00, 0x00,
    0x00, 0x00, 0x00, 0x00, 0xff, 0xff, 0xff, 0x24, 0x00, 0x00, 0x00, 0x00, 0x00, 0x00, 0x00, 0x00,
    0x00, 0x00, 0x00, 0xff, 0xff, 0xff, 0x24, 0x00, 0x00, 0x00, 0x00, 0x00, 0x00, 0x00, 0x00, 0x00,
    0x00, 0x00, 0xff, 0xff, 0xff, 0xff, 0xff, 0xff, 0x80, 0x00, 0x00, 0x00, 0x00, 0x00, 0x00, 0x00,
    0x00, 0xff, 0xff, 0xff, 0xff, 0xff, 0xff, 0x80, 0x00, 0x00, 0x00, 0x00, 0x00, 0x00, 0x00, 0x00,
    0xd8, 0xd8, 0xd8, 0xd8, 0xd8, 0xd8, 0x6c, 0x00, 0x00, 0x00, 0x00, 0x6a, 0xff, 0xff, 0xd2, 0x00,
    0x00, 0x00, 0x00, 0x00, 0x00, 0x00, 0x00, 0x00, 0x00, 0x00, 0x14, 0xfb, 0xff, 0xff, 0x2e, 0x00,
    0x00, 0x00, 0x00, 0x00, 0x00, 0x00, 0x00, 0x00, 0x00, 0x00, 0xb3, 0xff, 0xff, 0x89, 0x00, 0x00,
    0x00, 0x00, 0x00, 0x00, 0x00, 0x00, 0x00, 0x00, 0x00, 0x57, 0xff, 0xff, 0xe3, 0x02, 0x00, 0x00,
    0x00, 0x00, 0x00, 0x00, 0x00, 0x00, 0x00, 0x00, 0x0a, 0xf2, 0xff, 0xff, 0x41, 0x00, 0x00, 0x00,
    0x00, 0x00, 0x00, 0x00, 0x00, 0x00, 0x00, 0x00, 0xa0, 0xff, 0xff, 0x9c, 0x00, 0x00, 0x00, 0x00,
    0x00, 0x00, 0x00, 0x00, 0x00, 0x00, 0x00, 0x45, 0xff, 0xff, 0xf1, 0x08, 0x00, 0x00, 0x00, 0x00,
    0x00, 0x00, 0x00, 0x00, 0x00, 0x00, 0x03, 0xe6, 0xff, 0xff, 0x55, 0x00, 0x00, 0x00, 0x00, 0x00,
    0x00, 0x00, 0x00, 0x00, 0x00, 0x00, 0x8d, 0xff, 0xff, 0xb1, 0x00, 0x00, 0x00, 0x00, 0x00, 0x00,
    0x00, 0x00, 0x00, 0x00, 0x00, 0x31, 0xff, 0xff, 0xf9, 0x13, 0x00, 0x00, 0x00, 0x00, 0x00, 0x00,
    0x00, 0x00, 0x00, 0x00, 0x00, 0xd6, 0xff, 0xff, 0x69, 0x00, 0x00, 0x00, 0x00, 0x00, 0x00, 0x00,
    0x00, 0x00, 0x00, 0x00, 0x7b, 0xff, 0xff, 0xc4, 0x00, 0x00, 0x00, 0x00, 0x00, 0x00, 0x00, 0x00,
    0x00, 0x00, 0x00, 0x1f, 0xff, 0xff, 0xff, 0x21, 0x00, 0x00, 0x00, 0x00, 0x00, 0x00, 0x00, 0x00,
    0x00, 0x00, 0x00, 0xc3, 0xff, 0xff, 0x7c, 0x00, 0x00, 0x00, 0x00, 0x00, 0x00, 0x00, 0x00, 0x00,
    0x00, 0x00, 0x67, 0xff, 0xff, 0xd7, 0x00, 0x00, 0x00, 0x00, 0x00, 0x00, 0x00, 0x00, 0x00, 0x00,
    0x00, 0x12, 0xf9, 0xff, 0xff, 0x33, 0x00, 0x00, 0x00, 0x00, 0x00, 0x00, 0x00, 0x00, 0x00, 0x00,
    0x00, 0xb0, 0xff, 0xff, 0x8f, 0x00, 0x00, 0x00, 0x00, 0x00, 0x00, 0x00, 0x00, 0x00, 0x00, 0x00,
    0x54, 0xff, 0xff, 0xe8, 0x03, 0x00, 0x00, 0x00, 0x00, 0x00, 0x00, 0x00, 0x00, 0x00, 0x00, 0x08,
    0xf1, 0xff, 0xff, 0x47, 0x00, 0x00, 0x00, 0x00, 0x00, 0x00, 0x00, 0x00, 0x00, 0x00, 0x00, 0x9c,
    0xff, 0xff, 0xa3, 0x00, 0x00, 0x00, 0x00, 0x00, 0x00, 0x00, 0x00, 0x00, 0x00, 0x00, 0x41, 0xff,
    0xff, 0xf4, 0x0b, 0x00, 0x00, 0x00, 0x00, 0x00, 0x00, 0x00, 0x00, 0x00, 0x00, 0x02, 0xe3, 0xff,
    0xff, 0x5a, 0x00, 0x00, 0x00, 0x00, 0x00, 0x00, 0x00, 0x00, 0x00, 0x00, 0x00, 0x8a, 0xff, 0xff,
    0xb6, 0x00, 0x00, 0x00, 0x00, 0x00, 0x00, 0x00, 0x00, 0x00, 0x00, 0x00, 0x2e, 0xff, 0xff, 0xfc,
    0x16, 0x00, 0x00, 0x00, 0x80, 0xff, 0xff, 0xff, 0xff, 0xff, 0xff, 0x24, 0x00, 0x00, 0x00, 0x00,
    0x00, 0x00, 0x00, 0x80, 0xff, 0xff, 0xff, 0xff, 0xff, 0xff, 0x24, 0x00, 0x00, 0x00, 0x00, 0x00,
    0x00, 0x00, 0x6c, 0xd8, 0xd8, 0xd8, 0xff, 0xff, 0xff, 0x24, 0x00, 0x00, 0x00, 0x00, 0x00, 0x00,
    0x00, 0x00, 0x00, 0x00, 0x00, 0xff, 0xff, 0xff, 0x24, 0x00, 0x00, 0x00, 0x00, 0x00, 0x00, 0x00,
    0x00, 0x00, 0x00, 0x00, 0xff, 0xff, 0xff, 0x24, 0x00, 0x00, 0x00, 0x00, 0x00, 0x00, 0x00, 0x00,
    0x00, 0x00, 0x00, 0xff, 0xff, 0xff, 0x24, 0x00, 0x00, 0x00, 0x00, 0x00, 0x00, 0x00, 0x00, 0x00,
    0x00, 0x00, 0xff, 0xff, 0xff, 0x24, 0x00, 0x00, 0x00, 0x00, 0x00, 0x00, 0x00, 0x00, 0x00, 0x00,
    0x00, 0xff, 0xff, 0xff, 0x24, 0x00, 0x00, 0x00, 0x00, 0x00, 0x00, 0x00, 0x00, 0x00, 0x00, 0x00,
    0xff, 0xff, 0xff, 0x24, 0x00, 0x00, 0x00, 0x00, 0x00, 0x00, 0x00, 0x00, 0x00, 0x00, 0x00, 0xff,
    0xff, 0xff, 0x24, 0x00, 0x00, 0x00, 0x00, 0x00, 0x00, 0x00, 0x00, 0x00, 0x00, 0x00, 0xff, 0xff,
    0xff, 0x24, 0x00, 0x00, 0x00, 0x00, 0x00, 0x00, 0x00, 0x00, 0x00, 0x00, 0x00, 0xff, 0xff, 0xff,
    0x24, 0x00, 0x00, 0x00, 0x00, 0x00, 0x00, 0x00, 0x00, 0x00, 0x00, 0x00, 0xff, 0xff, 0xff, 0x24,
    0x00, 0x00, 0x00, 0x00, 0x00, 0x00, 0x00, 0x00, 0x00, 0x00, 0x00, 0xff, 0xff, 0xff, 0x24, 0x00,
    0x00, 0x00, 0x00, 0x00, 0x00, 0x00, 0x00, 0x00, 0x00, 0x00, 0xff, 0xff, 0xff, 0x24, 0x00, 0x00,
    0x00, 0x00, 0x00, 0x00, 0x00, 0x00, 0x00, 0x00, 0x00, 0xff, 0xff, 0xff, 0x24, 0x00, 0x00, 0x00,
    0x00, 0x00, 0x00, 0x00, 0x00, 0x00, 0x00, 0x00, 0xff, 0xff, 0xff, 0x24, 0x00, 0x00, 0x00, 0x00,
    0x00, 0x00, 0x00, 0x00, 0x00, 0x00, 0x00, 0xff, 0xff, 0xff, 0x24, 0x00, 0x00, 0x00, 0x00, 0x00,
    0x00, 0x00, 0x00, 0x00, 0x00, 0x00, 0xff, 0xff, 0xff, 0x24, 0x00, 0x00, 0x00, 0x00, 0x00, 0x00,
    0x00, 0x00, 0x00, 0x00, 0x00, 0xff, 0xff, 0xff, 0x24, 0x00, 0x00, 0x00, 0x00, 0x00, 0x00, 0x00,
    0x00, 0x00, 0x00, 0x00, 0xff, 0xff, 0xff, 0x24, 0x00, 0x00, 0x00, 0x00, 0x00, 0x00, 0x00, 0x00,
    0x00, 0x00, 0x00, 0xff, 0xff, 0xff, 0x24, 0x00, 0x00, 0x00, 0x00, 0x00, 0x00, 0x00, 0x80, 0xff,
    0xff, 0xff, 0xff, 0xff, 0xff, 0x24, 0x00, 0x00, 0x00, 0x00, 0x00, 0x00, 0x00, 0x80, 0xff, 0xff,
    0xff, 0xff, 0xff, 0xff, 0x24, 0x00, 0x00, 0x00, 0x00, 0x00, 0x00, 0x00, 0x6c, 0xd8, 0xd8, 0xd8,
    0xd8, 0xd8, 0xd8, 0x1e, 0x00, 0x00, 0x00, 0x00, 0x00, 0x00, 0x00, 0x00, 0x00, 0x00, 0x34, 0x80,
    0x80, 0x7f, 0x09, 0x00, 0x00, 0x00, 0x00, 0x00, 0x00, 0x00, 0x00, 0x00, 0x00, 0xc8, 0xff, 0xff,
    0xff, 0x71, 0x00, 0x00, 0x00, 0x00, 0x00, 0x00, 0x00, 0x00, 0x00, 0x49, 0xff, 0xff, 0xff, 0xff,
    0xe8, 0x0a, 0x00, 0x00, 0x00, 0x00, 0x00, 0x00, 0x00, 0x01, 0xca, 0xff, 0xff, 0xbf, 0xff, 0xff,
    0x75, 0x00, 0x00, 0x00, 0x00, 0x00, 0x00, 0x00, 0x4d, 0xff, 0xff, 0xc4, 0x1d, 0xfb, 0xff, 0xec,
    0x0c, 0x00, 0x00, 0x00, 0x00, 0x00, 0x01, 0xcd, 0xff, 0xff, 0x50, 0x00, 0xa5, 0xff, 0xff, 0x78,
    0x00, 0x00, 0x00, 0x00, 0x00, 0x50, 0xff, 0xff, 0xdb, 0x02, 0x00, 0x32, 0xff, 0xff, 0xec, 0x0e,
    0x00, 0x00, 0x00, 0x01, 0xcf, 0xff, 0xff, 0x6a, 0x00, 0x00, 0x00, 0xbe, 0xff, 0xff, 0x7c, 0x00,
    0x00, 0x00, 0x00, 0x00, 0x00, 0x00, 0x00, 0x00, 0x00, 0x00, 0x00, 0x00, 0x00, 0x00, 0x00, 0x00,
    0x00, 0x00, 0x00, 0x00, 0x00, 0x00, 0x00, 0x00, 0x00, 0x00, 0x00, 0x00, 0x00, 0x00, 0x00, 0x00,
    0x00, 0x00, 0x00, 0x00, 0x00, 0x00, 0x00, 0x00, 0x00, 0x00, 0x00, 0x00, 0x00, 0x00, 0x00, 0x00,
    0x00, 0x00, 0x00, 0x00, 0x00, 0x00, 0x00, 0x00, 0x00, 0x00, 0x00, 0x00, 0x00, 0x00, 0x00, 0x00,
    0x00, 0x00, 0x00, 0x00, 0x00, 0x00, 0x00, 0x00, 0x00, 0x00, 0x00, 0x00, 0x00, 0x00, 0x00, 0x00,
    0x00, 0x00, 0x00, 0x00, 0x00, 0x00, 0x00, 0x00, 0x00, 0x00, 0x00, 0x00, 0x00, 0x00, 0x00, 0x00,
    0x00, 0x00, 0x00, 0x00, 0x00, 0x00, 0x00, 0x00, 0x00, 0x00, 0x00, 0x00, 0x00, 0x00, 0x00, 0x00,
    0x00, 0x00, 0x00, 0x00, 0x00, 0x00, 0x00, 0x00, 0x00, 0x00, 0x00, 0x00, 0x00, 0x00, 0x00, 0x00,
    0x00, 0x00, 0x00, 0x00, 0x00, 0x00, 0x00, 0x00, 0x00, 0x00, 0x00, 0x00, 0x00, 0x00, 0x00, 0x00,
    0x00, 0x00, 0x00, 0x00, 0x00, 0x00, 0x00, 0x00, 0x00, 0x00, 0x00, 0x00, 0x00, 0x00, 0x00, 0x00,
    0x00, 0x00, 0x00, 0x00, 0x00, 0x00, 0x00, 0x00, 0x00, 0x00, 0x00, 0x00, 0x00, 0x00, 0x00, 0x00,
    0x00, 0x00, 0x00, 0x00, 0x00, 0x00, 0x00, 0xd8, 0xd8, 0xd8, 0xd8, 0xd8, 0xd8, 0xd8, 0xd8, 0xd8,
    0xd8, 0x00, 0x00, 0x00, 0x00, 0x00, 0xff, 0xff, 0xff, 0xff, 0xff, 0xff, 0xff, 0xff, 0xff, 0xff,
    0x00, 0x00, 0x00, 0x00, 0x00, 0xff, 0xff, 0xff, 0xff, 0xff, 0xff, 0xff, 0xff, 0xff, 0xff, 0x00,
    0x00, 0x00, 0x00, 0x00, 0x00, 0x00, 0x4e, 0xff, 0xff, 0xf0, 0x1b, 0x00, 0x00, 0x00, 0x00, 0x00,
    0x00, 0x00, 0x00, 0x00, 0x00, 0x00, 0x86, 0xff, 0xff, 0xb2, 0x00, 0x00, 0x00, 0x00, 0x00, 0x00,
    0x00, 0x00, 0x00, 0x00, 0x00, 0x03, 0xbb, 0xff, 0xff, 0x5b, 0x00, 0x00, 0x00, 0x00, 0x00, 0x00,
    0x00, 0x00, 0x00, 0x00, 0x00, 0x15, 0xe3, 0xff, 0xed, 0x18, 0x00, 0x00, 0x00, 0x00, 0x00, 0x00,
    0x00, 0x00, 0x00, 0x00, 0x00, 0x00, 0x00, 0x00, 0x00, 0x00, 0x00, 0x00, 0x00, 0x00, 0x00, 0x00,
    0x00, 0x00, 0x00, 0x00, 0x00, 0x00, 0x00, 0x00, 0x00, 0x00, 0x00, 0x00, 0x00, 0x00, 0x00, 0x00,
    0x00, 0x00, 0x00, 0x00, 0x00, 0x00, 0x00, 0x00, 0x00, 0x00, 0x00, 0x00, 0x00, 0x00, 0x00, 0x00,
    0x00, 0x00, 0x00, 0x00, 0x00, 0x00, 0x00, 0x00, 0x00, 0x00, 0x00, 0x00, 0x00, 0x00, 0x00, 0x00,
    0x00, 0x00, 0x00, 0x00, 0x00, 0x00, 0x00, 0x00, 0x00, 0x00, 0x00, 0x00, 0x00, 0x00, 0x00, 0x00,
    0x00, 0x00, 0x00, 0x00, 0x00, 0x00, 0x00, 0x00, 0x00, 0x00, 0x00, 0x00, 0x00, 0x00, 0x00, 0x00,
    0x00, 0x00, 0x00, 0x00, 0x00, 0x00, 0x00, 0x00, 0x00, 0x00, 0x00, 0x00, 0x00, 0x00, 0x00, 0x00,
    0x00, 0x00, 0x00, 0x00, 0x00, 0x00, 0x00, 0x00, 0x00, 0x00, 0x00, 0x00, 0x00, 0x00, 0x00, 0x00,
    0x00, 0x00, 0x00, 0x00, 0x00, 0x00, 0x00, 0x00, 0x00, 0x00, 0x00, 0x00, 0x00, 0x00, 0x00, 0x00,
    0x00, 0x00, 0x00, 0x00, 0x00, 0x00, 0x00, 0x00, 0x00, 0x00, 0x00, 0x00, 0x00, 0x00, 0x00, 0x00,
    0x00, 0x00, 0x00, 0x00, 0x00, 0x00, 0x00, 0x00, 0x00, 0x00, 0x00, 0x00, 0x00, 0x00, 0x00, 0x00,
    0x00, 0x00, 0x00, 0x00, 0x00, 0x00, 0x00, 0x00, 0x00, 0x00, 0x00, 0x00, 0x00, 0x00, 0x00, 0x00,
    0x00, 0x00, 0x00, 0x00, 0x00, 0x00, 0x00, 0x00, 0x00, 0x00, 0x00, 0x00, 0x00, 0x00, 0x00, 0x00,
    0x00, 0x00, 0x00, 0x00, 0x00, 0x00, 0x00, 0x00, 0x00, 0x00, 0x00, 0x00, 0x00, 0x00, 0x00, 0x00,
    0x00, 0x00, 0x00, 0x00, 0x00, 0x00, 0x00, 0x00, 0x00, 0x00, 0x00, 0x00, 0x00, 0x00, 0x00, 0x00,
    0x00, 0x00, 0x00, 0x00, 0x00, 0x00, 0x00, 0x00, 0x00, 0x00, 0x00, 0x00, 0x00, 0x00, 0x00, 0x09,
    0x84, 0xd0, 0xf0, 0xfc, 0xff, 0xf8, 0xe3, 0xba, 0x53, 0x00, 0x00, 0x00, 0x00, 0x00, 0x94, 0xff,
    0xff, 0xff, 0xff, 0xff, 0xff, 0xff, 0xff, 0xff, 0x58, 0x00, 0x00, 0x00, 0x00, 0xe1, 0xff, 0xff,
    0xfe, 0xe1, 0xd9, 0xea, 0xff, 0xff, 0xff, 0xbf, 0x00, 0x00, 0x00, 0x00, 0xfa, 0xff, 0xff, 0x4c,
    0x00, 0x00, 0x00, 0x69, 0xff, 0xff, 0xeb, 0x00, 0x00, 0x00, 0x00, 0x34, 0x34, 0x34, 0x07, 0x00,
    0x00, 0x00, 0x27, 0xff, 0xff, 0xfc, 0x00, 0x00, 0x00, 0x00, 0x00, 0x17, 0x77, 0xab, 0xc7, 0xd4,
    0xd8, 0xde, 0xff, 0xff, 0xff, 0x00, 0x00, 0x00, 0x00, 0x28, 0xed, 0xff, 0xff, 0xff, 0xff, 0xff,
    0xff, 0xff, 0xff, 0xff, 0x00, 0x00, 0x00, 0x00, 0xa4, 0xff, 0xff, 0xff, 0xff, 0xff, 0xff, 0xff,
    0xff, 0xff, 0xff, 0x00, 0x00, 0x00, 0x00, 0xdf, 0xff, 0xff, 0x9d, 0x17, 0x02, 0x00, 0x26, 0xff,
    0xff, 0xff, 0x00, 0x00, 0x00, 0x00, 0xf8, 0xff, 0xff, 0x33, 0x00, 0x00, 0x00, 0x33, 0xff, 0xff,
    0xff, 0x00, 0x00, 0x00, 0x00, 0xff, 0xff, 0xff, 0x27, 0x00, 0x00, 0x00, 0x58, 0xff, 0xff, 0xff,
    0x00, 0x00, 0x00, 0x00, 0xf8, 0xff, 0xff, 0x5b, 0x00, 0x00, 0x12, 0xc9, 0xff, 0xff, 0xff, 0x00,
    0x00, 0x00, 0x00, 0xdd, 0xff, 0xff, 0xfe, 0xdf, 0xde, 0xfb, 0xff, 0xfe, 0xff, 0xff, 0x00, 0x00,
    0x00, 0x00, 0x96, 0xff, 0xff, 0xff, 0xff, 0xff, 0xff, 0xcc, 0xd4, 0xff, 0xff, 0x00, 0x00, 0x00,
    0x00, 0x0f, 0x96, 0xdd, 0xf8, 0xff, 0xf5, 0xc8, 0x2e, 0xd4, 0xff, 0xff, 0x00, 0x00, 0x00, 0x00,
    0xff, 0xff, 0xff, 0x24, 0x00, 0x00, 0x00, 0x00, 0x00, 0x00, 0x00, 0x00, 0x00, 0x00, 0x00, 0xff,
    0xff, 0xff, 0x24, 0x00, 0x00, 0x00, 0x00, 0x00, 0x00, 0x00, 0x00, 0x00, 0x00, 0x00, 0xff, 0xff,
    0xff, 0x24, 0x00, 0x00, 0x00, 0x00, 0x00, 0x00, 0x00, 0x00, 0x00, 0x00, 0x00, 0xff, 0xff, 0xff,
    0x24, 0x00, 0x00, 0x00, 0x00, 0x00, 0x00, 0x00, 0x00, 0x00, 0x00, 0x00, 0xff, 0xff, 0xff, 0x24,
    0x00, 0x00, 0x00, 0x00, 0x00, 0x00, 0x00, 0x00, 0x00, 0x00, 0x00, 0xff, 0xff, 0xff, 0x45, 0xcc,
    0xfa, 0xfe, 0xee, 0xbf, 0x4f, 0x00, 0x00, 0x00, 0x00, 0x00, 0xff, 0xff, 0xff, 0xc7, 0xff, 0xff,
    0xff, 0xff, 0xff, 0xff, 0x45, 0x00, 0x00, 0x00, 0x00, 0xff, 0xff, 0xff, 0xff, 0xf5, 0xda, 0xf0,
    0xff, 0xff, 0xff, 0xb2, 0x00, 0x00, 0x00, 0x00, 0xff, 0xff, 0xff, 0xc2, 0x0b, 0x00, 0x04, 0x9f,
    0xff, 0xff, 0xea, 0x00, 0x00, 0x00, 0x00, 0xff, 0xff, 0xff, 0x5a, 0x00, 0x00, 0x00, 0x31, 0xff,
    0xff, 0xff, 0x08, 0x00, 0x00, 0x00, 0xff, 0xff, 0xff, 0x37, 0x00, 0x00, 0x00, 0x0f, 0xff, 0xff,
    0xff, 0x18, 0x00, 0x00, 0x00, 0xff, 0xff, 0xff, 0x28, 0x00, 0x00, 0x00, 0x04, 0xff, 0xff, 0xff,
    0x21, 0x00, 0x00, 0x00, 0xff, 0xff, 0xff, 0x24, 0x00, 0x00, 0x00, 0x00, 0xff, 0xff, 0xff, 0x24,
    0x00, 0x00, 0x00, 0xff, 0xff, 0xff, 0x28, 0x00, 0x00, 0x00, 0x04, 0xff, 0xff, 0xff, 0x21, 0x00,
    0x00, 0x00, 0xff, 0xff, 0xff, 0x34, 0x00, 0x00, 0x00, 0x0f, 0xff, 0xff, 0xff, 0x18, 0x00, 0x00,
    0x00, 0xff, 0xff, 0xff, 0x56, 0x00, 0x00, 0x00, 0x31, 0xff, 0xff, 0xff, 0x08, 0x00, 0x00, 0x00,
    0xff, 0xff, 0xff, 0xc2, 0x0b, 0x00, 0x04, 0xa2, 0xff, 0xff, 0xeb, 0x00, 0x00, 0x00, 0x00, 0xff,
    0xff, 0xff, 0xff, 0xf5, 0xda, 0xf1, 0xff, 0xff, 0xff, 0xb3, 0x00, 0x00, 0x00, 0x00, 0xff, 0xff,
    0xe8, 0xea, 0xff, 0xff, 0xff, 0xff, 0xff, 0xff, 0x45, 0x00, 0x00, 0x00, 0x00, 0xff, 0xff, 0xdc,
    0x4e, 0xdb, 0xfb, 0xfe, 0xed, 0xbf, 0x4c, 0x00, 0x00, 0x00, 0x00, 0x00, 0x00, 0x1b, 0x93, 0xd3,
    0xf1, 0xfe, 0xfe, 0xf0, 0xcc, 0x73, 0x02, 0x00, 0x00, 0x00, 0x00, 0x11, 0xe3, 0xff, 0xff, 0xff,
    0xff, 0xff, 0xff, 0xff, 0xff, 0x71, 0x00, 0x00, 0x00, 0x00, 0x78, 0xff, 0xff, 0xff, 0xfa, 0xdc,
    0xe6, 0xff, 0xff, 0xff, 0xcd, 0x00, 0x00, 0x00, 0x00, 0xba, 0xff, 0xff, 0xcb, 0x11, 0x00, 0x00,
    0x78, 0xff, 0xff, 0xf1, 0x00, 0x00, 0x00, 0x00, 0xde, 0xff, 0xff, 0x60, 0x00, 0x00, 0x00, 0x23,
    0xc8, 0xc8, 0xc6, 0x00, 0x00, 0x00, 0x00, 0xf2, 0xff, 0xff, 0x38, 0x00, 0x00, 0x00, 0x00, 0x00,
    0x00, 0x00, 0x00, 0x00, 0x00, 0x00, 0xfc, 0xff, 0xff, 0x28, 0x00, 0x00, 0x00, 0x00, 0x00, 0x00,
    0x00, 0x00, 0x00, 0x00, 0x00, 0xff, 0xff, 0xff, 0x24, 0x00, 0x00, 0x00, 0x00, 0x00, 0x00, 0x00,
    0x00, 0x00, 0x00, 0x00, 0xfc, 0xff, 0xff, 0x28, 0x00, 0x00, 0x00, 0x00, 0x00, 0x00, 0x00, 0x00,
    0x00, 0x00, 0x00, 0xf2, 0xff, 0xff, 0x39, 0x00, 0x00, 0x00, 0x00, 0x00, 0x00, 0x00, 0x00, 0x00,
    0x00, 0x00, 0xdd, 0xff, 0xff, 0x61, 0x00, 0x00, 0x00, 0x0d, 0x78, 0x78, 0x78, 0x00, 0x00, 0x00,
    0x00, 0xb8, 0xff, 0xff, 0xcc, 0x11, 0x00, 0x00, 0x5d, 0xff, 0xff, 0xf6, 0x00, 0x00, 0x00, 0x00,
    0x73, 0xff, 0xff, 0xff, 0xfb, 0xde, 0xdf, 0xfe, 0xff, 0xff, 0xd6, 0x00, 0x00, 0x00, 0x00, 0x0e,
    0xdc, 0xff, 0xff, 0xff, 0xff, 0xff, 0xff, 0xff, 0xff, 0x7d, 0x00, 0x00, 0x00, 0x00, 0x00, 0x15,
    0x8a, 0xcd, 0xf0, 0xfd, 0xfe, 0xf1, 0xd0, 0x7a, 0x04, 0x00, 0x00, 0x00, 0x00, 0x00, 0x00, 0x00,
    0x00, 0x00, 0x00, 0x00, 0xff, 0xff, 0xff, 0x24, 0x00, 0x00, 0x00, 0x00, 0x00, 0x00, 0x00, 0x00,
    0x00, 0x00, 0x00, 0xff, 0xff, 0xff, 0x24, 0x00, 0x00, 0x00, 0x00, 0x00, 0x00, 0x00, 0x00, 0x00,
    0x00, 0x00, 0xff, 0xff, 0xff, 0x24, 0x00, 0x00, 0x00, 0x00, 0x00, 0x00, 0x00, 0x00, 0x00, 0x00,
    0x00, 0xff, 0xff, 0xff, 0x24, 0x00, 0x00, 0x00, 0x00, 0x00, 0x00, 0x00, 0x00, 0x00, 0x00, 0x00,
    0xff, 0xff, 0xff, 0x24, 0x00, 0x00, 0x00, 0x00, 0x36, 0xb3, 0xe8, 0xfc, 0xfc, 0xd9, 0x44, 0xff,
    0xff, 0xff, 0x24, 0x00, 0x00, 0x00, 0x20, 0xf5, 0xff, 0xff, 0xff, 0xff, 0xff, 0xe0, 0xff, 0xff,
    0xff, 0x24, 0x00, 0x00, 0x00, 0x85, 0xff, 0xff, 0xff, 0xf8, 0xdb, 0xe7, 0xff, 0xff, 0xff, 0xff,
    0x24, 0x00, 0x00, 0x00, 0xc1, 0xff, 0xff, 0xc9, 0x0e, 0x00, 0x00, 0x51, 0xff, 0xff, 0xff, 0x24,
    0x00, 0x00, 0x00, 0xe1, 0xff, 0xff, 0x5d, 0x00, 0x00, 0x00, 0x00, 0xda, 0xff, 0xff, 0x24, 0x00,
    0x00, 0x00, 0xf3, 0xff, 0xff, 0x37, 0x00, 0x00, 0x00, 0x00, 0xb6, 0xff, 0xff, 0x24, 0x00, 0x00,
    0x00, 0xfd, 0xff, 0xff, 0x28, 0x00, 0x00, 0x00, 0x00, 0xa8, 0xff, 0xff, 0x24, 0x00, 0x00, 0x00,
    0xff, 0xff, 0xff, 0x24, 0x00, 0x00, 0x00, 0x00, 0xa4, 0xff, 0xff, 0x24, 0x00, 0x00, 0x00, 0xfd,
    0xff, 0xff, 0x28, 0x00, 0x00, 0x00, 0x00, 0xa8, 0xff, 0xff, 0x24, 0x00, 0x00, 0x00, 0xf4, 0xff,
    0xff, 0x37, 0x00, 0x00, 0x00, 0x00, 0xb7, 0xff, 0xff, 0x24, 0x00, 0x00, 0x00, 0xe2, 0xff, 0xff,
    0x5e, 0x00, 0x00, 0x00, 0x00, 0xdc, 0xff, 0xff, 0x24, 0x00, 0x00, 0x00, 0xc2, 0xff, 0xff, 0xcb,
    0x11, 0x00, 0x00, 0x58, 0xff, 0xff, 0xff, 0x24, 0x00, 0x00, 0x00, 0x89, 0xff, 0xff, 0xff, 0xf9,
    0xdb, 0xe8, 0xff, 0xff, 0xff, 0xff, 0x24, 0x00, 0x00, 0x00, 0x23, 0xf5, 0xff, 0xff, 0xff, 0xff,
    0xff, 0xff, 0xd2, 0xff, 0xff, 0x24, 0x00, 0x00, 0x00, 0x00, 0x35, 0xb1, 0xe7, 0xfc, 0xfe, 0xea,
    0x7c, 0xa4, 0xff, 0xff, 0x24, 0x00, 0x00, 0x00, 0x00, 0x00, 0x28, 0xa4, 0xdf, 0xf8, 0xfe, 0xf6,
    0xd9, 0x9d, 0x26, 0x00, 0x00, 0x00, 0x00, 0x00, 0x1c, 0xef, 0xff, 0xff, 0xff, 0xff, 0xff, 0xff,
    0xff, 0xef, 0x20, 0x00, 0x00, 0x00, 0x00, 0x83, 0xff, 0xff, 0xff, 0xf2, 0xda, 0xeb, 0xff, 0xff,
    0xff, 0x92, 0x00, 0x00, 0x00, 0x00, 0xc1, 0xff, 0xff, 0xa5, 0x05, 0x00, 0x01, 0x86, 0xff, 0xff,
    0xd5, 0x00, 0x00, 0x00, 0x00, 0xe1, 0xff, 0xff, 0x3f, 0x00, 0x00, 0x00, 0x1b, 0xff, 0xff, 0xf7,
    0x00, 0x00, 0x00, 0x00, 0xf4, 0xff, 0xff, 0x27, 0x00, 0x00, 0x00, 0x03, 0xff, 0xff, 0xff, 0x0e,
    0x00, 0x00, 0x00, 0xfd, 0xff, 0xff, 0xff, 0xff, 0xff, 0xff, 0xff, 0xff, 0xff, 0xff, 0x19, 0x00,
    0x00, 0x00, 0xff, 0xff, 0xff, 0xff, 0xff, 0xff, 0xff, 0xff, 0xff, 0xff, 0xff, 0x21, 0x00, 0x00,
    0x00, 0xfb, 0xff, 0xff, 0xdb, 0xd8, 0xd8, 0xd8, 0xd8, 0xd8, 0xd8, 0xd8, 0x1e, 0x00, 0x00, 0x00,
    0xf1, 0xff, 0xff, 0x25, 0x00, 0x00, 0x00, 0x00, 0x00, 0x00, 0x00, 0x00, 0x00, 0x00, 0x00, 0xdb,
    0xff, 0xff, 0x4b, 0x00, 0x00, 0x00, 0x08, 0x38, 0x38, 0x34, 0x00, 0x00, 0x00, 0x00, 0xb6, 0xff,
    0xff, 0xb7, 0x0a, 0x00, 0x00, 0x6e, 0xff, 0xff, 0xd3, 0x00, 0x00, 0x00, 0x00, 0x70, 0xff, 0xff,
    0xff, 0xf7, 0xdb, 0xe0, 0xff, 0xff, 0xff, 0x9a, 0x00, 0x00, 0x00, 0x00, 0x0d, 0xdc, 0xff, 0xff,
    0xff, 0xff, 0xff, 0xff, 0xff, 0xfd, 0x37, 0x00, 0x00, 0x00, 0x00, 0x00, 0x16, 0x8e, 0xd0, 0xf1,
    0xfe, 0xfd, 0xee, 0xc1, 0x4c, 0x00, 0x00, 0x00, 0x00, 0x00, 0x00, 0x00, 0x00, 0x00, 0x10, 0x56,
    0x78, 0x80, 0x7d, 0x76, 0x37, 0x00, 0x00, 0x00, 0x00, 0x00, 0x00, 0x00, 0x3e, 0xf1, 0xff, 0xff,
    0xff, 0xff, 0xff, 0x80, 0x00, 0x00, 0x00, 0x00, 0x00, 0x00, 0x00, 0xc3, 0xff, 0xff, 0xff, 0xff,
    0xff, 0xff, 0x80, 0x00, 0x00, 0x00, 0x00, 0x00, 0x00, 0x00, 0xf3, 0xff, 0xff, 0xbf, 0x66, 0x58,
    0x58, 0x2c, 0x00, 0x00, 0x00, 0x00, 0x00, 0x00, 0x00, 0xff, 0xff, 0xff, 0x2d, 0x00, 0x00, 0x00,
    0x00, 0x00, 0x00, 0x00, 0x00, 0x00, 0x00, 0x00, 0xff, 0xff, 0xff, 0x24, 0x00, 0x00, 0x00, 0x00,
    0x00, 0x00, 0x00, 0x64, 0xff, 0xff, 0xff, 0xff, 0xff, 0xff, 0xff, 0xff, 0xff, 0xff, 0x00, 0x00,
    0x00, 0x00, 0x12, 0xfa, 0xff, 0xff, 0xff, 0xff, 0xff, 0xff, 0xff, 0xff, 0xff, 0x00, 0x00, 0x00,
    0x00, 0x00, 0x9c, 0xd8, 0xd8, 0xff, 0xff, 0xff, 0xde, 0xd8, 0xd8, 0xd8, 0x00, 0x00, 0x00, 0x00,
    0x00, 0x00, 0x00, 0x00, 0xff, 0xff, 0xff, 0x24, 0x00, 0x00, 0x00, 0x00, 0x00, 0x00, 0x00, 0x00,
    0x00, 0x00, 0x00, 0xff, 0xff, 0xff, 0x24, 0x00, 0x00, 0x00, 0x00, 0x00, 0x00, 0x00, 0x00, 0x00,
    0x00, 0x00, 0xff, 0xff, 0xff, 0x24, 0x00, 0x00, 0x00, 0x00, 0x00, 0x00, 0x00, 0x00, 0x00, 0x00,
    0x00, 0xff, 0xff, 0xff, 0x24, 0x00, 0x00, 0x00, 0x00, 0x00, 0x00, 0x00, 0x00, 0x00, 0x00, 0x00,
    0xff, 0xff, 0xff, 0x24, 0x00, 0x00, 0x00, 0x00, 0x00, 0x00, 0x00, 0x00, 0x00, 0x00, 0x00, 0xff,
    0xff, 0xff, 0x24, 0x00, 0x00, 0x00, 0x00, 0x00, 0x00, 0x00, 0x00, 0x00, 0x00, 0x00, 0xff, 0xff,
    0xff, 0x24, 0x00, 0x00, 0x00, 0x00, 0x00, 0x00, 0x00, 0x00, 0x00, 0x00, 0x00, 0xff, 0xff, 0xff,
    0x24, 0x00, 0x00, 0x00, 0x00, 0x00, 0x00, 0x00, 0x00, 0x00, 0x00, 0x00, 0xff, 0xff, 0xff, 0x24,
    0x00, 0x00, 0x00, 0x00, 0x00, 0x00, 0x00, 0x00, 0x00, 0x00, 0x00, 0xff, 0xff, 0xff, 0x24, 0x00,
    0x00, 0x00, 0x00, 0x00, 0x00, 0x00, 0x00, 0x00, 0x00, 0x00, 0xff, 0xff, 0xff, 0x24, 0x00, 0x00,
    0x00, 0x00, 0x00, 0x00, 0x00, 0x00, 0x00, 0x00, 0x00, 0xff, 0xff, 0xff, 0x24, 0x00, 0x00, 0x00,
    0x00, 0x00, 0x00, 0x00, 0x00, 0x00, 0x3f, 0xba, 0xed, 0xfe, 0xf9, 0xc8, 0x44, 0xff, 0xff, 0xff,
    0x00, 0x00, 0x00, 0x00, 0x29, 0xf9, 0xff, 0xff, 0xff, 0xff, 0xff, 0xcd, 0xff, 0xff, 0xff, 0x00,
    0x00, 0x00, 0x00, 0x8e, 0xff, 0xff, 0xff, 0xf3, 0xda, 0xf4, 0xff, 0xff, 0xff, 0xff, 0x00, 0x00,
    0x00, 0x00, 0xc7, 0xff, 0xff, 0xbc, 0x08, 0x00, 0x09, 0xbc, 0xff, 0xff, 0xff, 0x00, 0x00, 0x00,
    0x00, 0xe4, 0xff, 0xff, 0x55, 0x00, 0x00, 0x00, 0x56, 0xff, 0xff, 0xff, 0x00, 0x00, 0x00, 0x00,
    0xf5, 0xff, 0xff, 0x33, 0x00, 0x00, 0x00, 0x35, 0xff, 0xff, 0xff, 0x00, 0x00, 0x00, 0x00, 0xfd,
    0xff, 0xff, 0x28, 0x00, 0x00, 0x00, 0x28, 0xff, 0xff, 0xff, 0x00, 0x00, 0x00, 0x00, 0xff, 0xff,
    0xff, 0x24, 0x00, 0x00, 0x00, 0x24, 0xff, 0xff, 0xff, 0x00, 0x00, 0x00, 0x00, 0xfd, 0xff, 0xff,
    0x28, 0x00, 0x00, 0x00, 0x28, 0xff, 0xff, 0xff, 0x00, 0x00, 0x00, 0x00, 0xf5, 0xff, 0xff, 0x36,
    0x00, 0x00, 0x00, 0x35, 0xff, 0xff, 0xff, 0x00, 0x00, 0x00, 0x00, 0xe5, 0xff, 0xff, 0x57, 0x00,
    0x00, 0x00, 0x58, 0xff, 0xff, 0xff, 0x00, 0x00, 0x00, 0x00, 0xc7, 0xff, 0xff, 0xc2, 0x0a, 0x00,
    0x0a, 0xc2, 0xff, 0xff, 0xff, 0x00, 0x00, 0x00, 0x00, 0x91, 0xff, 0xff, 0xff, 0xf5, 0xda, 0xf5,
    0xfc, 0xff, 0xff, 0xff, 0x00, 0x00, 0x00, 0x00, 0x2c, 0xfa, 0xff, 0xff, 0xff, 0xff, 0xff, 0xad,
    0xff, 0xff, 0xff, 0x00, 0x00, 0x00, 0x00, 0x00, 0x40, 0xbc, 0xee, 0xfe, 0xf5, 0xb9, 0x36, 0xff,
    0xff, 0xff, 0x00, 0x00, 0x00, 0x00, 0x00, 0x00, 0x00, 0x00, 0x00, 0x00, 0x00, 0x2b, 0xff, 0xff,
    0xfd, 0x00, 0x00, 0x00, 0x00, 0x14, 0x90, 0x90, 0x90, 0x01, 0x00, 0x00, 0x47, 0xff, 0xff, 0xf2,
    0x00, 0x00, 0x00, 0x00, 0x1a, 0xff, 0xff, 0xff, 0x24, 0x00, 0x04, 0xa8, 0xff, 0xff, 0xd8, 0x00,
    0x00, 0x00, 0x00, 0x04, 0xfa, 0xff, 0xff, 0xf6, 0xda, 0xf0, 0xff, 0xff, 0xff, 0xa5, 0x00, 0x00,
    0x00, 0x00, 0x00, 0xb2, 0xff, 0xff, 0xff, 0xff, 0xff, 0xff, 0xff, 0xfc, 0x3a, 0x00, 0x00, 0x00,
    0x00, 0x00, 0x14, 0x98, 0xdd, 0xf6, 0xff, 0xf9, 0xe4, 0xb2, 0x40, 0x00, 0x00, 0x00, 0x00, 0x00,
    0xff, 0xff, 0xff, 0x24, 0x00, 0x00, 0x00, 0x00, 0x00, 0x00, 0x00, 0x00, 0x00, 0x00, 0x00, 0xff,
    0xff, 0xff, 0x24, 0x00, 0x00, 0x00, 0x00, 0x00, 0x00, 0x00, 0x00, 0x00, 0x00, 0x00, 0xff, 0xff,
    0xff, 0x24, 0x00, 0x00, 0x00, 0x00, 0x00, 0x00, 0x00, 0x00, 0x00, 0x00, 0x00, 0xff, 0xff, 0xff,
    0x24, 0x00, 0x00, 0x00, 0x00, 0x00, 0x00, 0x00, 0x00, 0x00, 0x00, 0x00, 0xff, 0xff, 0xff, 0x24,
    0x00, 0x00, 0x00, 0x00, 0x00, 0x00, 0x00, 0x00, 0x00, 0x00, 0x00, 0xff, 0xff, 0xff, 0x2a, 0x9e,
    0xec, 0xff, 0xf9, 0xdb, 0x81, 0x02, 0x00, 0x00, 0x00, 0x00, 0xff, 0xff, 0xff, 0x8f, 0xff, 0xff,
    0xff, 0xff, 0xff, 0xff, 0x6a, 0x00, 0x00, 0x00, 0x00, 0xff, 0xff, 0xff, 0xf0, 0xf8, 0xdb, 0xe7,
    0xff, 0xff, 0xff, 0xc0, 0x00, 0x00, 0x00, 0x00, 0xff, 0xff, 0xff, 0xc7, 0x0e, 0x00, 0x00, 0x7a,
    0xff, 0xff, 0xe7, 0x00, 0x00, 0x00, 0x00, 0xff, 0xff, 0xff, 0x5c, 0x00, 0x00, 0x00, 0x32, 0xff,
    0xff, 0xf9, 0x00, 0x00, 0x00, 0x00, 0xff, 0xff, 0xff, 0x37, 0x00, 0x00, 0x00, 0x25, 0xff, 0xff,
    0xff, 0x00, 0x00, 0x00, 0x00, 0xff, 0xff, 0xff, 0x28, 0x00, 0x00, 0x00, 0x24, 0xff, 0xff, 0xff,
    0x00, 0x00, 0x00, 0x00, 0xff, 0xff, 0xff, 0x24, 0x00, 0x00, 0x00, 0x24, 0xff, 0xff, 0xff, 0x00,
    0x00, 0x00, 0x00, 0xff, 0xff, 0xff, 0x24, 0x00, 0x00, 0x00, 0x24, 0xff, 0xff, 0xff, 0x00, 0x00,
    0x00, 0x00, 0xff, 0xff, 0xff, 0x24, 0x00, 0x00, 0x00, 0x24, 0xff, 0xff, 0xff, 0x00, 0x00, 0x00,
    0x00, 0xff, 0xff, 0xff, 0x24, 0x00, 0x00, 0x00, 0x24, 0xff, 0xff, 0xff, 0x00, 0x00, 0x00, 0x00,
    0xff, 0xff, 0xff, 0x24, 0x00, 0x00, 0x00, 0x24, 0xff, 0xff, 0xff, 0x00, 0x00, 0x00, 0x00, 0xff,
    0xff, 0xff, 0x24, 0x00, 0x00, 0x00, 0x24, 0xff, 0xff, 0xff, 0x00, 0x00, 0x00, 0x00, 0xff, 0xff,
    0xff, 0x24, 0x00, 0x00, 0x00, 0x24, 0xff, 0xff, 0xff, 0x00, 0x00, 0x00, 0x00, 0xff, 0xff, 0xff,
    0x24, 0x00, 0x00, 0x00, 0x24, 0xff, 0xff, 0xff, 0x00, 0x00, 0x00, 0x00, 0x00, 0x00, 0x00, 0xff,
    0xff, 0xff, 0xff, 0x00, 0x00, 0x00, 0x00, 0x00, 0x00, 0x00, 0x00, 0x00, 0x00, 0x00, 0xff, 0xff,
    0xff, 0xff, 0x00, 0x00, 0x00, 0x00, 0x00, 0x00, 0x00, 0x00, 0x00, 0x00, 0x00, 0xff, 0xff, 0xff,
    0xff, 0x00, 0x00, 0x00, 0x00, 0x00, 0x00, 0x00, 0x00, 0x00, 0x00, 0x00, 0xff, 0xff, 0xff, 0xff,
    0x00, 0x00, 0x00, 0x00, 0x00, 0x00, 0x00, 0x00, 0x00, 0x00, 0x00, 0x00, 0x00, 0x00, 0x00, 0x00,
    0x00, 0x00, 0x00, 0x00, 0x00, 0x00, 0x00, 0x00, 0x00, 0x00, 0x00, 0x00, 0x00, 0x00, 0x00, 0x00,
    0x00, 0x00, 0x00, 0x00, 0x00, 0x00, 0x00, 0x00, 0x00, 0x00, 0x00, 0x00, 0x00, 0x00, 0x00, 0x00,
    0x00, 0x00, 0x00, 0x00, 0x00, 0xc0, 0xff, 0xff, 0xff, 0xff, 0xff, 0xff, 0x00, 0x00, 0x00, 0x00,
    0x00, 0x00, 0x00, 0x00, 0xc0, 0xff, 0xff, 0xff, 0xff, 0xff, 0xff, 0x00, 0x00, 0x00, 0x00, 0x00,
    0x00, 0x00, 0x00, 0xa2, 0xd8, 0xd8, 0xde, 0xff, 0xff, 0xff, 0x00, 0x00, 0x00, 0x00, 0x00, 0x00,
    0x00, 0x00, 0x00, 0x00, 0x00, 0x24, 0xff, 0xff, 0xff, 0x00, 0x00, 0x00, 0x00, 0x00, 0x00, 0x00,
    0x00, 0x00, 0x00, 0x00, 0x24, 0xff, 0xff, 0xff, 0x00, 0x00, 0x00, 0x00, 0x00, 0x00, 0x00, 0x00,
    0x00, 0x00, 0x00, 0x24, 0xff, 0xff, 0xff, 0x00, 0x00, 0x00, 0x00, 0x00, 0x00, 0x00, 0x00, 0x00,
    0x00, 0x00, 0x24, 0xff, 0xff, 0xff, 0x00, 0x00, 0x00, 0x00, 0x00, 0x00, 0x00, 0x00, 0x00, 0x00,
    0x00, 0x24, 0xff, 0xff, 0xff, 0x00, 0x00, 0x00, 0x00, 0x00, 0x00, 0x00, 0x00, 0x00, 0x00, 0x00,
    0x24, 0xff, 0xff, 0xff, 0x00, 0x00, 0x00, 0x00, 0x00, 0x00, 0x00, 0x00, 0x00, 0x00, 0x00, 0x24,
    0xff, 0xff, 0xff, 0x00, 0x00, 0x00, 0x00, 0x00, 0x00, 0x00, 0x00, 0x00, 0x00, 0x00, 0x24, 0xff,
    0xff, 0xff, 0x00, 0x00, 0x00, 0x00, 0x00, 0x00, 0x00, 0x00, 0x00, 0x00, 0x00, 0x24, 0xff, 0xff,
    0xff, 0x00, 0x00, 0x00, 0x00, 0x00, 0x00, 0x00, 0x00, 0xd8, 0xd8, 0xd8, 0xde, 0xff, 0xff, 0xff,
    0xd8, 0xd8, 0xd8, 0xd8, 0x00, 0x00, 0x00, 0x00, 0xff, 0xff, 0xff, 0xff, 0xff, 0xff, 0xff, 0xff,
    0xff, 0xff, 0xff, 0x00, 0x00, 0x00, 0x00, 0xff, 0xff, 0xff, 0xff, 0xff, 0xff, 0xff, 0xff, 0xff,
    0xff, 0xff, 0x00, 0x00, 0x00, 0x00, 0x00, 0x00, 0x00, 0x00, 0xff, 0xff, 0xff, 0xff, 0x00, 0x00,
    0x00, 0x00, 0x00, 0x00, 0x00, 0x00, 0x00, 0x00, 0x00, 0xff, 0xff, 0xff, 0xff, 0x00, 0x00, 0x00,
    0x00, 0x00, 0x00, 0x00, 0x00, 0x00, 0x00, 0x00, 0xff, 0xff, 0xff, 0xff, 0x00, 0x00, 0x00, 0x00,
    0x00, 0x00, 0x00, 0x00, 0x00, 0x00, 0x00, 0xff, 0xff, 0xff, 0xff, 0x00, 0x00, 0x00, 0x00, 0x00,
    0x00, 0x00, 0x00, 0x00, 0x00, 0x00, 0x00, 0x00, 0x00, 0x00, 0x00, 0x00, 0x00, 0x00, 0x00, 0x00,
    0x00, 0x00, 0x00, 0x00, 0x00, 0x00, 0x00, 0x00, 0x00, 0x00, 0x00, 0x00, 0x00, 0x00, 0x00, 0x00,
    0x00, 0x00, 0x00, 0x00, 0x00, 0x00, 0x00, 0x00, 0x00, 0x00, 0x00, 0x00, 0x00, 0x00, 0x00, 0x00,
    0x40, 0xff, 0xff, 0xff, 0xff, 0xff, 0xff, 0x00, 0x00, 0x00, 0x00, 0x00, 0x00, 0x00, 0x00, 0x40,
    0xff, 0xff, 0xff, 0xff, 0xff, 0xff, 0x00, 0x00, 0x00, 0x00, 0x00, 0x00, 0x00, 0x00, 0x36, 0xd8,
    0xd8, 0xde, 0xff, 0xff, 0xff, 0x00, 0x00, 0x00, 0x00, 0x00, 0x00, 0x00, 0x00, 0x00, 0x00, 0x00,
    0x24, 0xff, 0xff, 0xff, 0x00, 0x00, 0x00, 0x00, 0x00, 0x00, 0x00, 0x00, 0x00, 0x00, 0x00, 0x24,
    0xff, 0xff, 0xff, 0x00, 0x00, 0x00, 0x00, 0x00, 0x00, 0x00, 0x00, 0x00, 0x00, 0x00, 0x24, 0xff,
    0xff, 0xff, 0x00, 0x00, 0x00, 0x00, 0x00, 0x00, 0x00, 0x00, 0x00, 0x00, 0x00, 0x24, 0xff, 0xff,
    0xff, 0x00, 0x00, 0x00, 0x00, 0x00, 0x00, 0x00, 0x00, 0x00, 0x00, 0x00, 0x24, 0xff, 0xff, 0xff,
    0x00, 0x00, 0x00, 0x00, 0x00, 0x00, 0x00, 0x00, 0x00, 0x00, 0x00, 0x24, 0xff, 0xff, 0xff, 0x00,
    0x00, 0x00, 0x00, 0x00, 0x00, 0x00, 0x00, 0x00, 0x00, 0x00, 0x24, 0xff, 0xff, 0xff, 0x00, 0x00,
    0x00, 0x00, 0x00, 0x00, 0x00, 0x00, 0x00, 0x00, 0x00, 0x24, 0xff, 0xff, 0xff, 0x00, 0x00, 0x00,
    0x00, 0x00, 0x00, 0x00, 0x00, 0x00, 0x00, 0x00, 0x24, 0xff, 0xff, 0xff, 0x00, 0x00, 0x00, 0x00,
    0x00, 0x00, 0x00, 0x00, 0x00, 0x00, 0x00, 0x24, 0xff, 0xff, 0xff, 0x00, 0x00, 0x00, 0x00, 0x00,
    0x00, 0x00, 0x00, 0x00, 0x00, 0x00, 0x24, 0xff, 0xff, 0xff, 0x00, 0x00, 0x00, 0x00, 0x00, 0x00,
    0x00, 0x00, 0x00, 0x00, 0x00, 0x24, 0xff, 0xff, 0xff, 0x00, 0x00, 0x00, 0x00, 0x00, 0x00, 0x00,
    0x00, 0x00, 0x00, 0x00, 0x24, 0xff, 0xff, 0xff, 0x00, 0x00, 0x00, 0x00, 0x00, 0x00, 0x00, 0x00,
    0x00, 0x00, 0x00, 0x3a, 0xff, 0xff, 0xfc, 0x00, 0x00, 0x00, 0x00, 0x00, 0x00, 0x00, 0x00, 0x00,
    0x01, 0x3c, 0xce, 0xff, 0xff, 0xe4, 0x00, 0x00, 0x00, 0x00, 0x00, 0x00, 0x00, 0x00, 0xb0, 0xeb,
    0xff, 0xff, 0xff, 0xff, 0x9f, 0x00, 0x00, 0x00, 0x00, 0x00, 0x00, 0x00, 0x00, 0xff, 0xff, 0xff,
    0xff, 0xff, 0xd1, 0x17, 0x00, 0x00, 0x00, 0x00, 0x00, 0x00, 0x00, 0x00, 0xff, 0xf7, 0xd1, 0x9c,
    0x51, 0x04, 0x00, 0x00, 0x00, 0x00, 0x00, 0x00, 0x00, 0x00, 0x00, 0x19, 0x01, 0x00, 0x00, 0x00,
    0x00, 0x00, 0x00, 0x00, 0x00, 0x00, 0x00, 0x00, 0x00, 0xff, 0xff, 0xff, 0x24, 0x00, 0x00, 0x00,
    0x00, 0x00, 0x00, 0x00, 0x00, 0x00, 0x00, 0x00, 0xff, 0xff, 0xff, 0x24, 0x00, 0x00, 0x00, 0x00,
    0x00, 0x00, 0x00, 0x00, 0x00, 0x00, 0x00, 0xff, 0xff, 0xff, 0x24, 0x00, 0x00, 0x00, 0x00, 0x00,
    0x00, 0x00, 0x00, 0x00, 0x00, 0x00, 0xff, 0xff, 0xff, 0x24, 0x00, 0x00, 0x00, 0x00, 0x00, 0x00,
    0x00, 0x00, 0x00, 0x00, 0x00, 0xff, 0xff, 0xff, 0x24, 0x00, 0x00, 0x00, 0x00, 0x00, 0x00, 0x00,
    0x00, 0x00, 0x00, 0x00, 0xff, 0xff, 0xff, 0x24, 0x00, 0x00, 0x29, 0xfa, 0xff, 0xff, 0xcb, 0x03,
    0x00, 0x00, 0x00, 0xff, 0xff, 0xff, 0x24, 0x00, 0x01, 0xbf, 0xff, 0xff, 0xfb, 0x2e, 0x00, 0x00,
    0x00, 0x00, 0xff, 0xff, 0xff, 0x24, 0x00, 0x60, 0xff, 0xff, 0xff, 0x83, 0x00, 0x00, 0x00, 0x00,
    0x00, 0xff, 0xff, 0xff, 0x24, 0x12, 0xea, 0xff, 0xff, 0xd8, 0x07, 0x00, 0x00, 0x00, 0x00, 0x00,
    0xff, 0xff, 0xff, 0x24, 0x9c, 0xff, 0xff, 0xfe, 0x3b, 0x00, 0x00, 0x00, 0x00, 0x00, 0x00, 0xff,
    0xff, 0xff, 0x5e, 0xfe, 0xff, 0xff, 0x95, 0x00, 0x00, 0x00, 0x00, 0x00, 0x00, 0x00, 0xff, 0xff,
    0xff, 0xea, 0xff, 0xff, 0xe2, 0x0d, 0x00, 0x00, 0x00, 0x00, 0x00, 0x00, 0x00, 0xff, 0xff, 0xff,
    0xec, 0xff, 0xff, 0xd3, 0x06, 0x00, 0x00, 0x00, 0x00, 0x00, 0x00, 0x00, 0xff, 0xff, 0xff, 0x60,
    0xfe, 0xff, 0xff, 0x83, 0x00, 0x00, 0x00, 0x00, 0x00, 0x00, 0x00, 0xff, 0xff, 0xff, 0x24, 0x98,
    0xff, 0xff, 0xfc, 0x33, 0x00, 0x00, 0x00, 0x00, 0x00, 0x00, 0xff, 0xff, 0xff, 0x24, 0x10, 0xe8,
    0xff, 0xff, 0xd3, 0x06, 0x00, 0x00, 0x00, 0x00, 0x00, 0xff, 0xff, 0xff, 0x24, 0x00, 0x56, 0xff,
    0xff, 0xff, 0x85, 0x00, 0x00, 0x00, 0x00, 0x00, 0xff, 0xff, 0xff, 0x24, 0x00, 0x00, 0xb4, 0xff,
    0xff, 0xfc, 0x34, 0x00, 0x00, 0x00, 0x00, 0xff, 0xff, 0xff, 0x24, 0x00, 0x00, 0x1f, 0xf5, 0xff,
    0xff, 0xd4, 0x07, 0x00, 0x00, 0x00, 0xff, 0xff, 0xff, 0x24, 0x00, 0x00, 0x00, 0x70, 0xff, 0xff,
    0xff, 0x85, 0x00, 0x00, 0x00, 0xc4, 0xff, 0xff, 0xff, 0xff, 0xff, 0xff, 0x24, 0x00, 0x00, 0x00,
    0x00, 0x00, 0x00, 0x00, 0xc4, 0xff, 0xff, 0xff, 0xff, 0xff, 0xff, 0x24, 0x00, 0x00, 0x00, 0x00,
    0x00, 0x00, 0x00, 0xa5, 0xd8, 0xd8, 0xd8, 0xff, 0xff, 0xff, 0x24, 0x00, 0x00, 0x00, 0x00, 0x00,
    0x00, 0x00, 0x00, 0x00, 0x00, 0x00, 0xff, 0xff, 0xff, 0x24, 0x00, 0x00, 0x00, 0x00, 0x00, 0x00,
    0x00, 0x00, 0x00, 0x00, 0x00, 0xff, 0xff, 0xff, 0x24, 0x00, 0x00, 0x00, 0x00, 0x00, 0x00, 0x00,
    0x00, 0x00, 0x00, 0x00, 0xff, 0xff, 0xff, 0x24, 0x00, 0x00, 0x00, 0x00, 0x00, 0x00, 0x00, 0x00,
    0x00, 0x00, 0x00, 0xff, 0xff, 0xff, 0x24, 0x00, 0x00, 0x00, 0x00, 0x00, 0x00, 0x00, 0x00, 0x00,
    0x00, 0x00, 0xff, 0xff, 0xff, 0x24, 0x00, 0x00, 0x00, 0x00, 0x00, 0x00, 0x00, 0x00, 0x00, 0x00,
    0x00, 0xff, 0xff, 0xff, 0x24, 0x00, 0x00, 0x00, 0x00, 0x00, 0x00, 0x00, 0x00, 0x00, 0x00, 0x00,
    0xff, 0xff, 0xff, 0x24, 0x00, 0x00, 0x00, 0x00, 0x00, 0x00, 0x00, 0x00, 0x00, 0x00, 0x00, 0xff,
    0xff, 0xff, 0x24, 0x00, 0x00, 0x00, 0x00, 0x00, 0x00, 0x00, 0x00, 0x00, 0x00, 0x00, 0xff, 0xff,
    0xff, 0x24, 0x00, 0x00, 0x00, 0x00, 0x00, 0x00, 0x00, 0x00, 0x00, 0x00, 0x00, 0xff, 0xff, 0xff,
    0x24, 0x00, 0x00, 0x00, 0x00, 0x00, 0x00, 0x00, 0x00, 0x00, 0x00, 0x00, 0xff, 0xff, 0xff, 0x24,
    0x00, 0x00, 0x00, 0x00, 0x00, 0x00, 0x00, 0x00, 0x00, 0x00, 0x00, 0xff, 0xff, 0xff, 0x24, 0x00,
    0x00, 0x00, 0x00, 0x00, 0x00, 0x00, 0x00, 0x00, 0x00, 0x00, 0xff, 0xff, 0xff, 0x24, 0x00, 0x00,
    0x00, 0x00, 0x00, 0x00, 0x00, 0x00, 0x00, 0x00, 0x00, 0xff, 0xff, 0xff, 0x24, 0x00, 0x00, 0x00,
    0x00, 0x00, 0x00, 0x00, 0xd8, 0xd8, 0xd8, 0xd8, 0xff, 0xff, 0xff, 0xde, 0xd8, 0xd8, 0xd8, 0x00,
    0x00, 0x00, 0x00, 0xff, 0xff, 0xff, 0xff, 0xff, 0xff, 0xff, 0xff, 0xff, 0xff, 0xff, 0x00, 0x00,
    0x00, 0x00, 0xff, 0xff, 0xff, 0xff, 0xff, 0xff, 0xff, 0xff, 0xff, 0xff, 0xff, 0x00, 0x00, 0x00,
    0xff, 0xff, 0xa8, 0x46, 0xe4, 0xfe, 0xd2, 0x1a, 0x5b, 0xeb, 0xfd, 0xcf, 0x29, 0x00, 0x00, 0xff,
    0xff, 0xb0, 0xe7, 0xff, 0xff, 0xff, 0x8c, 0xf1, 0xff, 0xff, 0xff, 0xb0, 0x00, 0x00, 0xff, 0xff,
    0xfe, 0xf8, 0xf1, 0xff, 0xff, 0xfe, 0xf8, 0xef, 0xff, 0xff, 0xef, 0x00, 0x00, 0xff, 0xff, 0xff,
    0x5a, 0x36, 0xff, 0xff, 0xff, 0x58, 0x31, 0xff, 0xff, 0xff, 0x0d, 0x00, 0xff, 0xff, 0xff, 0x2a,
    0x0c, 0xff, 0xff, 0xff, 0x2a, 0x0a, 0xff, 0xff, 0xff, 0x1c, 0x00, 0xff, 0xff, 0xff, 0x24, 0x02,
    0xff, 0xff, 0xff, 0x24, 0x02, 0xff, 0xff, 0xff, 0x23, 0x00, 0xff, 0xff, 0xff, 0x24, 0x00, 0xff,
    0xff, 0xff, 0x24, 0x00, 0xff, 0xff, 0xff, 0x24, 0x00, 0xff, 0xff, 0xff, 0x24, 0x00, 0xff, 0xff,
    0xff, 0x24, 0x00, 0xff, 0xff, 0xff, 0x24, 0x00, 0xff, 0xff, 0xff, 0x24, 0x00, 0xff, 0xff, 0xff,
    0x24, 0x00, 0xff, 0xff, 0xff, 0x24, 0x00, 0xff, 0xff, 0xff, 0x24, 0x00, 0xff, 0xff, 0xff, 0x24,
    0x00, 0xff, 0xff, 0xff, 0x24, 0x00, 0xff, 0xff, 0xff, 0x24, 0x00, 0xff, 0xff, 0xff, 0x24, 0x00,
    0xff, 0xff, 0xff, 0x24, 0x00, 0xff, 0xff, 0xff, 0x24, 0x00, 0xff, 0xff, 0xff, 0x24, 0x00, 0xff,
    0xff, 0xff, 0x24, 0x00, 0xff, 0xff, 0xff, 0x24, 0x00, 0xff, 0xff, 0xff, 0x24, 0x00, 0xff, 0xff,
    0xff, 0x24, 0x00, 0xff, 0xff, 0xff, 0x24, 0x00, 0xff, 0xff, 0xff, 0x24, 0x00, 0xff, 0xff, 0xff,
    0x24, 0x00, 0xff, 0xff, 0xff, 0x24, 0x00, 0xff, 0xff, 0xff, 0x24, 0x00, 0xff, 0xff, 0xff, 0x24,
    0x00, 0x00, 0xff, 0xff, 0xb4, 0x24, 0xba, 0xf0, 0xff, 0xf8, 0xd8, 0x7d, 0x02, 0x00, 0x00, 0x00,
    0x00, 0xff, 0xff, 0xb4, 0xc8, 0xff, 0xff, 0xff, 0xff, 0xff, 0xff, 0x6b, 0x00, 0x00, 0x00, 0x00,
    0xff, 0xff, 0xea, 0xff, 0xf8, 0xdb, 0xe8, 0xff, 0xff, 0xff, 0xc1, 0x00, 0x00, 0x00, 0x00, 0xff,
    0xff, 0xff, 0xc5, 0x0e, 0x00, 0x00, 0x81, 0xff, 0xff, 0xe7, 0x00, 0x00, 0x00, 0x00, 0xff, 0xff,
    0xff, 0x58, 0x00, 0x00, 0x00, 0x34, 0xff, 0xff, 0xf9, 0x00, 0x00, 0x00, 0x00, 0xff, 0xff, 0xff,
    0x34, 0x00, 0x00, 0x00, 0x25, 0xff, 0xff, 0xff, 0x00, 0x00, 0x00, 0x00, 0xff, 0xff, 0xff, 0x28,
    0x00, 0x00, 0x00, 0x24, 0xff, 0xff, 0xff, 0x00, 0x00, 0x00, 0x00, 0xff, 0xff, 0xff, 0x24, 0x00,
    0x00, 0x00, 0x24, 0xff, 0xff, 0xff, 0x00, 0x00, 0x00, 0x00, 0xff, 0xff, 0xff, 0x24, 0x00, 0x00,
    0x00, 0x24, 0xff, 0xff, 0xff, 0x00, 0x00, 0x00, 0x00, 0xff, 0xff, 0xff, 0x24, 0x00, 0x00, 0x00,
    0x24, 0xff, 0xff, 0xff, 0x00, 0x00, 0x00, 0x00, 0xff, 0xff, 0xff, 0x24, 0x00, 0x00, 0x00, 0x24,
    0xff, 0xff, 0xff, 0x00, 0x00, 0x00, 0x00, 0xff, 0xff, 0xff, 0x24, 0x00, 0x00, 0x00, 0x24, 0xff,
    0xff, 0xff, 0x00, 0x00, 0x00, 0x00, 0xff, 0xff, 0xff, 0x24, 0x00, 0x00, 0x00, 0x24, 0xff, 0xff,
    0xff, 0x00, 0x00, 0x00, 0x00, 0xff, 0xff, 0xff, 0x24, 0x00, 0x00, 0x00, 0x24, 0xff, 0xff, 0xff,
    0x00, 0x00, 0x00, 0x00, 0xff, 0xff, 0xff, 0x24, 0x00, 0x00, 0x00, 0x24, 0xff, 0xff, 0xff, 0x00,
    0x00, 0x00, 0x00, 0x17, 0x8a, 0xcd, 0xed, 0xfd, 0xfe, 0xf2, 0xd5, 0x97, 0x21, 0x00, 0x00, 0x00,
    0x00, 0x11, 0xe1, 0xff, 0xff, 0xff, 0xff, 0xff, 0xff, 0xff, 0xff, 0xee, 0x24, 0x00, 0x00, 0x00,
    0x78, 0xff, 0xff, 0xff, 0xfd, 0xdf, 0xdd, 0xf9, 0xff, 0xff, 0xff, 0x9b, 0x00, 0x00, 0x00, 0xbb,
    0xff, 0xff, 0xd0, 0x18, 0x00, 0x00, 0x0d, 0xb7, 0xff, 0xff, 0xdf, 0x00, 0x00, 0x00, 0xdf, 0xff,
    0xff, 0x5e, 0x00, 0x00, 0x00, 0x00, 0x3e, 0xff, 0xff, 0xfe, 0x04, 0x00, 0x00, 0xf2, 0xff, 0xff,
    0x37, 0x00, 0x00, 0x00, 0x00, 0x14, 0xff, 0xff, 0xff, 0x16, 0x00, 0x00, 0xfc, 0xff, 0xff, 0x28,
    0x00, 0x00, 0x00, 0x00, 0x04, 0xff, 0xff, 0xff, 0x1f, 0x00, 0x00, 0xff, 0xff, 0xff, 0x24, 0x00,
    0x00, 0x00, 0x00, 0x00, 0xff, 0xff, 0xff, 0x24, 0x00, 0x00, 0xfc, 0xff, 0xff, 0x29, 0x00, 0x00,
    0x00, 0x00, 0x04, 0xff, 0xff, 0xff, 0x1f, 0x00, 0x00, 0xf2, 0xff, 0xff, 0x3a, 0x00, 0x00, 0x00,
    0x00, 0x15, 0xff, 0xff, 0xff, 0x16, 0x00, 0x00, 0xde, 0xff, 0xff, 0x66, 0x00, 0x00, 0x00, 0x00,
    0x3f, 0xff, 0xff, 0xfe, 0x04, 0x00, 0x00, 0xbb, 0xff, 0xff, 0xd3, 0x16, 0x00, 0x00, 0x0f, 0xbd,
    0xff, 0xff, 0xde, 0x00, 0x00, 0x00, 0x76, 0xff, 0xff, 0xff, 0xfd, 0xdf, 0xdc, 0xfa, 0xff, 0xff,
    0xff, 0x98, 0x00, 0x00, 0x00, 0x10, 0xdf, 0xff, 0xff, 0xff, 0xff, 0xff, 0xff, 0xff, 0xff, 0xee,
    0x21, 0x00, 0x00, 0x00, 0x00, 0x17, 0x8a, 0xcd, 0xee, 0xfd, 0xfe, 0xf2, 0xd5, 0x98, 0x21, 0x00,
    0x00, 0x00, 0x00, 0x00, 0xff, 0xff, 0xf4, 0x44, 0xda, 0xfb, 0xfe, 0xee, 0xc2, 0x53, 0x00, 0x00,
    0x00, 0x00, 0x00, 0xff, 0xff, 0xf8, 0xdb, 0xff, 0xff, 0xff, 0xff, 0xff, 0xff, 0x44, 0x00, 0x00,
    0x00, 0x00, 0xff, 0xff, 0xff, 0xff, 0xf5, 0xda, 0xf0, 0xff, 0xff, 0xff, 0xb2, 0x00, 0x00, 0x00,
    0x00, 0xff, 0xff, 0xff, 0xbd, 0x0a, 0x00, 0x03, 0xa3, 0xff, 0xff, 0xe9, 0x00, 0x00, 0x00, 0x00,
    0xff, 0xff, 0xff, 0x53, 0x00, 0x00, 0x00, 0x38, 0xff, 0xff, 0xff, 0x07, 0x00, 0x00, 0x00, 0xff,
    0xff, 0xff, 0x33, 0x00, 0x00, 0x00, 0x13, 0xff, 0xff, 0xff, 0x18, 0x00, 0x00, 0x00, 0xff, 0xff,
    0xff, 0x28, 0x00, 0x00, 0x00, 0x04, 0xff, 0xff, 0xff, 0x1f, 0x00, 0x00, 0x00, 0xff, 0xff, 0xff,
    0x24, 0x00, 0x00, 0x00, 0x00, 0xff, 0xff, 0xff, 0x24, 0x00, 0x00, 0x00, 0xff, 0xff, 0xff, 0x28,
    0x00, 0x00, 0x00, 0x04, 0xff, 0xff, 0xff, 0x21, 0x00, 0x00, 0x00, 0xff, 0xff, 0xff, 0x33, 0x00,
    0x00, 0x00, 0x12, 0xff, 0xff, 0xff, 0x19, 0x00, 0x00, 0x00, 0xff, 0xff, 0xff, 0x53, 0x00, 0x00,
    0x00, 0x35, 0xff, 0xff, 0xff, 0x09, 0x00, 0x00, 0x00, 0xff, 0xff, 0xff, 0xbd, 0x09, 0x00, 0x03,
    0x9f, 0xff, 0xff, 0xeb, 0x00, 0x00, 0x00, 0x00, 0xff, 0xff, 0xff, 0xff, 0xf5, 0xda, 0xf0, 0xff,
    0xff, 0xff, 0xb4, 0x00, 0x00, 0x00, 0x00, 0xff, 0xff, 0xff, 0xe2, 0xff, 0xff, 0xff, 0xff, 0xff,
    0xff, 0x45, 0x00, 0x00, 0x00, 0x00, 0xff, 0xff, 0xff, 0x54, 0xd2, 0xfa, 0xfe, 0xef, 0xc2, 0x4f,
    0x00, 0x00, 0x00, 0x00, 0x00, 0xff, 0xff, 0xff, 0x24, 0x00, 0x00, 0x00, 0x00, 0x00, 0x00, 0x00,
    0x00, 0x00, 0x00, 0x00, 0xff, 0xff, 0xff, 0x24, 0x00, 0x00, 0x00, 0x00, 0x00, 0x00, 0x00, 0x00,
    0x00, 0x00, 0x00, 0xff, 0xff, 0xff, 0x24, 0x00, 0x00, 0x00, 0x00, 0x00, 0x00, 0x00, 0x00, 0x00,
    0x00, 0x00, 0xff, 0xff, 0xff, 0x24, 0x00, 0x00, 0x00, 0x00, 0x00, 0x00, 0x00, 0x00, 0x00, 0x00,
    0x00, 0xff, 0xff, 0xff, 0x24, 0x00, 0x00, 0x00, 0x00, 0x00, 0x00, 0x00, 0x00, 0x00, 0x00, 0x00,
    0xff, 0xff, 0xff, 0x24, 0x00, 0x00, 0x00, 0x00, 0x00, 0x00, 0x00, 0x00, 0x00, 0x00, 0x00, 0x39,
    0xb3, 0xe8, 0xfc, 0xfd, 0xde, 0x4f, 0xff, 0xff, 0xff, 0x24, 0x00, 0x00, 0x00, 0x24, 0xf7, 0xff,
    0xff, 0xff, 0xff, 0xff, 0xea, 0xff, 0xff, 0xff, 0x24, 0x00, 0x00, 0x00, 0x8a, 0xff, 0xff, 0xff,
    0xf5, 0xdb, 0xf0, 0xff, 0xff, 0xff, 0xff, 0x24, 0x00, 0x00, 0x00, 0xc2, 0xff, 0xff, 0xc2, 0x0a,
    0x00, 0x03, 0x9f, 0xff, 0xff, 0xff, 0x24, 0x00, 0x00, 0x00, 0xe1, 0xff, 0xff, 0x5a, 0x00, 0x00,
    0x00, 0x33, 0xff, 0xff, 0xff, 0x24, 0x00, 0x00, 0x00, 0xf2, 0xff, 0xff, 0x37, 0x00, 0x00, 0x00,
    0x11, 0xff, 0xff, 0xff, 0x24, 0x00, 0x00, 0x00, 0xfc, 0xff, 0xff, 0x28, 0x00, 0x00, 0x00, 0x04,
    0xff, 0xff, 0xff, 0x24, 0x00, 0x00, 0x00, 0xff, 0xff, 0xff, 0x24, 0x00, 0x00, 0x00, 0x00, 0xff,
    0xff, 0xff, 0x24, 0x00, 0x00, 0x00, 0xfe, 0xff, 0xff, 0x28, 0x00, 0x00, 0x00, 0x04, 0xff, 0xff,
    0xff, 0x24, 0x00, 0x00, 0x00, 0xf5, 0xff, 0xff, 0x36, 0x00, 0x00, 0x00, 0x11, 0xff, 0xff, 0xff,
    0x24, 0x00, 0x00, 0x00, 0xe5, 0xff, 0xff, 0x59, 0x00, 0x00, 0x00, 0x33, 0xff, 0xff, 0xff, 0x24,
    0x00, 0x00, 0x00, 0xcb, 0xff, 0xff, 0xbd, 0x08, 0x00, 0x04, 0xa1, 0xff, 0xff, 0xff, 0x24, 0x00,
    0x00, 0x00, 0x96, 0xff, 0xff, 0xff, 0xf4, 0xda, 0xf0, 0xff, 0xff, 0xff, 0xff, 0x24, 0x00, 0x00,
    0x00, 0x2e, 0xfa, 0xff, 0xff, 0xff, 0xff, 0xff, 0xd0, 0xff, 0xff, 0xff, 0x24, 0x00, 0x00, 0x00,
    0x00, 0x40, 0xba, 0xec, 0xfe, 0xfa, 0xd3, 0x38, 0xff, 0xff, 0xff, 0x24, 0x00, 0x00, 0x00, 0x00,
    0x00, 0x00, 0x00, 0x00, 0x00, 0x00, 0x00, 0xff, 0xff, 0xff, 0x24, 0x00, 0x00, 0x00, 0x00, 0x00,
    0x00, 0x00, 0x00, 0x00, 0x00, 0x00, 0xff, 0xff, 0xff, 0x24, 0x00, 0x00, 0x00, 0x00, 0x00, 0x00,
    0x00, 0x00, 0x00, 0x00, 0x00, 0xff, 0xff, 0xff, 0x24, 0x00, 0x00, 0x00, 0x00, 0x00, 0x00, 0x00,
    0x00, 0x00, 0x00, 0x00, 0xff, 0xff, 0xff, 0x24, 0x00, 0x00, 0x00, 0x00, 0x00, 0x00, 0x00, 0x00,
    0x00, 0x00, 0x00, 0xff, 0xff, 0xff, 0x24, 0x00, 0x00, 0x00, 0x00, 0x00, 0x00, 0x00, 0x00, 0x00,
    0x00, 0x00, 0xff, 0xff, 0xff, 0x24, 0x00, 0x00, 0x00, 0x00, 0x00, 0x00, 0xff, 0xff, 0x8a, 0x2e,
    0xcd, 0xfa, 0xff, 0xfe, 0xf2, 0x73, 0x00, 0x00, 0x00, 0x00, 0x00, 0xff, 0xff, 0x6d, 0xdc, 0xff,
    0xff, 0xff, 0xff, 0xff, 0x80, 0x00, 0x00, 0x00, 0x00, 0x00, 0xff, 0xff, 0xb8, 0xff, 0xff, 0xf6,
    0xdd, 0xdb, 0xf0, 0x80, 0x00, 0x00, 0x00, 0x00, 0x00, 0xff, 0xff, 0xff, 0xfa, 0x5b, 0x04, 0x00,
    0x00, 0x00, 0x05, 0x00, 0x00, 0x00, 0x00, 0x00, 0xff, 0xff, 0xff, 0x9a, 0x00, 0x00, 0x00, 0x00,
    0x00, 0x00, 0x00, 0x00, 0x00, 0x00, 0x00, 0xff, 0xff, 0xff, 0x57, 0x00, 0x00, 0x00, 0x00, 0x00,
    0x00, 0x00, 0x00, 0x00, 0x00, 0x00, 0xff, 0xff, 0xff, 0x37, 0x00, 0x00, 0x00, 0x00, 0x00, 0x00,
    0x00, 0x00, 0x00, 0x00, 0x00, 0xff, 0xff, 0xff, 0x2a, 0x00, 0x00, 0x00, 0x00, 0x00, 0x00, 0x00,
    0x00, 0x00, 0x00, 0x00, 0xff, 0xff, 0xff, 0x24, 0x00, 0x00, 0x00, 0x00, 0x00, 0x00, 0x00, 0x00,
    0x00, 0x00, 0x00, 0xff, 0xff, 0xff, 0x24, 0x00, 0x00, 0x00, 0x00, 0x00, 0x00, 0x00, 0x00, 0x00,
    0x00, 0x00, 0xff, 0xff, 0xff, 0x24, 0x00, 0x00, 0x00, 0x00, 0x00, 0x00, 0x00, 0x00, 0x00, 0x00,
    0x00, 0xff, 0xff, 0xff, 0x24, 0x00, 0x00, 0x00, 0x00, 0x00, 0x00, 0x00, 0x00, 0x00, 0x00, 0x00,
    0xff, 0xff, 0xff, 0x24, 0x00, 0x00, 0x00, 0x00, 0x00, 0x00, 0x00, 0x00, 0x00, 0x00, 0x00, 0xff,
    0xff, 0xff, 0x24, 0x00, 0x00, 0x00, 0x00, 0x00, 0x00, 0x00, 0x00, 0x00, 0x00, 0x00, 0xff, 0xff,
    0xff, 0x24, 0x00, 0x00, 0x00, 0x00, 0x00, 0x00, 0x00, 0x00, 0x00, 0x07, 0x7f, 0xcd, 0xed, 0xfb,
    0xff, 0xfa, 0xeb, 0xc4, 0x62, 0x00, 0x00, 0x00, 0x00, 0x00, 0x8f, 0xff, 0xff, 0xff, 0xff, 0xff,
    0xff, 0xff, 0xff, 0xff, 0x55, 0x00, 0x00, 0x00, 0x00, 0xe1, 0xff, 0xff, 0xff, 0xe5, 0xd8, 0xe2,
    0xff, 0xff, 0xff, 0xa1, 0x00, 0x00, 0x00, 0x00, 0xfc, 0xff, 0xff, 0x54, 0x00, 0x00, 0x00, 0x64,
    0xff, 0xff, 0xbb, 0x00, 0x00, 0x00, 0x00, 0xfd, 0xff, 0xff, 0x2a, 0x00, 0x00, 0x00, 0x07, 0x1c,
    0x1c, 0x15, 0x00, 0x00, 0x00, 0x00, 0xe7, 0xff, 0xff, 0x8e, 0x09, 0x00, 0x00, 0x00, 0x00, 0x00,
    0x00, 0x00, 0x00, 0x00, 0x00, 0x9b, 0xff, 0xff, 0xff, 0xf9, 0xce, 0xa4, 0x71, 0x31, 0x00, 0x00,
    0x00, 0x00, 0x00, 0x00, 0x0e, 0x9f, 0xf7, 0xff, 0xff, 0xff, 0xff, 0xff, 0xff, 0xca, 0x1d, 0x00,
    0x00, 0x00, 0x00, 0x00, 0x00, 0x0a, 0x3d, 0x68, 0x93, 0xcc, 0xff, 0xff, 0xff, 0xad, 0x00, 0x00,
    0x00, 0x00, 0x00, 0x00, 0x00, 0x00, 0x00, 0x00, 0x00, 0x69, 0xff, 0xff, 0xea, 0x00, 0x00, 0x00,
    0x00, 0x7c, 0x7c, 0x7c, 0x13, 0x00, 0x00, 0x00, 0x28, 0xff, 0xff, 0xfe, 0x00, 0x00, 0x00, 0x00,
    0xf9, 0xff, 0xff, 0x61, 0x00, 0x00, 0x00, 0x54, 0xff, 0xff, 0xfa, 0x00, 0x00, 0x00, 0x00, 0xdd,
    0xff, 0xff, 0xff, 0xe6, 0xd8, 0xe4, 0xff, 0xff, 0xff, 0xdd, 0x00, 0x00, 0x00, 0x00, 0x8f, 0xff,
    0xff, 0xff, 0xff, 0xff, 0xff, 0xff, 0xff, 0xff, 0x88, 0x00, 0x00, 0x00, 0x00, 0x06, 0x7c, 0xcc,
    0xed, 0xfc, 0xff, 0xfa, 0xec, 0xc9, 0x78, 0x05, 0x00, 0x00, 0x00, 0x00, 0x00, 0x00, 0x00, 0x00,
    0x00, 0x12, 0x0a, 0x00, 0x00, 0x00, 0x00, 0x00, 0x00, 0x00, 0x00, 0x00, 0x00, 0x00, 0x39, 0xa0,
    0xf7, 0x24, 0x00, 0x00, 0x00, 0x00, 0x00, 0x00, 0x00, 0x00, 0x00, 0x00, 0x00, 0xff, 0xff, 0xff,
    0x24, 0x00, 0x00, 0x00, 0x00, 0x00, 0x00, 0x00, 0x00, 0x00, 0x00, 0x00, 0xff, 0xff, 0xff, 0x24,
    0x00, 0x00, 0x00, 0x00, 0x00, 0x00, 0x00, 0x00, 0x00, 0x00, 0x00, 0xff, 0xff, 0xff, 0x24, 0x00,
    0x00, 0x00, 0x00, 0x00, 0x00, 0x00, 0x00, 0x9c, 0xff, 0xff, 0xff, 0xff, 0xff, 0xff, 0xff, 0xff,
    0xff, 0x80, 0x00, 0x00, 0x00, 0x00, 0xe2, 0xff, 0xff, 0xff, 0xff, 0xff, 0xff, 0xff, 0xff, 0xff,
    0x80, 0x00, 0x00, 0x00, 0x1d, 0xd8, 0xd8, 0xd8, 0xff, 0xff, 0xff, 0xde, 0xd8, 0xd8, 0xd8, 0x6c,
    0x00, 0x00, 0x00, 0x00, 0x00, 0x00, 0x00, 0xff, 0xff, 0xff, 0x24, 0x00, 0x00, 0x00, 0x00, 0x00,
    0x00, 0x00, 0x00, 0x00, 0x00, 0x00, 0xff, 0xff, 0xff, 0x24, 0x00, 0x00, 0x00, 0x00, 0x00, 0x00,
    0x00, 0x00, 0x00, 0x00, 0x00, 0xff, 0xff, 0xff, 0x24, 0x00, 0x00, 0x00, 0x00, 0x00, 0x00, 0x00,
    0x00, 0x00, 0x00, 0x00, 0xff, 0xff, 0xff, 0x24, 0x00, 0x00, 0x00, 0x00, 0x00, 0x00, 0x00, 0x00,
    0x00, 0x00, 0x00, 0xff, 0xff, 0xff, 0x24, 0x00, 0x00, 0x00, 0x00, 0x00, 0x00, 0x00, 0x00, 0x00,
    0x00, 0x00, 0xff, 0xff, 0xff, 0x24, 0x00, 0x00, 0x00, 0x00, 0x00, 0x00, 0x00, 0x00, 0x00, 0x00,
    0x00, 0xff, 0xff, 0xff, 0x24, 0x00, 0x00, 0x00, 0x00, 0x00, 0x00, 0x00, 0x00, 0x00, 0x00, 0x00,
    0xff, 0xff, 0xff, 0x28, 0x00, 0x00, 0x00, 0x00, 0x00, 0x00, 0x00, 0x00, 0x00, 0x00, 0x00, 0xf5,
    0xff, 0xff, 0x64, 0x00, 0x00, 0x00, 0x0f, 0x00, 0x00, 0x00, 0x00, 0x00, 0x00, 0x00, 0xd9, 0xff,
    0xff, 0xff, 0xe4, 0xd9, 0xe8, 0xff, 0x00, 0x00, 0x00, 0x00, 0x00, 0x00, 0x00, 0x91, 0xff, 0xff,
    0xff, 0xff, 0xff, 0xff, 0xff, 0x00, 0x00, 0x00, 0x00, 0x00, 0x00, 0x00, 0x0f, 0x9e, 0xe4, 0xfc,
    0xff, 0xf9, 0xdc, 0xbc, 0x00, 0x00, 0x00, 0x00, 0xff, 0xff, 0xff, 0x24, 0x00, 0x00, 0x00, 0x24,
    0xff, 0xff, 0xff, 0x00, 0x00, 0x00, 0x00, 0xff, 0xff, 0xff, 0x24, 0x00, 0x00, 0x00, 0x24, 0xff,
    0xff, 0xff, 0x00, 0x00, 0x00, 0x00, 0xff, 0xff, 0xff, 0x24, 0x00, 0x00, 0x00, 0x24, 0xff, 0xff,
    0xff, 0x00, 0x00, 0x00, 0x00, 0xff, 0xff, 0xff, 0x24, 0x00, 0x00, 0x00, 0x24, 0xff, 0xff, 0xff,
    0x00, 0x00, 0x00, 0x00, 0xff, 0xff, 0xff, 0x24, 0x00, 0x00, 0x00, 0x24, 0xff, 0xff, 0xff, 0x00,
    0x00, 0x00, 0x00, 0xff, 0xff, 0xff, 0x24, 0x00, 0x00, 0x00, 0x24, 0xff, 0xff, 0xff, 0x00, 0x00,
    0x00, 0x00, 0xff, 0xff, 0xff, 0x24, 0x00, 0x00, 0x00, 0x24, 0xff, 0xff, 0xff, 0x00, 0x00, 0x00,
    0x00, 0xff, 0xff, 0xff, 0x24, 0x00, 0x00, 0x00, 0x24, 0xff, 0xff, 0xff, 0x00, 0x00, 0x00, 0x00,
    0xff, 0xff, 0xff, 0x24, 0x00, 0x00, 0x00, 0x28, 0xff, 0xff, 0xff, 0x00, 0x00, 0x00, 0x00, 0xff,
    0xff, 0xff, 0x25, 0x00, 0x00, 0x00, 0x35, 0xff, 0xff, 0xff, 0x00, 0x00, 0x00, 0x00, 0xfa, 0xff,
    0xff, 0x32, 0x00, 0x00, 0x00, 0x5a, 0xff, 0xff, 0xff, 0x00, 0x00, 0x00, 0x00, 0xea, 0xff, 0xff,
    0x84, 0x01, 0x00, 0x13, 0xc9, 0xff, 0xff, 0xff, 0x00, 0x00, 0x00, 0x00, 0xc8, 0xff, 0xff, 0xff,
    0xee, 0xe3, 0xfc, 0xff, 0xe9, 0xff, 0xff, 0x00, 0x00, 0x00, 0x00, 0x74, 0xff, 0xff, 0xff, 0xff,
    0xff, 0xff, 0xcd, 0xb0, 0xff, 0xff, 0x00, 0x00, 0x00, 0x00, 0x03, 0x81, 0xd8, 0xf8, 0xff, 0xf3,
    0xbe, 0x27, 0xb0, 0xff, 0xff, 0x00, 0x00, 0x00, 0xc3, 0xff, 0xff, 0xa6, 0x00, 0x00, 0x00, 0x00,
    0x05, 0xf6, 0xff, 0xff, 0x6f, 0x00, 0x00, 0x7a, 0xff, 0xff, 0xe1, 0x00, 0x00, 0x00, 0x00, 0x35,
    0xff, 0xff, 0xff, 0x26, 0x00, 0x00, 0x30, 0xff, 0xff, 0xff, 0x1c, 0x00, 0x00, 0x00, 0x71, 0xff,
    0xff, 0xdc, 0x00, 0x00, 0x00, 0x01, 0xe6, 0xff, 0xff, 0x58, 0x00, 0x00, 0x00, 0xac, 0xff, 0xff,
    0x92, 0x00, 0x00, 0x00, 0x00, 0x9e, 0xff, 0xff, 0x93, 0x00, 0x00, 0x00, 0xe7, 0xff, 0xff, 0x48,
    0x00, 0x00, 0x00, 0x00, 0x54, 0xff, 0xff, 0xce, 0x00, 0x00, 0x22, 0xff, 0xff, 0xf6, 0x09, 0x00,
    0x00, 0x00, 0x00, 0x0f, 0xfb, 0xff, 0xfd, 0x0d, 0x00, 0x5e, 0xff, 0xff, 0xb4, 0x00, 0x00, 0x00,
    0x00, 0x00, 0x00, 0xc0, 0xff, 0xff, 0x45, 0x00, 0x99, 0xff, 0xff, 0x6c, 0x00, 0x00, 0x00, 0x00,
    0x00, 0x00, 0x77, 0xff, 0xff, 0x80, 0x00, 0xd4, 0xff, 0xff, 0x22, 0x00, 0x00, 0x00, 0x00, 0x00,
    0x00, 0x2d, 0xff, 0xff, 0xbb, 0x11, 0xfe, 0xff, 0xd8, 0x00, 0x00, 0x00, 0x00, 0x00, 0x00, 0x00,
    0x00, 0xe3, 0xff, 0xf3, 0x4e, 0xff, 0xff, 0x90, 0x00, 0x00, 0x00, 0x00, 0x00, 0x00, 0x00, 0x00,
    0x99, 0xff, 0xff, 0xba, 0xff, 0xff, 0x45, 0x00, 0x00, 0x00, 0x00, 0x00, 0x00, 0x00, 0x00, 0x50,
    0xff, 0xff, 0xff, 0xff, 0xf5, 0x07, 0x00, 0x00, 0x00, 0x00, 0x00, 0x00, 0x00, 0x00, 0x0d, 0xfa,
    0xff, 0xff, 0xff, 0xb2, 0x00, 0x00, 0x00, 0x00, 0x00, 0x00, 0x00, 0x00, 0x00, 0x00, 0xbd, 0xff,
    0xff, 0xff, 0x68, 0x00, 0x00, 0x00, 0x00, 0x00, 0xb4, 0xff, 0xff, 0x52, 0x00, 0x58, 0xff, 0xff,
    0xff, 0x0c, 0x00, 0x9e, 0xff, 0xff, 0x61, 0x8d, 0xff, 0xff, 0x65, 0x00, 0x78, 0xff, 0xff, 0xff,
    0x2c, 0x00, 0xb2, 0xff, 0xff, 0x3a, 0x66, 0xff, 0xff, 0x79, 0x00, 0x98, 0xff, 0xff, 0xff, 0x4c,
    0x00, 0xc5, 0xff, 0xff, 0x13, 0x3f, 0xff, 0xff, 0x8c, 0x00, 0xb9, 0xff, 0xb3, 0xff, 0x6c, 0x00,
    0xd8, 0xff, 0xed, 0x00, 0x18, 0xff, 0xff, 0xa0, 0x00, 0xdc, 0xff, 0x6e, 0xff, 0x8f, 0x00, 0xec,
    0xff, 0xc6, 0x00, 0x00, 0xf0, 0xff, 0xb3, 0x02, 0xfa, 0xf0, 0x3d, 0xff, 0xb0, 0x02, 0xfd, 0xff,
    0x9f, 0x00, 0x00, 0xca, 0xff, 0xc6, 0x1c, 0xff, 0xd0, 0x1c, 0xff, 0xd0, 0x13, 0xff, 0xff, 0x79,
    0x00, 0x00, 0xa2, 0xff, 0xda, 0x3c, 0xff, 0xaf, 0x02, 0xfa, 0xf0, 0x26, 0xff, 0xff, 0x52, 0x00,
    0x00, 0x7b, 0xff, 0xee, 0x5c, 0xff, 0x8c, 0x00, 0xdc, 0xff, 0x4a, 0xff, 0xff, 0x2b, 0x00, 0x00,
    0x54, 0xff, 0xfe, 0x7f, 0xff, 0x6c, 0x00, 0xbc, 0xff, 0x7d, 0xff, 0xfe, 0x07, 0x00, 0x00, 0x2c,
    0xff, 0xff, 0xb1, 0xff, 0x4c, 0x00, 0x9c, 0xff, 0xb1, 0xff, 0xde, 0x00, 0x00, 0x00, 0x08, 0xfe,
    0xff, 0xe7, 0xff, 0x2c, 0x00, 0x7c, 0xff, 0xe7, 0xff, 0xb7, 0x00, 0x00, 0x00, 0x00, 0xde, 0xff,
    0xff, 0xff, 0x0b, 0x00, 0x5c, 0xff, 0xff, 0xff, 0x91, 0x00, 0x00, 0x00, 0x00, 0xb7, 0xff, 0xff,
    0xe8, 0x00, 0x00, 0x3c, 0xff, 0xff, 0xff, 0x6a, 0x00, 0x00, 0x00, 0x00, 0x90, 0xff, 0xff, 0xc8,
    0x00, 0x00, 0x1c, 0xff, 0xff, 0xff, 0x42, 0x00, 0x00, 0x00, 0x40, 0xff, 0xff, 0xff, 0x4e, 0x00,
    0x00, 0x00, 0x86, 0xff, 0xff, 0xf7, 0x1f, 0x00, 0x00, 0x00, 0xb8, 0xff, 0xff, 0xbb, 0x00, 0x00,
    0x09, 0xec, 0xff, 0xff, 0x8a, 0x00, 0x00, 0x00, 0x00, 0x32, 0xff, 0xff, 0xff, 0x29, 0x00, 0x62,
    0xff, 0xff, 0xed, 0x10, 0x00, 0x00, 0x00, 0x00, 0x00, 0xa8, 0xff, 0xff, 0x96, 0x00, 0xd0, 0xff,
    0xff, 0x70, 0x00, 0x00, 0x00, 0x00, 0x00, 0x00, 0x25, 0xfb, 0xff, 0xf3, 0x4d, 0xff, 0xff, 0xde,
    0x06, 0x00, 0x00, 0x00, 0x00, 0x00, 0x00, 0x00, 0x98, 0xff, 0xff, 0xf1, 0xff, 0xff, 0x58, 0x00,
    0x00, 0x00, 0x00, 0x00, 0x00, 0x00, 0x00, 0x19, 0xf6, 0xff, 0xff, 0xff, 0xcb, 0x01, 0x00, 0x00,
    0x00, 0x00, 0x00, 0x00, 0x00, 0x00, 0x00, 0xb0, 0xff, 0xff, 0xff, 0x68, 0x00, 0x00, 0x00, 0x00,
    0x00, 0x00, 0x00, 0x00, 0x00, 0x25, 0xfb, 0xff, 0xff, 0xff, 0xd3, 0x03, 0x00, 0x00, 0x00, 0x00,
    0x00, 0x00, 0x00, 0x00, 0xae, 0xff, 0xff, 0xf5, 0xff, 0xff, 0x66, 0x00, 0x00, 0x00, 0x00, 0x00,
    0x00, 0x00, 0x3f, 0xff, 0xff, 0xea, 0x51, 0xff, 0xff, 0xe9, 0x0d, 0x00, 0x00, 0x00, 0x00, 0x00,
    0x02, 0xcc, 0xff, 0xff, 0x7e, 0x01, 0xd0, 0xff, 0xff, 0x83, 0x00, 0x00, 0x00, 0x00, 0x00, 0x5e,
    0xff, 0xff, 0xf5, 0x13, 0x00, 0x59, 0xff, 0xff, 0xf6, 0x1c, 0x00, 0x00, 0x00, 0x0a, 0xe3, 0xff,
    0xff, 0x91, 0x00, 0x00, 0x03, 0xdd, 0xff, 0xff, 0xa2, 0x00, 0x00, 0x00, 0x7d, 0xff, 0xff, 0xfc,
    0x1f, 0x00, 0x00, 0x00, 0x67, 0xff, 0xff, 0xfe, 0x33, 0x00, 0x00, 0x9d, 0xff, 0xff, 0x9e, 0x00,
    0x00, 0x00, 0x00, 0x00, 0xce, 0xff, 0xff, 0x75, 0x00, 0x00, 0x4e, 0xff, 0xff, 0xe1, 0x00, 0x00,
    0x00, 0x00, 0x13, 0xfe, 0xff, 0xff, 0x26, 0x00, 0x00, 0x0b, 0xf7, 0xff, 0xff, 0x24, 0x00, 0x00,
    0x00, 0x54, 0xff, 0xff, 0xda, 0x00, 0x00, 0x00, 0x00, 0xb2, 0xff, 0xff, 0x69, 0x00, 0x00, 0x00,
    0x97, 0xff, 0xff, 0x8c, 0x00, 0x00, 0x00, 0x00, 0x66, 0xff, 0xff, 0xac, 0x00, 0x00, 0x00, 0xdc,
    0xff, 0xff, 0x3e, 0x00, 0x00, 0x00, 0x00, 0x18, 0xfe, 0xff, 0xee, 0x02, 0x00, 0x1e, 0xff, 0xff,
    0xec, 0x03, 0x00, 0x00, 0x00, 0x00, 0x00, 0xca, 0xff, 0xff, 0x33, 0x00, 0x60, 0xff, 0xff, 0xa1,
    0x00, 0x00, 0x00, 0x00, 0x00, 0x00, 0x7a, 0xff, 0xff, 0x76, 0x00, 0xa4, 0xff, 0xff, 0x53, 0x00,
    0x00, 0x00, 0x00, 0x00, 0x00, 0x2e, 0xff, 0xff, 0xba, 0x01, 0xe8, 0xff, 0xf9, 0x0d, 0x00, 0x00,
    0x00, 0x00, 0x00, 0x00, 0x00, 0xdf, 0xff, 0xf6, 0x33, 0xff, 0xff, 0xb9, 0x00, 0x00, 0x00, 0x00,
    0x00, 0x00, 0x00, 0x00, 0x92, 0xff, 0xff, 0xb1, 0xff, 0xff, 0x6a, 0x00, 0x00, 0x00, 0x00, 0x00,
    0x00, 0x00, 0x00, 0x42, 0xff, 0xff, 0xff, 0xff, 0xff, 0x1c, 0x00, 0x00, 0x00, 0x00, 0x00, 0x00,
    0x00, 0x00, 0x05, 0xf0, 0xff, 0xff, 0xff, 0xce, 0x00, 0x00, 0x00, 0x00, 0x00, 0x00, 0x00, 0x00,
    0x00, 0x00, 0x91, 0xf5, 0xff, 0xff, 0x81, 0x00, 0x00, 0x00, 0x00, 0x00, 0x00, 0x00, 0x00, 0x00,
    0x00, 0x02, 0xe8, 0xff, 0xff, 0x32, 0x00, 0x00, 0x00, 0x00, 0x00, 0x00, 0x00, 0x00, 0x00, 0x00,
    0x3a, 0xff, 0xff, 0xe5, 0x01, 0x00, 0x00, 0x00, 0x00, 0x00, 0x00, 0x00, 0x00, 0x00, 0x00, 0x89,
    0xff, 0xff, 0x96, 0x00, 0x00, 0x00, 0x00, 0x00, 0x00, 0x00, 0x00, 0x00, 0x00, 0x00, 0xd9, 0xff,
    0xff, 0x48, 0x00, 0x00, 0x00, 0x00, 0x00, 0x00, 0x00, 0x00, 0x00, 0x00, 0x2a, 0xff, 0xff, 0xf3,
    0x07, 0x00, 0x00, 0x00, 0x00, 0x00, 0x00, 0x00, 0x00, 0x00, 0x00, 0x7a, 0xff, 0xff, 0xae, 0x00,
    0x00, 0x00, 0x00, 0x00, 0x00, 0x00, 0x00, 0x00, 0x00, 0x00, 0xc9, 0xff, 0xff, 0x5f, 0x00, 0x00,
    0x00, 0x00, 0x00, 0x00, 0x00, 0x00, 0x00, 0xff, 0xff, 0xff, 0xff, 0xff, 0xff, 0xff, 0xff, 0xff,
    0xff, 0x00, 0x00, 0x00, 0x00, 0x00, 0xff, 0xff, 0xff, 0xff, 0xff, 0xff, 0xff, 0xff, 0xff, 0xff,
    0x00, 0x00, 0x00, 0x00, 0x00, 0xd8, 0xd8, 0xd8, 0xd8, 0xd8, 0xd8, 0xfc, 0xff, 0xff, 0xfe, 0x00,
    0x00, 0x00, 0x00, 0x00, 0x00, 0x00, 0x00, 0x00, 0x00, 0x4b, 0xff, 0xff, 0xff, 0x89, 0x00, 0x00,
    0x00, 0x00, 0x00, 0x00, 0x00, 0x00, 0x00, 0x10, 0xe5, 0xff, 0xff, 0xce, 0x06, 0x00, 0x00, 0x00,
    0x00, 0x00, 0x00, 0x00, 0x00, 0x00, 0x9b, 0xff, 0xff, 0xf6, 0x29, 0x00, 0x00, 0x00, 0x00, 0x00,
    0x00, 0x00, 0x00, 0x00, 0x46, 0xff, 0xff, 0xff, 0x6c, 0x00, 0x00, 0x00, 0x00, 0x00, 0x00, 0x00,
    0x00, 0x00, 0x0d, 0xe1, 0xff, 0xff, 0xb5, 0x01, 0x00, 0x00, 0x00, 0x00, 0x00, 0x00, 0x00, 0x00,
    0x00, 0x98, 0xff, 0xff, 0xea, 0x17, 0x00, 0x00, 0x00, 0x00, 0x00, 0x00, 0x00, 0x00, 0x00, 0x41,
    0xff, 0xff, 0xff, 0x4d, 0x00, 0x00, 0x00, 0x00, 0x00, 0x00, 0x00, 0x00, 0x00, 0x0b, 0xdd, 0xff,
    0xff, 0x98, 0x00, 0x00, 0x00, 0x00, 0x00, 0x00, 0x00, 0x00, 0x00, 0x00, 0x92, 0xff, 0xff, 0xd9,
    0x0b, 0x00, 0x00, 0x00, 0x00, 0x00, 0x00, 0x00, 0x00, 0x00, 0x00, 0xfe, 0xff, 0xff, 0xeb, 0xd8,
    0xd8, 0xd8, 0xd8, 0xd8, 0xd8, 0x00, 0x00, 0x00, 0x00, 0x00, 0xff, 0xff, 0xff, 0xff, 0xff, 0xff,
    0xff, 0xff, 0xff, 0xff, 0x00, 0x00, 0x00, 0x00, 0x00, 0xff, 0xff, 0xff, 0xff, 0xff, 0xff, 0xff,
    0xff, 0xff, 0xff, 0x00, 0x00, 0x00, 0x00, 0x00, 0x00, 0x00, 0x00, 0x00, 0x00, 0x0c, 0x48, 0x67,
    0x75, 0x7e, 0x40, 0x00, 0x00, 0x00, 0x00, 0x00, 0x00, 0x00, 0x00, 0x3d, 0xf0, 0xff, 0xff, 0xff,
    0xff, 0x80, 0x00, 0x00, 0x00, 0x00, 0x00, 0x00, 0x00, 0x00, 0xb3, 0xff, 0xff, 0xff, 0xff, 0xff,
    0x80, 0x00, 0x00, 0x00, 0x00, 0x00, 0x00, 0x00, 0x00, 0xc9, 0xff, 0xff, 0xc1, 0x5b, 0x58, 0x2c,
    0x00, 0x00, 0x00, 0x00, 0x00, 0x00, 0x00, 0x00, 0xb7, 0xff, 0xff, 0x76, 0x00, 0x00, 0x00, 0x00,
    0x00, 0x00, 0x00, 0x00, 0x00, 0x00, 0x00, 0x96, 0xff, 0xff, 0x9b, 0x00, 0x00, 0x00, 0x00, 0x00,
    0x00, 0x00, 0x00, 0x00, 0x00, 0x00, 0x6d, 0xff, 0xff, 0xca, 0x00, 0x00, 0x00, 0x00, 0x00, 0x00,
    0x00, 0x00, 0x00, 0x00, 0x00, 0x3e, 0xff, 0xff, 0xf6, 0x01, 0x00, 0x00, 0x00, 0x00, 0x00, 0x00,
    0x00, 0x00, 0x00, 0x00, 0x14, 0xff, 0xff, 0xff, 0x18, 0x00, 0x00, 0x00, 0x00, 0x00, 0x00, 0x00,
    0x00, 0x00, 0x00, 0x0e, 0xff, 0xff, 0xff, 0x20, 0x00, 0x00, 0x00, 0x00, 0x00, 0x00, 0x00, 0x00,
    0x40, 0x7a, 0xd1, 0xff, 0xff, 0xf5, 0x07, 0x00, 0x00, 0x00, 0x00, 0x00, 0x00, 0x00, 0x00, 0xff,
    0xff, 0xff, 0xff, 0xf0, 0x5c, 0x00, 0x00, 0x00, 0x00, 0x00, 0x00, 0x00, 0x00, 0x00, 0xff, 0xff,
    0xff, 0x54, 0x07, 0x00, 0x00, 0x00, 0x00, 0x00, 0x00, 0x00, 0x00, 0x00, 0x00, 0xff, 0xff, 0xff,
    0xf1, 0xaf, 0x2b, 0x00, 0x00, 0x00, 0x00, 0x00, 0x00, 0x00, 0x00, 0x00, 0x94, 0xd3, 0xff, 0xff,
    0xff, 0xe1, 0x02, 0x00, 0x00, 0x00, 0x00, 0x00, 0x00, 0x00, 0x00, 0x00, 0x00, 0x3b, 0xff, 0xff,
    0xff, 0x1d, 0x00, 0x00, 0x00, 0x00, 0x00, 0x00, 0x00, 0x00, 0x00, 0x00, 0x09, 0xff, 0xff, 0xff,
    0x1e, 0x00, 0x00, 0x00, 0x00, 0x00, 0x00, 0x00, 0x00, 0x00, 0x00, 0x30, 0xff, 0xff, 0xfd, 0x06,
    0x00, 0x00, 0x00, 0x00, 0x00, 0x00, 0x00, 0x00, 0x00, 0x00, 0x5e, 0xff, 0xff, 0xda, 0x00, 0x00,
    0x00, 0x00, 0x00, 0x00, 0x00, 0x00, 0x00, 0x00, 0x00, 0x8b, 0xff, 0xff, 0xa7, 0x00, 0x00, 0x00,
    0x00, 0x00, 0x00, 0x00, 0x00, 0x00, 0x00, 0x00, 0xb1, 0xff, 0xff, 0x79, 0x00, 0x00, 0x00, 0x00,
    0x00, 0x00, 0x00, 0x00, 0x00, 0x00, 0x00, 0xcc, 0xff, 0xff, 0x8a, 0x02, 0x00, 0x00, 0x00, 0x00,
    0x00, 0x00, 0x00, 0x00, 0x00, 0x00, 0xc8, 0xff, 0xff, 0xff, 0xff, 0xff, 0x80, 0x00, 0x00, 0x00,
    0x00, 0x00, 0x00, 0x00, 0x00, 0x7c, 0xff, 0xff, 0xff, 0xff, 0xff, 0x80, 0x00, 0x00, 0x00, 0x00,
    0x00, 0x00, 0x00, 0x00, 0x01, 0x58, 0xa1, 0xbf, 0xcd, 0xd6, 0x6c, 0x00, 0x00, 0x00, 0x00, 0x00,
    0x00, 0x00, 0x00, 0xff, 0xff, 0xff, 0x24, 0x00, 0x00, 0x00, 0x00, 0x00, 0x00, 0x00, 0x00, 0x00,
    0x00, 0x00, 0xff, 0xff, 0xff, 0x24, 0x00, 0x00, 0x00, 0x00, 0x00, 0x00, 0x00, 0x00, 0x00, 0x00,
    0x00, 0xff, 0xff, 0xff, 0x24, 0x00, 0x00, 0x00, 0x00, 0x00, 0x00, 0x00, 0x00, 0x00, 0x00, 0x00,
    0xff, 0xff, 0xff, 0x24, 0x00, 0x00, 0x00, 0x00, 0x00, 0x00, 0x00, 0x00, 0x00, 0x00, 0x00, 0xff,
    0xff, 0xff, 0x24, 0x00, 0x00, 0x00, 0x00, 0x00, 0x00, 0x00, 0x00, 0x00, 0x00, 0x00, 0xff, 0xff,
    0xff, 0x24, 0x00, 0x00, 0x00, 0x00, 0x00, 0x00, 0x00, 0x00, 0x00, 0x00, 0x00, 0xff, 0xff, 0xff,
    0x24, 0x00, 0x00, 0x00, 0x00, 0x00, 0x00, 0x00, 0x00, 0x00, 0x00, 0x00, 0xff, 0xff, 0xff, 0x24,
    0x00, 0x00, 0x00, 0x00, 0x00, 0x00, 0x00, 0x00, 0x00, 0x00, 0x00, 0xff, 0xff, 0xff, 0x24, 0x00,
    0x00, 0x00, 0x00, 0x00, 0x00, 0x00, 0x00, 0x00, 0x00, 0x00, 0xff, 0xff, 0xff, 0x24, 0x00, 0x00,
    0x00, 0x00, 0x00, 0x00, 0x00, 0x00, 0x00, 0x00, 0x00, 0xff, 0xff, 0xff, 0x24, 0x00, 0x00, 0x00,
    0x00, 0x00, 0x00, 0x00, 0x00, 0x00, 0x00, 0x00, 0xff, 0xff, 0xff, 0x24, 0x00, 0x00, 0x00, 0x00,
    0x00, 0x00, 0x00, 0x00, 0x00, 0x00, 0x00, 0xff, 0xff, 0xff, 0x24, 0x00, 0x00, 0x00, 0x00, 0x00,
    0x00, 0x00, 0x00, 0x00, 0x00, 0x00, 0xff, 0xff, 0xff, 0x24, 0x00, 0x00, 0x00, 0x00, 0x00, 0x00,
    0x00, 0x00, 0x00, 0x00, 0x00, 0xff, 0xff, 0xff, 0x24, 0x00, 0x00, 0x00, 0x00, 0x00, 0x00, 0x00,
    0x00, 0x00, 0x00, 0x00, 0xff, 0xff, 0xff, 0x24, 0x00, 0x00, 0x00, 0x00, 0x00, 0x00, 0x00, 0x00,
    0x00, 0x00, 0x00, 0xff, 0xff, 0xff, 0x24, 0x00, 0x00, 0x00, 0x00, 0x00, 0x00, 0x00, 0x00, 0x00,
    0x00, 0x00, 0xff, 0xff, 0xff, 0x24, 0x00, 0x00, 0x00, 0x00, 0x00, 0x00, 0x00, 0x00, 0x00, 0x00,
    0x00, 0xff, 0xff, 0xff, 0x24, 0x00, 0x00, 0x00, 0x00, 0x00, 0x00, 0x00, 0x00, 0x00, 0x00, 0x00,
    0xff, 0xff, 0xff, 0x24, 0x00, 0x00, 0x00, 0x00, 0x00, 0x00, 0x00, 0x00, 0x00, 0x00, 0x00, 0xff,
    0xff, 0xff, 0x24, 0x00, 0x00, 0x00, 0x00, 0x00, 0x00, 0x00, 0x00, 0x00, 0x00, 0x00, 0xff, 0xff,
    0xff, 0x24, 0x00, 0x00, 0x00, 0x00, 0x00, 0x00, 0x00, 0x00, 0x00, 0x00, 0x00, 0xff, 0xff, 0xff,
    0x24, 0x00, 0x00, 0x00, 0x00, 0x00, 0x00, 0x00, 0x00, 0x00, 0x00, 0x00, 0xff, 0xff, 0xff, 0x24,
    0x00, 0x00, 0x00, 0x00, 0x00, 0x00, 0x00, 0x00, 0x7f, 0x7a, 0x6d, 0x53, 0x1f, 0x00, 0x00, 0x00,
    0x00, 0x00, 0x00, 0x00, 0x00, 0x00, 0x00, 0xff, 0xff, 0xff, 0xff, 0xff, 0x94, 0x00, 0x00, 0x00,
    0x00, 0x00, 0x00, 0x00, 0x00, 0x00, 0xff, 0xff, 0xff, 0xff, 0xff, 0xff, 0x1c, 0x00, 0x00, 0x00,
    0x00, 0x00, 0x00, 0x00, 0x00, 0x5a, 0x69, 0xbb, 0xff, 0xff, 0xff, 0x31, 0x00, 0x00, 0x00, 0x00,
    0x00, 0x00, 0x00, 0x00, 0x00, 0x00, 0x1f, 0xff, 0xff, 0xff, 0x22, 0x00, 0x00, 0x00, 0x00, 0x00,
    0x00, 0x00, 0x00, 0x00, 0x00, 0x2d, 0xff, 0xff, 0xfc, 0x04, 0x00, 0x00, 0x00, 0x00, 0x00, 0x00,
    0x00, 0x00, 0x00, 0x00, 0x56, 0xff, 0xff, 0xd9, 0x00, 0x00, 0x00, 0x00, 0x00, 0x00, 0x00, 0x00,
    0x00, 0x00, 0x00, 0x86, 0xff, 0xff, 0xaf, 0x00, 0x00, 0x00, 0x00, 0x00, 0x00, 0x00, 0x00, 0x00,
    0x00, 0x00, 0xb1, 0xff, 0xff, 0x8b, 0x00, 0x00, 0x00, 0x00, 0x00, 0x00, 0x00, 0x00, 0x00, 0x00,
    0x00, 0xd5, 0xff, 0xff, 0x97, 0x00, 0x00, 0x00, 0x00, 0x00, 0x00, 0x00, 0x00, 0x00, 0x00, 0x00,
    0xd0, 0xff, 0xff, 0xfe, 0xa7, 0x59, 0x17, 0x00, 0x00, 0x00, 0x00, 0x00, 0x00, 0x00, 0x00, 0x48,
    0xe3, 0xff, 0xff, 0xff, 0xff, 0x80, 0x00, 0x00, 0x00, 0x00, 0x00, 0x00, 0x00, 0x00, 0x00, 0x01,
    0x2f, 0xc2, 0xff, 0xff, 0x80, 0x00, 0x00, 0x00, 0x00, 0x00, 0x00, 0x00, 0x00, 0x1a, 0x90, 0xd8,
    0xfe, 0xff, 0xff, 0x80, 0x00, 0x00, 0x00, 0x00, 0x00, 0x00, 0x00, 0x00, 0xbc, 0xff, 0xff, 0xff,
    0xf8, 0xb9, 0x43, 0x00, 0x00, 0x00, 0x00, 0x00, 0x00, 0x00, 0x00, 0xd9, 0xff, 0xff, 0xc7, 0x12,
    0x00, 0x00, 0x00, 0x00, 0x00, 0x00, 0x00, 0x00, 0x00, 0x00, 0xbe, 0xff, 0xff, 0x85, 0x00, 0x00,
    0x00, 0x00, 0x00, 0x00, 0x00, 0x00, 0x00, 0x00, 0x00, 0x94, 0xff, 0xff, 0xa0, 0x00, 0x00, 0x00,
    0x00, 0x00, 0x00, 0x00, 0x00, 0x00, 0x00, 0x00, 0x66, 0xff, 0xff, 0xcb, 0x00, 0x00, 0x00, 0x00,
    0x00, 0x00, 0x00, 0x00, 0x00, 0x00, 0x00, 0x38, 0xff, 0xff, 0xf3, 0x01, 0x00, 0x00, 0x00, 0x00,
    0x00, 0x00, 0x00, 0x00, 0x00, 0x00, 0x18, 0xff, 0xff, 0xff, 0x18, 0x00, 0x00, 0x00, 0x00, 0x00,
    0x00, 0x00, 0x00, 0x02, 0x11, 0x6f, 0xff, 0xff, 0xff, 0x2f, 0x00, 0x00, 0x00, 0x00, 0x00, 0x00,
    0x00, 0x00, 0xff, 0xff, 0xff, 0xff, 0xff, 0xff, 0x2b, 0x00, 0x00, 0x00, 0x00, 0x00, 0x00, 0x00,
    0x00, 0xff, 0xff, 0xff, 0xff, 0xff, 0xdb, 0x04, 0x00, 0x00, 0x00, 0x00, 0x00, 0x00, 0x00, 0x00,
    0xd8, 0xd2, 0xc6, 0xac, 0x78, 0x14, 0x00, 0x00, 0x00, 0x00, 0x00, 0x00, 0x00, 0x00, 0x64, 0xe7,
    0xfc, 0xfd, 0xc3, 0x16, 0x00, 0x00, 0x00, 0x00, 0x00, 0x00, 0x00, 0x00, 0x00, 0xea, 0xff, 0xff,
    0xff, 0xff, 0xca, 0x08, 0x00, 0xc8, 0xc8, 0xc8, 0x1c, 0x00, 0x00, 0x00, 0xff, 0xff, 0xff, 0xe6,
    0xfc, 0xff, 0xa3, 0x03, 0xff, 0xff, 0xff, 0x24, 0x00, 0x00, 0x00, 0xff, 0xff, 0xff, 0x26, 0x53,
    0xff, 0xff, 0xe8, 0xff, 0xff, 0xff, 0x23, 0x00, 0x00, 0x00, 0xac, 0xac, 0xac, 0x18, 0x00, 0x94,
    0xff, 0xff, 0xff, 0xff, 0xfd, 0x0e, 0x00, 0x00, 0x00, 0x00, 0x00, 0x00, 0x00, 0x00, 0x07, 0xaf,
    0xfc, 0xfd, 0xe9, 0x80, 0x00, 0x00, 0x00, 0x00, 0x00, 0x00, 0x00, 0x00, 0x00, 0x00, 0x00, 0x00,
    0x00, 0x00, 0x00, 0x00, 0x00, 0x00, 0x00, 0x00, 0x00, 0x00, 0x00, 0x00, 0x00, 0x00, 0x00, 0x00,
    0x00, 0x00, 0x00, 0x00, 0x00, 0x00, 0x00, 0x00, 0x00, 0x00, 0x00, 0x00, 0x00, 0x00, 0x00, 0x00,
    0x00, 0x00, 0x00, 0x00, 0x00, 0x00, 0x00, 0x00, 0x00, 0x00, 0x00, 0x00, 0x00, 0x00, 0x00, 0x00,
    0x00, 0x00, 0x00, 0x00, 0x00, 0x00, 0x00, 0x00, 0x00, 0x00, 0x00, 0x00, 0x00, 0x00, 0x00, 0x00,
    0x00, 0x00, 0x00, 0x00, 0x00, 0x00, 0x00, 0x00, 0x00, 0x00, 0x00, 0x00, 0x00, 0x00, 0x00, 0x00,
    0x00, 0x03, 0x79, 0xd9, 0xfb, 0xfa, 0xd7, 0x75, 0x02, 0x00, 0x00, 0x00, 0x00, 0x00, 0x00, 0x00,
    0x79, 0xff, 0xff, 0xff, 0xff, 0xff, 0xff, 0x75, 0x00, 0x00, 0x00, 0x00, 0x00, 0x00, 0x00, 0xd9,
    0xff, 0xff, 0xec, 0xed, 0xff, 0xff, 0xd7, 0x00, 0x00, 0x00, 0x00, 0x00, 0x00, 0x00, 0xfa, 0xff,
    0xff, 0x2e, 0x2e, 0xff, 0xff, 0xfa, 0x00, 0x00, 0x00, 0x00, 0x00, 0x00, 0x00, 0xfb, 0xff, 0xff,
    0x2b, 0x2e, 0xff, 0xff, 0xfa, 0x00, 0x00, 0x00, 0x00, 0x00, 0x00, 0x00, 0xd9, 0xff, 0xff, 0xe9,
    0xed, 0xff, 0xff, 0xd7, 0x00, 0x00, 0x00, 0x00, 0x00, 0x00, 0x00, 0x79, 0xff, 0xff, 0xff, 0xff,
    0xff, 0xff, 0x75, 0x00, 0x00, 0x00, 0x00, 0x00, 0x00, 0x00, 0x03, 0x79, 0xd9, 0xfb, 0xfa, 0xd7,
    0x75, 0x02, 0x00, 0x00, 0x00, 0x00, 0x00, 0x00, 0x00, 0x00, 0x00, 0x00, 0x00, 0x00, 0x00, 0x00,
    0x00, 0x00, 0x00, 0x00, 0x00, 0x00, 0x00, 0x00, 0x00, 0x00, 0x00, 0x00, 0x00, 0x00, 0x00, 0x00,
    0x00, 0x00, 0x00, 0x00, 0x00, 0x00, 0x00, 0x00, 0x00, 0x00, 0x00, 0x00, 0x00, 0x00, 0x00, 0x00,
    0x00, 0x00, 0x00, 0x00, 0x00, 0x00, 0x00, 0x00, 0x00, 0x00, 0x00, 0x00, 0x00, 0x00, 0x00, 0x00,
    0x00, 0x00, 0x00, 0x00, 0x00, 0x00, 0x00, 0x00, 0x00, 0x00, 0x00, 0x00, 0x00, 0x00, 0x00, 0x00,
    0x00, 0x00, 0x00, 0x00, 0x00, 0x00, 0x00, 0x00, 0x00, 0x00, 0x00, 0x00, 0x00, 0x00, 0x00, 0x00,
    0x00, 0x00, 0x00, 0x00, 0x00, 0x00, 0x00, 0x00, 0x00, 0x00, 0x00, 0x00, 0x00, 0x00, 0x00, 0x00,
    0x00, 0x00, 0x00, 0x00, 0x00, 0x00, 0x00, 0x00, 0x00, 0x00, 0x00, 0x00, 0x00, 0x00, 0x00, 0x00,
    0x00, 0x00, 0x00, 0x00, 0x00, 0x00, 0x00, 0x00, 0x00, 0x00, 0x00, 0x00, 0x00, 0x00, 0x00, 0x00,
    0x00, 0x00, 0x00, 0x00, 0x00, 0x00, 0x00, 0x00, 0x00, 0x00, 0x00, 0x00, 0x00, 0x00, 0x00, 0x00,
    0x00, 0x00, 0x00, 0x00, 0x00, 0x00, 0x00, 0x00, 0x00, 0x00, 0x00, 0x00, 0x00, 0x00, 0x00, 0x00,
    0x00, 0x00, 0x00, 0x00, 0x00, 0x00, 0x00, 0x00, 0x00, 0x00, 0x00, 0x00, 0x00, 0x00, 0x09, 0xd0,
    0xff, 0xff, 0x7d, 0x00, 0x00, 0x00, 0x00, 0x00, 0x00, 0x00, 0x00, 0x00, 0x00, 0x00, 0x23, 0xef,
    0xff, 0xfa, 0x2d, 0x00, 0x00, 0x00, 0x00, 0x00, 0x00, 0x00, 0x00, 0x00, 0x00, 0x00, 0x4c, 0xfe,
    0xff, 0xcd, 0x04, 0x00, 0x00, 0x00, 0x00, 0x00, 0x00, 0x00, 0x00, 0x00, 0x00, 0x00, 0x84, 0xff,
    0xff, 0x7b, 0x00, 0x00, 0x00, 0x00, 0x00, 0x00, 0x00, 0x00, 0x00, 0x00, 0x00, 0x00, 0x00, 0x00,
    0x00, 0x00, 0x00, 0x00, 0x00, 0x00, 0x00, 0x00, 0x00, 0x00, 0x00, 0x00, 0x00, 0x00, 0x00, 0x00,
    0x00, 0x00, 0x00, 0x00, 0x00, 0x00, 0x00, 0x00, 0x00, 0x00, 0x4c, 0xff, 0xff, 0xff, 0xff, 0xef,
    0x02, 0x00, 0x00, 0x00, 0x00, 0x00, 0x00, 0x00, 0x00, 0x85, 0xff, 0xff, 0xff, 0xff, 0xff, 0x29,
    0x00, 0x00, 0x00, 0x00, 0x00, 0x00, 0x00, 0x00, 0xbe, 0xff, 0xff, 0xea, 0xff, 0xff, 0x63, 0x00,
    0x00, 0x00, 0x00, 0x00, 0x00, 0x00, 0x03, 0xf3, 0xff, 0xf1, 0x43, 0xff, 0xff, 0x9c, 0x00, 0x00,
    0x00, 0x00, 0x00, 0x00, 0x00, 0x2f, 0xff, 0xff, 0xc0, 0x10, 0xff, 0xff, 0xd6, 0x00, 0x00, 0x00,
    0x00, 0x00, 0x00, 0x00, 0x68, 0xff, 0xff, 0x8e, 0x00, 0xdc, 0xff, 0xfe, 0x11, 0x00, 0x00, 0x00,
    0x00, 0x00, 0x00, 0xa0, 0xff, 0xff, 0x5a, 0x00, 0xaa, 0xff, 0xff, 0x49, 0x00, 0x00, 0x00, 0x00,
    0x00, 0x00, 0xd9, 0xff, 0xff, 0x28, 0x00, 0x76, 0xff, 0xff, 0x82, 0x00, 0x00, 0x00, 0x00, 0x00,
    0x13, 0xff, 0xff, 0xf4, 0x02, 0x00, 0x43, 0xff, 0xff, 0xbb, 0x00, 0x00, 0x00, 0x00, 0x00, 0x4a,
    0xff, 0xff, 0xc2, 0x00, 0x00, 0x11, 0xff, 0xff, 0xf2, 0x02, 0x00, 0x00, 0x00, 0x00, 0x82, 0xff,
    0xff, 0x90, 0x00, 0x00, 0x00, 0xdd, 0xff, 0xff, 0x2e, 0x00, 0x00, 0x00, 0x00, 0xbc, 0xff, 0xff,
    0x5e, 0x00, 0x00, 0x00, 0xaa, 0xff, 0xff, 0x66, 0x00, 0x00, 0x00, 0x02, 0xf2, 0xff, 0xff, 0xff,
    0xff, 0xff, 0xff, 0xff, 0xff, 0xff, 0xa0, 0x00, 0x00, 0x00, 0x2d, 0xff, 0xff, 0xff, 0xff, 0xff,
    0xff, 0xff, 0xff, 0xff, 0xff, 0xd9, 0x00, 0x00, 0x00, 0x66, 0xff, 0xff, 0xee, 0xd8, 0xd8, 0xd8,
    0xd8, 0xd8, 0xfc, 0xff, 0xff, 0x13, 0x00, 0x00, 0x9e, 0xff, 0xff, 0x6e, 0x00, 0x00, 0x00, 0x00,
    0x00, 0xc9, 0xff, 0xff, 0x4c, 0x00, 0x00, 0xd7, 0xff, 0xff, 0x37, 0x00, 0x00, 0x00, 0x00, 0x00,
    0x91, 0xff, 0xff, 0x85, 0x00, 0x11, 0xfe, 0xff, 0xfb, 0x08, 0x00, 0x00, 0x00, 0x00, 0x00, 0x5a,
    0xff, 0xff, 0xbe, 0x00, 0x49, 0xff, 0xff, 0xcf, 0x00, 0x00, 0x00, 0x00, 0x00, 0x00, 0x24, 0xff,
    0xff, 0xf3, 0x03, 0x00, 0x00, 0x00, 0x00, 0x00, 0x00, 0x00, 0x08, 0xd8, 0xff, 0xff, 0x74, 0x00,
    0x00, 0x00, 0x00, 0x00, 0x00, 0x00, 0x00, 0x00, 0x00, 0x8b, 0xff, 0xff, 0xac, 0x01, 0x00, 0x00,
    0x00, 0x00, 0x00, 0x00, 0x00, 0x00, 0x00, 0x38, 0xfd, 0xff, 0xd9, 0x0d, 0x00, 0x00, 0x00, 0x00,
    0x00, 0x00, 0x00, 0x00, 0x00, 0x08, 0xd8, 0xff, 0xf4, 0x2a, 0x00, 0x00, 0x00, 0x00, 0x00, 0x00,
    0x00, 0x00, 0x00, 0x00, 0x00, 0x00, 0x00, 0x00, 0x00, 0x00, 0x00, 0x00, 0x00, 0x00, 0x00, 0x00,
    0x00, 0x00, 0x00, 0x00, 0x00, 0x00, 0x00, 0x00, 0x00, 0x00, 0x00, 0x00, 0x00, 0x00, 0x00, 0x00,
    0x00, 0x4c, 0xff, 0xff, 0xff, 0xff, 0xef, 0x02, 0x00, 0x00, 0x00, 0x00, 0x00, 0x00, 0x00, 0x00,
    0x85, 0xff, 0xff, 0xff, 0xff, 0xff, 0x29, 0x00, 0x00, 0x00, 0x00, 0x00, 0x00, 0x00, 0x00, 0xbe,
    0xff, 0xff, 0xea, 0xff, 0xff, 0x63, 0x00, 0x00, 0x00, 0x00, 0x00, 0x00, 0x00, 0x03, 0xf3, 0xff,
    0xf1, 0x43, 0xff, 0xff, 0x9c, 0x00, 0x00, 0x00, 0x00, 0x00, 0x00, 0x00, 0x2f, 0xff, 0xff, 0xc0,
    0x10, 0xff, 0xff, 0xd6, 0x00, 0x00, 0x00, 0x00, 0x00, 0x00, 0x00, 0x68, 0xff, 0xff, 0x8e, 0x00,
    0xdc, 0xff, 0xfe, 0x11, 0x00, 0x00, 0x00, 0x00, 0x00, 0x00, 0xa0, 0xff, 0xff, 0x5a, 0x00, 0xaa,
    0xff, 0xff, 0x49, 0x00, 0x00, 0x00, 0x00, 0x00, 0x00, 0xd9, 0xff, 0xff, 0x28, 0x00, 0x76, 0xff,
    0xff, 0x82, 0x00, 0x00, 0x00, 0x00, 0x00, 0x13, 0xff, 0xff, 0xf4, 0x02, 0x00, 0x43, 0xff, 0xff,
    0xbb, 0x00, 0x00, 0x00, 0x00, 0x00, 0x4a, 0xff, 0xff, 0xc2, 0x00, 0x00, 0x11, 0xff, 0xff, 0xf2,
    0x02, 0x00, 0x00, 0x00, 0x00, 0x82, 0xff, 0xff, 0x90, 0x00, 0x00, 0x00, 0xdd, 0xff, 0xff, 0x2e,
    0x00, 0x00, 0x00, 0x00, 0xbc, 0xff, 0xff, 0x5e, 0x00, 0x00, 0x00, 0xaa, 0xff, 0xff, 0x66, 0x00,
    0x00, 0x00, 0x02, 0xf2, 0xff, 0xff, 0xff, 0xff, 0xff, 0xff, 0xff, 0xff, 0xff, 0xa0, 0x00, 0x00,
    0x00, 0x2d, 0xff, 0xff, 0xff, 0xff, 0xff, 0xff, 0xff, 0xff, 0xff, 0xff, 0xd9, 0x00, 0x00, 0x00,
    0x66, 0xff, 0xff, 0xee, 0xd8, 0xd8, 0xd8, 0xd8, 0xd8, 0xfc, 0xff, 0xff, 0x13, 0x00, 0x00, 0x9e,
    0xff, 0xff, 0x6e, 0x00, 0x00, 0x00, 0x00, 0x00, 0xc9, 0xff, 0xff, 0x4c, 0x00, 0x00, 0xd7, 0xff,
    0xff, 0x37, 0x00, 0x00, 0x00, 0x00, 0x00, 0x91, 0xff, 0xff, 0x85, 0x00, 0x11, 0xfe, 0xff, 0xfb,
    0x08, 0x00, 0x00, 0x00, 0x00, 0x00, 0x5a, 0xff, 0xff, 0xbe, 0x00, 0x49, 0xff, 0xff, 0xcf, 0x00,
    0x00, 0x00, 0x00, 0x00, 0x00, 0x24, 0xff, 0xff, 0xf3, 0x03, 0x00, 0x00, 0x00, 0xd8, 0xd8, 0xd8,
    0x1e, 0x00, 0x1e, 0xd8, 0xd8, 0xd8, 0x00, 0x00, 0x00, 0x00, 0x00, 0x00, 0xff, 0xff, 0xff, 0x24,
    0x00, 0x24, 0xff, 0xff, 0xff, 0x00, 0x00, 0x00, 0x00, 0x00, 0x00, 0xff, 0xff, 0xff, 0x24, 0x00,
    0x24, 0xff, 0xff, 0xff, 0x00, 0x00, 0x00, 0x00, 0x00, 0x00, 0x00, 0x00, 0x00, 0x00, 0x00, 0x00,
    0x00, 0x00, 0x00, 0x00, 0x00, 0x00, 0x00, 0x00, 0x00, 0x00, 0x00, 0x00, 0x00, 0x00, 0x00, 0x00,
    0x00, 0x00, 0x00, 0x00, 0x00, 0x00, 0x00, 0x00, 0x00, 0x00, 0x00, 0x00, 0x00, 0x00, 0x00, 0x00,
    0x00, 0x00, 0x00, 0x00, 0x00, 0x00, 0x00, 0x00, 0x47, 0xff, 0xff, 0xff, 0xff, 0xff, 0x37, 0x00,
    0x00, 0x00, 0x00, 0x00, 0x00, 0x00, 0x00, 0x7d, 0xff, 0xff, 0xff, 0xff, 0xff, 0x6e, 0x00, 0x00,
    0x00, 0x00, 0x00, 0x00, 0x00, 0x00, 0xb3, 0xff, 0xff, 0xe4, 0xff, 0xff, 0xa4, 0x00, 0x00, 0x00,
    0x00, 0x00, 0x00, 0x00, 0x00, 0xe8, 0xff, 0xfd, 0x18, 0xfd, 0xff, 0xdb, 0x00, 0x00, 0x00, 0x00,
    0x00, 0x00, 0x00, 0x1d, 0xff, 0xff, 0xd2, 0x00, 0xd2, 0xff, 0xff, 0x12, 0x00, 0x00, 0x00, 0x00,
    0x00, 0x00, 0x53, 0xff, 0xff, 0x9c, 0x00, 0x9c, 0xff, 0xff, 0x49, 0x00, 0x00, 0x00, 0x00, 0x00,
    0x00, 0x89, 0xff, 0xff, 0x66, 0x00, 0x66, 0xff, 0xff, 0x7e, 0x00, 0x00, 0x00, 0x00, 0x00, 0x00,
    0xbf, 0xff, 0xff, 0x30, 0x00, 0x30, 0xff, 0xff, 0xb5, 0x00, 0x00, 0x00, 0x00, 0x00, 0x02, 0xf2,
    0xff, 0xf6, 0x03, 0x00, 0x04, 0xf6, 0xff, 0xec, 0x00, 0x00, 0x00, 0x00, 0x00, 0x2a, 0xff, 0xff,
    0xc4, 0x00, 0x00, 0x00, 0xc4, 0xff, 0xff, 0x22, 0x00, 0x00, 0x00, 0x00, 0x60, 0xff, 0xff, 0x8d,
    0x00, 0x00, 0x00, 0x8d, 0xff, 0xff, 0x58, 0x00, 0x00, 0x00, 0x00, 0x96, 0xff, 0xff, 0x57, 0x00,
    0x00, 0x00, 0x58, 0xff, 0xff, 0x8f, 0x00, 0x00, 0x00, 0x00, 0xcb, 0xff, 0xff, 0xff, 0xff, 0xff,
    0xff, 0xff, 0xff, 0xff, 0xc4, 0x00, 0x00, 0x00, 0x07, 0xfa, 0xff, 0xff, 0xff, 0xff, 0xff, 0xff,
    0xff, 0xff, 0xff, 0xf7, 0x05, 0x00, 0x00, 0x37, 0xff, 0xff, 0xf0, 0xd8, 0xd8, 0xd8, 0xd8, 0xd8,
    0xf2, 0xff, 0xff, 0x33, 0x00, 0x00, 0x6c, 0xff, 0xff, 0x7e, 0x00, 0x00, 0x00, 0x00, 0x00, 0x89,
    0xff, 0xff, 0x69, 0x00, 0x00, 0xa2, 0xff, 0xff, 0x4e, 0x00, 0x00, 0x00, 0x00, 0x00, 0x56, 0xff,
    0xff, 0xa0, 0x00, 0x00, 0xd8, 0xff, 0xff, 0x1e, 0x00, 0x00, 0x00, 0x00, 0x00, 0x26, 0xff, 0xff,
    0xd7, 0x00, 0x0f, 0xfe, 0xff, 0xed, 0x00, 0x00, 0x00, 0x00, 0x00, 0x00, 0x02, 0xf4, 0xff, 0xfe,
    0x0e, 0x00, 0x00, 0x00, 0x01, 0x60, 0xbb, 0xe9, 0xfc, 0xfe, 0xf2, 0xd5, 0x8c, 0x10, 0x00, 0x00,
    0x00, 0x00, 0x00, 0x92, 0xff, 0xff, 0xff, 0xff, 0xff, 0xff, 0xff, 0xff, 0xba, 0x00, 0x00, 0x00,
    0x00, 0x2b, 0xff, 0xff, 0xff, 0xff, 0xe1, 0xdf, 0xfd, 0xff, 0xff, 0xff, 0x2c, 0x00, 0x00, 0x00,
    0x7f, 0xff, 0xff, 0xeb, 0x29, 0x00, 0x00, 0x2b, 0xf8, 0xff, 0xff, 0x63, 0x00, 0x00, 0x00, 0xb3,
    0xff, 0xff, 0x86, 0x00, 0x00, 0x00, 0x00, 0xb5, 0xff, 0xff, 0x79, 0x00, 0x00, 0x00, 0xd4, 0xff,
    0xff, 0x51, 0x00, 0x00, 0x00, 0x00, 0x1e, 0x34, 0x34, 0x1a, 0x00, 0x00, 0x00, 0xea, 0xff, 0xff,
    0x3a, 0x00, 0x00, 0x00, 0x00, 0x00, 0x00, 0x00, 0x00, 0x00, 0x00, 0x00, 0xf7, 0xff, 0xff, 0x2c,
    0x00, 0x00, 0x00, 0x00, 0x00, 0x00, 0x00, 0x00, 0x00, 0x00, 0x00, 0xfe, 0xff, 0xff, 0x26, 0x00,
    0x00, 0x00, 0x00, 0x00, 0x00, 0x00, 0x00, 0x00, 0x00, 0x00, 0xff, 0xff, 0xff, 0x24, 0x00, 0x00,
    0x00, 0x00, 0x00, 0x00, 0x00, 0x00, 0x00, 0x00, 0x00, 0xfe, 0xff, 0xff, 0x24, 0x00, 0x00, 0x00,
    0x00, 0x00, 0x00, 0x00, 0x00, 0x00, 0x00, 0x00, 0xf8, 0xff, 0xff, 0x24, 0x00, 0x00, 0x00, 0x00,
    0x00, 0x00, 0x00, 0x00, 0x00, 0x00, 0x00, 0xea, 0xff, 0xff, 0x24, 0x00, 0x00, 0x00, 0x00, 0x00,
    0x00, 0x00, 0x00, 0x00, 0x00, 0x00, 0xd8, 0xff, 0xff, 0x2b, 0x00, 0x00, 0x00, 0x00, 0x03, 0x08,
    0x08, 0x04, 0x00, 0x00, 0x00, 0xb9, 0xff, 0xff, 0x53, 0x00, 0x00, 0x00, 0x00, 0x7d, 0xff, 0xff,
    0x7c, 0x00, 0x00, 0x00, 0x89, 0xff, 0xff, 0xcc, 0x13, 0x00, 0x00, 0x0e, 0xd6, 0xff, 0xff, 0x67,
    0x00, 0x00, 0x00, 0x36, 0xff, 0xff, 0xff, 0xf8, 0xd3, 0xd2, 0xf5, 0xff, 0xff, 0xff, 0x32, 0x00,
    0x00, 0x00, 0x00, 0xa4, 0xff, 0xff, 0xff, 0xff, 0xff, 0xff, 0xff, 0xff, 0xbd, 0x00, 0x00, 0x00,
    0x00, 0x00, 0x03, 0x6a, 0xc3, 0xeb, 0xff, 0xff, 0xfa, 0xd4, 0x89, 0x0e, 0x00, 0x00, 0x00, 0x00,
    0x00, 0x00, 0x00, 0x00, 0x3b, 0xfc, 0xfb, 0x39, 0x00, 0x00, 0x00, 0x00, 0x00, 0x00, 0x00, 0x00,
    0x00, 0x00, 0x00, 0xe1, 0xff, 0xf3, 0xba, 0x4c, 0x00, 0x00, 0x00, 0x00, 0x00, 0x00, 0x00, 0x00,
    0x00, 0x00, 0xe4, 0xea, 0xff, 0xff, 0xe7, 0x00, 0x00, 0x00, 0x00, 0x00, 0x00, 0x00, 0x00, 0x00,
    0x00, 0x01, 0x00, 0xcb, 0xff, 0xfe, 0x00, 0x00, 0x00, 0x00, 0x00, 0x00, 0x00, 0x00, 0x00, 0x00,
    0xe6, 0xd8, 0xff, 0xff, 0xe0, 0x00, 0x00, 0x00, 0x00, 0x00, 0x00, 0x00, 0x00, 0x00, 0x00, 0xd3,
    0xf9, 0xfa, 0xd3, 0x48, 0x00, 0x00, 0x00, 0x00, 0x00, 0x00, 0x00, 0x84, 0xff, 0xff, 0xc1, 0x02,
    0x00, 0x00, 0x00, 0x00, 0x00, 0x00, 0x00, 0x00, 0x00, 0x00, 0x03, 0xbd, 0xff, 0xff, 0x6e, 0x00,
    0x00, 0x00, 0x00, 0x00, 0x00, 0x00, 0x00, 0x00, 0x00, 0x00, 0x18, 0xe8, 0xff, 0xf5, 0x25, 0x00,
    0x00, 0x00, 0x00, 0x00, 0x00, 0x00, 0x00, 0x00, 0x00, 0x00, 0x3f, 0xfd, 0xff, 0xc3, 0x02, 0x00,
    0x00, 0x00, 0x00, 0x00, 0x00, 0x00, 0x00, 0x00, 0x00, 0x00, 0x00, 0x00, 0x00, 0x00, 0x00, 0x00,
    0x00, 0x00, 0x00, 0x00, 0x00, 0x00, 0x00, 0x00, 0x00, 0x00, 0x00, 0x00, 0x00, 0x00, 0x00, 0x00,
    0x00, 0x00, 0x00, 0x00, 0x00, 0xff, 0xff, 0xff, 0xff, 0xff, 0xff, 0xff, 0xff, 0xff, 0xff, 0x00,
    0x00, 0x00, 0x00, 0x00, 0xff, 0xff, 0xff, 0xff, 0xff, 0xff, 0xff, 0xff, 0xff, 0xff, 0x00, 0x00,
    0x00, 0x00, 0x00, 0xff, 0xff, 0xff, 0xde, 0xd8, 0xd8, 0xd8, 0xd8, 0xd8, 0xd8, 0x00, 0x00, 0x00,
    0x00, 0x00, 0xff, 0xff, 0xff, 0x24, 0x00, 0x00, 0x00, 0x00, 0x00, 0x00, 0x00, 0x00, 0x00, 0x00,
    0x00, 0xff, 0xff, 0xff, 0x24, 0x00, 0x00, 0x00, 0x00, 0x00, 0x00, 0x00, 0x00, 0x00, 0x00, 0x00,
    0xff, 0xff, 0xff, 0x24, 0x00, 0x00, 0x00, 0x00, 0x00, 0x00, 0x00, 0x00, 0x00, 0x00, 0x00, 0xff,
    0xff, 0xff, 0x24, 0x00, 0x00, 0x00, 0x00, 0x00, 0x00, 0x00, 0x00, 0x00, 0x00, 0x00, 0xff, 0xff,
    0xff, 0x24, 0x00, 0x00, 0x00, 0x00, 0x00, 0x00, 0x00, 0x00, 0x00, 0x00, 0x00, 0xff, 0xff, 0xff,
    0xff, 0xff, 0xff, 0xff, 0xff, 0xff, 0x00, 0x00, 0x00, 0x00, 0x00, 0x00, 0xff, 0xff, 0xff, 0xff,
    0xff, 0xff, 0xff, 0xff, 0xff, 0x00, 0x00, 0x00, 0x00, 0x00, 0x00, 0xff, 0xff, 0xff, 0xde, 0xd8,
    0xd8, 0xd8, 0xd8, 0xd8, 0x00, 0x00, 0x00, 0x00, 0x00, 0x00, 0xff, 0xff, 0xff, 0x24, 0x00, 0x00,
    0x00, 0x00, 0x00, 0x00, 0x00, 0x00, 0x00, 0x00, 0x00, 0xff, 0xff, 0xff, 0x24, 0x00, 0x00, 0x00,
    0x00, 0x00, 0x00, 0x00, 0x00, 0x00, 0x00, 0x00, 0xff, 0xff, 0xff, 0x24, 0x00, 0x00, 0x00, 0x00,
    0x00, 0x00, 0x00, 0x00, 0x00, 0x00, 0x00, 0xff, 0xff, 0xff, 0x24, 0x00, 0x00, 0x00, 0x00, 0x00,
    0x00, 0x00, 0x00, 0x00, 0x00, 0x00, 0xff, 0xff, 0xff, 0x24, 0x00, 0x00, 0x00, 0x00, 0x00, 0x00,
    0x00, 0x00, 0x00, 0x00, 0x00, 0xff, 0xff, 0xff, 0xde, 0xd8, 0xd8, 0xd8, 0xd8, 0xd8, 0xd8, 0x6c,
    0x00, 0x00, 0x00, 0x00, 0xff, 0xff, 0xff, 0xff, 0xff, 0xff, 0xff, 0xff, 0xff, 0xff, 0x80, 0x00,
    0x00, 0x00, 0x00, 0xff, 0xff, 0xff, 0xff, 0xff, 0xff, 0xff, 0xff, 0xff, 0xff, 0x80, 0x00, 0x00,
    0x00, 0x00, 0x00, 0x00, 0x00, 0x00, 0x00, 0x96, 0xff, 0xff, 0xc4, 0x06, 0x00, 0x00, 0x00, 0x00,
    0x00, 0x00, 0x00, 0x00, 0x00, 0x44, 0xff, 0xff, 0xe8, 0x1b, 0x00, 0x00, 0x00, 0x00, 0x00, 0x00,
    0x00, 0x00, 0x00, 0x0e, 0xe0, 0xff, 0xfb, 0x3c, 0x00, 0x00, 0x00, 0x00, 0x00, 0x00, 0x00, 0x00,
    0x00, 0x00, 0x9a, 0xff, 0xff, 0x6c, 0x00, 0x00, 0x00, 0x00, 0x00, 0x00, 0x00, 0x00, 0x00, 0x00,
    0x00, 0x00, 0x00, 0x00, 0x00, 0x00, 0x00, 0x00, 0x00, 0x00, 0x00, 0x00, 0x00, 0x00, 0x00, 0x00,
    0x00, 0x00, 0x00, 0x00, 0x00, 0x00, 0x00, 0x00, 0x00, 0x00, 0x00, 0x00, 0xff, 0xff, 0xff, 0xff,
    0xff, 0xff, 0xff, 0xff, 0xff, 0xff, 0x00, 0x00, 0x00, 0x00, 0x00, 0xff, 0xff, 0xff, 0xff, 0xff,
    0xff, 0xff, 0xff, 0xff, 0xff, 0x00, 0x00, 0x00, 0x00, 0x00, 0xff, 0xff, 0xff, 0xde, 0xd8, 0xd8,
    0xd8, 0xd8, 0xd8, 0xd8, 0x00, 0x00, 0x00, 0x00, 0x00, 0xff, 0xff, 0xff, 0x24, 0x00, 0x00, 0x00,
    0x00, 0x00, 0x00, 0x00, 0x00, 0x00, 0x00, 0x00, 0xff, 0xff, 0xff, 0x24, 0x00, 0x00, 0x00, 0x00,
    0x00, 0x00, 0x00, 0x00, 0x00, 0x00, 0x00, 0xff, 0xff, 0xff, 0x24, 0x00, 0x00, 0x00, 0x00, 0x00,
    0x00, 0x00, 0x00, 0x00, 0x00, 0x00, 0xff, 0xff, 0xff, 0x24, 0x00, 0x00, 0x00, 0x00, 0x00, 0x00,
    0x00, 0x00, 0x00, 0x00, 0x00, 0xff, 0xff, 0xff, 0x24, 0x00, 0x00, 0x00, 0x00, 0x00, 0x00, 0x00,
    0x00, 0x00, 0x00, 0x00, 0xff, 0xff, 0xff, 0xff, 0xff, 0xff, 0xff, 0xff, 0xff, 0x00, 0x00, 0x00,
    0x00, 0x00, 0x00, 0xff, 0xff, 0xff, 0xff, 0xff, 0xff, 0xff, 0xff, 0xff, 0x00, 0x00, 0x00, 0x00,
    0x00, 0x00, 0xff, 0xff, 0xff, 0xde, 0xd8, 0xd8, 0xd8, 0xd8, 0xd8, 0x00, 0x00, 0x00, 0x00, 0x00,
    0x00, 0xff, 0xff, 0xff, 0x24, 0x00, 0x00, 0x00, 0x00, 0x00, 0x00, 0x00, 0x00, 0x00, 0x00, 0x00,
    0xff, 0xff, 0xff, 0x24, 0x00, 0x00, 0x00, 0x00, 0x00, 0x00, 0x00, 0x00, 0x00, 0x00, 0x00, 0xff,
    0xff, 0xff, 0x24, 0x00, 0x00, 0x00, 0x00, 0x00, 0x00, 0x00, 0x00, 0x00, 0x00, 0x00, 0xff, 0xff,
    0xff, 0x24, 0x00, 0x00, 0x00, 0x00, 0x00, 0x00, 0x00, 0x00, 0x00, 0x00, 0x00, 0xff, 0xff, 0xff,
    0x24, 0x00, 0x00, 0x00, 0x00, 0x00, 0x00, 0x00, 0x00, 0x00, 0x00, 0x00, 0xff, 0xff, 0xff, 0xde,
    0xd8, 0xd8, 0xd8, 0xd8, 0xd8, 0xd8, 0x6c, 0x00, 0x00, 0x00, 0x00, 0xff, 0xff, 0xff, 0xff, 0xff,
    0xff, 0xff, 0xff, 0xff, 0xff, 0x80, 0x00, 0x00, 0x00, 0x00, 0xff, 0xff, 0xff, 0xff, 0xff, 0xff,
    0xff, 0xff, 0xff, 0xff, 0x80, 0x00, 0x00, 0x00, 0x00, 0xd8, 0xd8, 0xd8, 0x1e, 0x00, 0x00, 0xd8,
    0xd8, 0xd8, 0x1e, 0x00, 0x00, 0x00, 0x00, 0x00, 0xff, 0xff, 0xff, 0x24, 0x00, 0x00, 0xff, 0xff,
    0xff, 0x24, 0x00, 0x00, 0x00, 0x00, 0x00, 0xff, 0xff, 0xff, 0x24, 0x00, 0x00, 0xff, 0xff, 0xff,
    0x24, 0x00, 0x00, 0x00, 0x00, 0x00, 0x00, 0x00, 0x00, 0x00, 0x00, 0x00, 0x00, 0x00, 0x00, 0x00,
    0x00, 0x00, 0x00, 0x00, 0x00, 0x00, 0x00, 0x00, 0x00, 0x00, 0x00, 0x00, 0x00, 0x00, 0x00, 0x00,
    0x00, 0x00, 0x00, 0x00, 0x00, 0x00, 0x00, 0x00, 0x00, 0x00, 0x00, 0x00, 0x00, 0x00, 0x00, 0x00,
    0x00, 0x00, 0x00, 0xff, 0xff, 0xff, 0xff, 0xff, 0xff, 0xff, 0xff, 0xff, 0xff, 0x00, 0x00, 0x00,
    0x00, 0x00, 0xff, 0xff, 0xff, 0xff, 0xff, 0xff, 0xff, 0xff, 0xff, 0xff, 0x00, 0x00, 0x00, 0x00,
    0x00, 0xff, 0xff, 0xff, 0xde, 0xd8, 0xd8, 0xd8, 0xd8, 0xd8, 0xd8, 0x00, 0x00, 0x00, 0x00, 0x00,
    0xff, 0xff, 0xff, 0x24, 0x00, 0x00, 0x00, 0x00, 0x00, 0x00, 0x00, 0x00, 0x00, 0x00, 0x00, 0xff,
    0xff, 0xff, 0x24, 0x00, 0x00, 0x00, 0x00, 0x00, 0x00, 0x00, 0x00, 0x00, 0x00, 0x00, 0xff, 0xff,
    0xff, 0x24, 0x00, 0x00, 0x00, 0x00, 0x00, 0x00, 0x00, 0x00, 0x00, 0x00, 0x00, 0xff, 0xff, 0xff,
    0x24, 0x00, 0x00, 0x00, 0x00, 0x00, 0x00, 0x00, 0x00, 0x00, 0x00, 0x00, 0xff, 0xff, 0xff, 0x24,
    0x00, 0x00, 0x00, 0x00, 0x00, 0x00, 0x00, 0x00, 0x00, 0x00, 0x00, 0xff, 0xff, 0xff, 0xff, 0xff,
    0xff, 0xff, 0xff, 0xec, 0x00, 0x00, 0x00, 0x00, 0x00, 0x00, 0xff, 0xff, 0xff, 0xff, 0xff, 0xff,
    0xff, 0xff, 0xec, 0x00, 0x00, 0x00, 0x00, 0x00, 0x00, 0xff, 0xff, 0xff, 0xde, 0xd8, 0xd8, 0xd8,
    0xd8, 0xc7, 0x00, 0x00, 0x00, 0x00, 0x00, 0x00, 0xff, 0xff, 0xff, 0x24, 0x00, 0x00, 0x00, 0x00,
    0x00, 0x00, 0x00, 0x00, 0x00, 0x00, 0x00, 0xff, 0xff, 0xff, 0x24, 0x00, 0x00, 0x00, 0x00, 0x00,
    0x00, 0x00, 0x00, 0x00, 0x00, 0x00, 0xff, 0xff, 0xff, 0x24, 0x00, 0x00, 0x00, 0x00, 0x00, 0x00,
    0x00, 0x00, 0x00, 0x00, 0x00, 0xff, 0xff, 0xff, 0x24, 0x00, 0x00, 0x00, 0x00, 0x00, 0x00, 0x00,
    0x00, 0x00, 0x00, 0x00, 0xff, 0xff, 0xff, 0x24, 0x00, 0x00, 0x00, 0x00, 0x00, 0x00, 0x00, 0x00,
    0x00, 0x00, 0x00, 0xff, 0xff, 0xff, 0xde, 0xd8, 0xd8, 0xd8, 0xd8, 0xd8, 0xd8, 0x6c, 0x00, 0x00,
    0x00, 0x00, 0xff, 0xff, 0xff, 0xff, 0xff, 0xff, 0xff, 0xff, 0xff, 0xff, 0x80, 0x00, 0x00, 0x00,
    0x00, 0xff, 0xff, 0xff, 0xff, 0xff, 0xff, 0xff, 0xff, 0xff, 0xff, 0x80, 0x00, 0x00, 0x00, 0x02,
    0xb5, 0xff, 0xff, 0x92, 0x00, 0x00, 0x00, 0x00, 0x00, 0x00, 0x00, 0x00, 0x00, 0x00, 0x00, 0x13,
    0xe2, 0xff, 0xfe, 0x3f, 0x00, 0x00, 0x00, 0x00, 0x00, 0x00, 0x00, 0x00, 0x00, 0x00, 0x00, 0x39,
    0xfb, 0xff, 0xde, 0x0c, 0x00, 0x00, 0x00, 0x00, 0x00, 0x00, 0x00, 0x00, 0x00, 0x00, 0x00, 0x71,
    0xff, 0xff, 0x96, 0x00, 0x00, 0x00, 0x00, 0x00, 0x00, 0x00, 0x00, 0x00, 0x00, 0x00, 0x00, 0x00,
    0x00, 0x00, 0x00, 0x00, 0x00, 0x00, 0x00, 0x00, 0x00, 0x00, 0x00, 0x00, 0x00, 0x00, 0x00, 0x00,
    0x00, 0x00, 0x00, 0x00, 0x00, 0x00, 0x00, 0x00, 0x00, 0x00, 0xff, 0xff, 0xff, 0xff, 0xff, 0xff,
    0xff, 0xff, 0xff, 0x00, 0x00, 0x00, 0x00, 0x00, 0x00, 0xff, 0xff, 0xff, 0xff, 0xff, 0xff, 0xff,
    0xff, 0xff, 0x00, 0x00, 0x00, 0x00, 0x00, 0x00, 0xd8, 0xd8, 0xde, 0xff, 0xff, 0xff, 0xd8, 0xd8,
    0xd8, 0x00, 0x00, 0x00, 0x00, 0x00, 0x00, 0x00, 0x00, 0x24, 0xff, 0xff, 0xff, 0x00, 0x00, 0x00,
    0x00, 0x00, 0x00, 0x00, 0x00, 0x00, 0x00, 0x00, 0x24, 0xff, 0xff, 0xff, 0x00, 0x00, 0x00, 0x00,
    0x00, 0x00, 0x00, 0x00, 0x00, 0x00, 0x00, 0x24, 0xff, 0xff, 0xff, 0x00, 0x00, 0x00, 0x00, 0x00,
    0x00, 0x00, 0x00, 0x00, 0x00, 0x00, 0x24, 0xff, 0xff, 0xff, 0x00, 0x00, 0x00, 0x00, 0x00, 0x00,
    0x00, 0x00, 0x00, 0x00, 0x00, 0x24, 0xff, 0xff, 0xff, 0x00, 0x00, 0x00, 0x00, 0x00, 0x00, 0x00,
    0x00, 0x00, 0x00, 0x00, 0x24, 0xff, 0xff, 0xff, 0x00, 0x00, 0x00, 0x00, 0x00, 0x00, 0x00, 0x00,
    0x00, 0x00, 0x00, 0x24, 0xff, 0xff, 0xff, 0x00, 0x00, 0x00, 0x00, 0x00, 0x00, 0x00, 0x00, 0x00,
    0x00, 0x00, 0x24, 0xff, 0xff, 0xff, 0x00, 0x00, 0x00, 0x00, 0x00, 0x00, 0x00, 0x00, 0x00, 0x00,
    0x00, 0x24, 0xff, 0xff, 0xff, 0x00, 0x00, 0x00, 0x00, 0x00, 0x00, 0x00, 0x00, 0x00, 0x00, 0x00,
    0x24, 0xff, 0xff, 0xff, 0x00, 0x00, 0x00, 0x00, 0x00, 0x00, 0x00, 0x00, 0x00, 0x00, 0x00, 0x24,
    0xff, 0xff, 0xff, 0x00, 0x00, 0x00, 0x00, 0x00, 0x00, 0x00, 0x00, 0x00, 0x00, 0x00, 0x24, 0xff,
    0xff, 0xff, 0x00, 0x00, 0x00, 0x00, 0x00, 0x00, 0x00, 0x00, 0x00, 0x00, 0x00, 0x24, 0xff, 0xff,
    0xff, 0x00, 0x00, 0x00, 0x00, 0x00, 0x00, 0x00, 0x00, 0x00, 0xd8, 0xd8, 0xde, 0xff, 0xff, 0xff,
    0xd8, 0xd8, 0xd8, 0x00, 0x00, 0x00, 0x00, 0x00, 0x00, 0xff, 0xff, 0xff, 0xff, 0xff, 0xff, 0xff,
    0xff, 0xff, 0x00, 0x00, 0x00, 0x00, 0x00, 0x00, 0xff, 0xff, 0xff, 0xff, 0xff, 0xff, 0xff, 0xff,
    0xff, 0x00, 0x00, 0x00, 0x00, 0x00, 0x00, 0x00, 0x00, 0x00, 0x00, 0x03, 0xc8, 0xff, 0xff, 0xbd,
    0x05, 0x00, 0x00, 0x00, 0x00, 0x00, 0x00, 0x00, 0x00, 0x00, 0x75, 0xff, 0xff, 0xda, 0x11, 0x00,
    0x00, 0x00, 0x00, 0x00, 0x00, 0x00, 0x00, 0x00, 0x29, 0xf8, 0xff, 0xef, 0x26, 0x00, 0x00, 0x00,
    0x00, 0x00, 0x00, 0x00, 0x00, 0x00, 0x04, 0xcc, 0xff, 0xfb, 0x43, 0x00, 0x00, 0x00, 0x00, 0x00,
    0x00, 0x00, 0x00, 0x00, 0x00, 0x00, 0x00, 0x00, 0x00, 0x00, 0x00, 0x00, 0x00, 0x00, 0x00, 0x00,
    0x00, 0x00, 0x00, 0x00, 0x00, 0x00, 0x00, 0x00, 0x00, 0x00, 0x00, 0x00, 0x00, 0x00, 0x00, 0x00,
    0x00, 0xff, 0xff, 0xff, 0xff, 0xff, 0xff, 0xff, 0xff, 0xff, 0x00, 0x00, 0x00, 0x00, 0x00, 0x00,
    0xff, 0xff, 0xff, 0xff, 0xff, 0xff, 0xff, 0xff, 0xff, 0x00, 0x00, 0x00, 0x00, 0x00, 0x00, 0xd8,
    0xd8, 0xde, 0xff, 0xff, 0xff, 0xd8, 0xd8, 0xd8, 0x00, 0x00, 0x00, 0x00, 0x00, 0x00, 0x00, 0x00,
    0x24, 0xff, 0xff, 0xff, 0x00, 0x00, 0x00, 0x00, 0x00, 0x00, 0x00, 0x00, 0x00, 0x00, 0x00, 0x24,
    0xff, 0xff, 0xff, 0x00, 0x00, 0x00, 0x00, 0x00, 0x00, 0x00, 0x00, 0x00, 0x00, 0x00, 0x24, 0xff,
    0xff, 0xff, 0x00, 0x00, 0x00, 0x00, 0x00, 0x00, 0x00, 0x00, 0x00, 0x00, 0x00, 0x24, 0xff, 0xff,
    0xff, 0x00, 0x00, 0x00, 0x00, 0x00, 0x00, 0x00, 0x00, 0x00, 0x00, 0x00, 0x24, 0xff, 0xff, 0xff,
    0x00, 0x00, 0x00, 0x00, 0x00, 0x00, 0x00, 0x00, 0x00, 0x00, 0x00, 0x24, 0xff, 0xff, 0xff, 0x00,
    0x00, 0x00, 0x00, 0x00, 0x00, 0x00, 0x00, 0x00, 0x00, 0x00, 0x24, 0xff, 0xff, 0xff, 0x00, 0x00,
    0x00, 0x00, 0x00, 0x00, 0x00, 0x00, 0x00, 0x00, 0x00, 0x24, 0xff, 0xff, 0xff, 0x00, 0x00, 0x00,
    0x00, 0x00, 0x00, 0x00, 0x00, 0x00, 0x00, 0x00, 0x24, 0xff, 0xff, 0xff, 0x00, 0x00, 0x00, 0x00,
    0x00, 0x00, 0x00, 0x00, 0x00, 0x00, 0x00, 0x24, 0xff, 0xff, 0xff, 0x00, 0x00, 0x00, 0x00, 0x00,
    0x00, 0x00, 0x00, 0x00, 0x00, 0x00, 0x24, 0xff, 0xff, 0xff, 0x00, 0x00, 0x00, 0x00, 0x00, 0x00,
    0x00, 0x00, 0x00, 0x00, 0x00, 0x24, 0xff, 0xff, 0xff, 0x00, 0x00, 0x00, 0x00, 0x00, 0x00, 0x00,
    0x00, 0x00, 0x00, 0x00, 0x24, 0xff, 0xff, 0xff, 0x00, 0x00, 0x00, 0x00, 0x00, 0x00, 0x00, 0x00,
    0x00, 0xd8, 0xd8, 0xde, 0xff, 0xff, 0xff, 0xd8, 0xd8, 0xd8, 0x00, 0x00, 0x00, 0x00, 0x00, 0x00,
    0xff, 0xff, 0xff, 0xff, 0xff, 0xff, 0xff, 0xff, 0xff, 0x00, 0x00, 0x00, 0x00, 0x00, 0x00, 0xff,
    0xff, 0xff, 0xff, 0xff, 0xff, 0xff, 0xff, 0xff, 0x00, 0x00, 0x00, 0x00, 0x00, 0x00, 0xd8, 0xd8,
    0xd8, 0x1e, 0x00, 0x1e, 0xd8, 0xd8, 0xd8, 0x00, 0x00, 0x00, 0x00, 0x00, 0x00, 0xff, 0xff, 0xff,
    0x24, 0x00, 0x24, 0xff, 0xff, 0xff, 0x00, 0x00, 0x00, 0x00, 0x00, 0x00, 0xff, 0xff, 0xff, 0x24,
    0x00, 0x24, 0xff, 0xff, 0xff, 0x00, 0x00, 0x00, 0x00, 0x00, 0x00, 0x00, 0x00, 0x00, 0x00, 0x00,
    0x00, 0x00, 0x00, 0x00, 0x00, 0x00, 0x00, 0x00, 0x00, 0x00, 0x00, 0x00, 0x00, 0x00, 0x00, 0x00,
    0x00, 0x00, 0x00, 0x00, 0x00, 0x00, 0x00, 0x00, 0x00, 0x00, 0x00, 0x00, 0x00, 0x00, 0x00, 0x00,
    0x00, 0x00, 0x00, 0x00, 0x00, 0x00, 0x00, 0x00, 0xff, 0xff, 0xff, 0xff, 0xff, 0xff, 0xff, 0xff,
    0xff, 0x00, 0x00, 0x00, 0x00, 0x00, 0x00, 0xff, 0xff, 0xff, 0xff, 0xff, 0xff, 0xff, 0xff, 0xff,
    0x00, 0x00, 0x00, 0x00, 0x00, 0x00, 0xd8, 0xd8, 0xde, 0xff, 0xff, 0xff, 0xd8, 0xd8, 0xd8, 0x00,
    0x00, 0x00, 0x00, 0x00, 0x00, 0x00, 0x00, 0x24, 0xff, 0xff, 0xff, 0x00, 0x00, 0x00, 0x00, 0x00,
    0x00, 0x00, 0x00, 0x00, 0x00, 0x00, 0x24, 0xff, 0xff, 0xff, 0x00, 0x00, 0x00, 0x00, 0x00, 0x00,
    0x00, 0x00, 0x00, 0x00, 0x00, 0x24, 0xff, 0xff, 0xff, 0x00, 0x00, 0x00, 0x00, 0x00, 0x00, 0x00,
    0x00, 0x00, 0x00, 0x00, 0x24, 0xff, 0xff, 0xff, 0x00, 0x00, 0x00, 0x00, 0x00, 0x00, 0x00, 0x00,
    0x00, 0x00, 0x00, 0x24, 0xff, 0xff, 0xff, 0x00, 0x00, 0x00, 0x00, 0x00, 0x00, 0x00, 0x00, 0x00,
    0x00, 0x00, 0x24, 0xff, 0xff, 0xff, 0x00, 0x00, 0x00, 0x00, 0x00, 0x00, 0x00, 0x00, 0x00, 0x00,
    0x00, 0x24, 0xff, 0xff, 0xff, 0x00, 0x00, 0x00, 0x00, 0x00, 0x00, 0x00, 0x00, 0x00, 0x00, 0x00,
    0x24, 0xff, 0xff, 0xff, 0x00, 0x00, 0x00, 0x00, 0x00, 0x00, 0x00, 0x00, 0x00, 0x00, 0x00, 0x24,
    0xff, 0xff, 0xff, 0x00, 0x00, 0x00, 0x00, 0x00, 0x00, 0x00, 0x00, 0x00, 0x00, 0x00, 0x24, 0xff,
    0xff, 0xff, 0x00, 0x00, 0x00, 0x00, 0x00, 0x00, 0x00, 0x00, 0x00, 0x00, 0x00, 0x24, 0xff, 0xff,
    0xff, 0x00, 0x00, 0x00, 0x00, 0x00, 0x00, 0x00, 0x00, 0x00, 0x00, 0x00, 0x24, 0xff, 0xff, 0xff,
    0x00, 0x00, 0x00, 0x00, 0x00, 0x00, 0x00, 0x00, 0x00, 0x00, 0x00, 0x24, 0xff, 0xff, 0xff, 0x00,
    0x00, 0x00, 0x00, 0x00, 0x00, 0x00, 0x00, 0x00, 0xd8, 0xd8, 0xde, 0xff, 0xff, 0xff, 0xd8, 0xd8,
    0xd8, 0x00, 0x00, 0x00, 0x00, 0x00, 0x00, 0xff, 0xff, 0xff, 0xff, 0xff, 0xff, 0xff, 0xff, 0xff,
    0x00, 0x00, 0x00, 0x00, 0x00, 0x00, 0xff, 0xff, 0xff, 0xff, 0xff, 0xff, 0xff, 0xff, 0xff, 0x00,
    0x00, 0x00, 0x00, 0x00, 0x07, 0x5d, 0x85, 0x89, 0x5e, 0x04, 0x00, 0x00, 0x00, 0x00, 0x00, 0x00,
    0x00, 0x00, 0x00, 0xa0, 0xff, 0xff, 0xff, 0xff, 0xb4, 0x05, 0x1d, 0xb4, 0xb3, 0x00, 0x00, 0x00,
    0x00, 0x00, 0xea, 0xff, 0xc6, 0xe5, 0xff, 0xff, 0xa3, 0x66, 0xff, 0xf1, 0x00, 0x00, 0x00, 0x00,
    0x00, 0xfd, 0xff, 0x2d, 0x21, 0xf0, 0xff, 0xff, 0xff, 0xff, 0xc3, 0x00, 0x00, 0x00, 0x00, 0x00,
    0x14, 0x14, 0x03, 0x00, 0x45, 0xe3, 0xff, 0xf7, 0xcb, 0x36, 0x00, 0x00, 0x00, 0x00, 0x00, 0x00,
    0x00, 0x00, 0x00, 0x00, 0x00, 0x00, 0x00, 0x00, 0x00, 0x00, 0x00, 0x00, 0x00, 0x00, 0x00, 0x00,
    0x00, 0x00, 0x00, 0x00, 0x00, 0x00, 0x00, 0x00, 0x00, 0x00, 0x00, 0x00, 0x00, 0x00, 0x00, 0x00,
    0x00, 0x00, 0x00, 0x00, 0x00, 0x00, 0x00, 0x00, 0x00, 0x00, 0x00, 0xff, 0xff, 0xff, 0xff, 0x26,
    0x00, 0x00, 0x00, 0x24, 0xff, 0xff, 0xff, 0x00, 0x00, 0x00, 0xff, 0xff, 0xff, 0xff, 0x76, 0x00,
    0x00, 0x00, 0x24, 0xff, 0xff, 0xff, 0x00, 0x00, 0x00, 0xff, 0xff, 0xff, 0xff, 0xc7, 0x00, 0x00,
    0x00, 0x24, 0xff, 0xff, 0xff, 0x00, 0x00, 0x00, 0xff, 0xff, 0xff, 0xfc, 0xff, 0x1b, 0x00, 0x00,
    0x24, 0xff, 0xff, 0xff, 0x00, 0x00, 0x00, 0xff, 0xff, 0xff, 0xbe, 0xff, 0x6a, 0x00, 0x00, 0x24,
    0xff, 0xff, 0xff, 0x00, 0x00, 0x00, 0xff, 0xff, 0xff, 0x6e, 0xff, 0xbd, 0x00, 0x00, 0x24, 0xff,
    0xff, 0xff, 0x00, 0x00, 0x00, 0xff, 0xff, 0xff, 0x2b, 0xf3, 0xfc, 0x12, 0x00, 0x24, 0xff, 0xff,
    0xff, 0x00, 0x00, 0x00, 0xff, 0xff, 0xff, 0x24, 0xa7, 0xff, 0x5e, 0x00, 0x24, 0xff, 0xff, 0xff,
    0x00, 0x00, 0x00, 0xff, 0xff, 0xff, 0x24, 0x56, 0xff, 0xb2, 0x00, 0x24, 0xff, 0xff, 0xff, 0x00,
    0x00, 0x00, 0xff, 0xff, 0xff, 0x24, 0x0d, 0xf9, 0xf7, 0x0b, 0x24, 0xff, 0xff, 0xff, 0x00, 0x00,
    0x00, 0xff, 0xff, 0xff, 0x24, 0x00, 0xb5, 0xff, 0x53, 0x24, 0xff, 0xff, 0xff, 0x00, 0x00, 0x00,
    0xff, 0xff, 0xff, 0x24, 0x00, 0x63, 0xff, 0xa6, 0x24, 0xff, 0xff, 0xff, 0x00, 0x00, 0x00, 0xff,
    0xff, 0xff, 0x24, 0x00, 0x15, 0xfd, 0xf0, 0x2a, 0xff, 0xff, 0xff, 0x00, 0x00, 0x00, 0xff, 0xff,
    0xff, 0x24, 0x00, 0x00, 0xc2, 0xff, 0x6c, 0xff, 0xff, 0xff, 0x00, 0x00, 0x00, 0xff, 0xff, 0xff,
    0x24, 0x00, 0x00, 0x72, 0xff, 0xbe, 0xff, 0xff, 0xff, 0x00, 0x00, 0x00, 0xff, 0xff, 0xff, 0x24,
    0x00, 0x00, 0x1f, 0xff, 0xfc, 0xff, 0xff, 0xff, 0x00, 0x00, 0x00, 0xff, 0xff, 0xff, 0x24, 0x00,
    0x00, 0x00, 0xce, 0xff, 0xff, 0xff, 0xff, 0x00, 0x00, 0x00, 0xff, 0xff, 0xff, 0x24, 0x00, 0x00,
    0x00, 0x7e, 0xff, 0xff, 0xff, 0xff, 0x00, 0x00, 0x00, 0xff, 0xff, 0xff, 0x24, 0x00, 0x00, 0x00,
    0x2e, 0xff, 0xff, 0xff, 0xff, 0x00, 0x00, 0x00, 0x00, 0x2d, 0xf5, 0xff, 0xfc, 0x37, 0x00, 0x00,
    0x00, 0x00, 0x00, 0x00, 0x00, 0x00, 0x00, 0x00, 0x00, 0x5b, 0xff, 0xff, 0xd8, 0x0a, 0x00, 0x00,
    0x00, 0x00, 0x00, 0x00, 0x00, 0x00, 0x00, 0x00, 0x00, 0x95, 0xff, 0xff, 0x92, 0x00, 0x00, 0x00,
    0x00, 0x00, 0x00, 0x00, 0x00, 0x00, 0x00, 0x00, 0x06, 0xc9, 0xff, 0xfe, 0x43, 0x00, 0x00, 0x00,
    0x00, 0x00, 0x00, 0x00, 0x00, 0x00, 0x00, 0x00, 0x00, 0x00, 0x00, 0x00, 0x00, 0x00, 0x00, 0x00,
    0x00, 0x00, 0x00, 0x00, 0x00, 0x00, 0x00, 0x00, 0x00, 0x00, 0x00, 0x00, 0x00, 0x00, 0x00, 0x00,
    0x00, 0x00, 0x00, 0x04, 0x6d, 0xc2, 0xeb, 0xfc, 0xfd, 0xee, 0xc9, 0x7e, 0x0c, 0x00, 0x00, 0x00,
    0x00, 0x00, 0xab, 0xff, 0xff, 0xff, 0xff, 0xff, 0xff, 0xff, 0xff, 0xc9, 0x06, 0x00, 0x00, 0x00,
    0x3e, 0xff, 0xff, 0xff, 0xff, 0xe3, 0xdf, 0xfd, 0xff, 0xff, 0xff, 0x62, 0x00, 0x00, 0x00, 0x8f,
    0xff, 0xff, 0xee, 0x2f, 0x00, 0x00, 0x1c, 0xd9, 0xff, 0xff, 0xb3, 0x00, 0x00, 0x00, 0xbf, 0xff,
    0xff, 0x88, 0x00, 0x00, 0x00, 0x00, 0x64, 0xff, 0xff, 0xe2, 0x00, 0x00, 0x00, 0xdc, 0xff, 0xff,
    0x51, 0x00, 0x00, 0x00, 0x00, 0x2e, 0xff, 0xff, 0xfd, 0x03, 0x00, 0x00, 0xee, 0xff, 0xff, 0x3a,
    0x00, 0x00, 0x00, 0x00, 0x16, 0xff, 0xff, 0xff, 0x12, 0x00, 0x00, 0xf8, 0xff, 0xff, 0x2c, 0x00,
    0x00, 0x00, 0x00, 0x08, 0xff, 0xff, 0xff, 0x1c, 0x00, 0x00, 0xfe, 0xff, 0xff, 0x26, 0x00, 0x00,
    0x00, 0x00, 0x02, 0xff, 0xff, 0xff, 0x22, 0x00, 0x00, 0xff, 0xff, 0xff, 0x24, 0x00, 0x00, 0x00,
    0x00, 0x00, 0xff, 0xff, 0xff, 0x24, 0x00, 0x00, 0xfe, 0xff, 0xff, 0x26, 0x00, 0x00, 0x00, 0x00,
    0x02, 0xff, 0xff, 0xff, 0x22, 0x00, 0x00, 0xf8, 0xff, 0xff, 0x2c, 0x00, 0x00, 0x00, 0x00, 0x08,
    0xff, 0xff, 0xff, 0x1c, 0x00, 0x00, 0xed, 0xff, 0xff, 0x3a, 0x00, 0x00, 0x00, 0x00, 0x16, 0xff,
    0xff, 0xff, 0x11, 0x00, 0x00, 0xdb, 0xff, 0xff, 0x51, 0x00, 0x00, 0x00, 0x00, 0x2d, 0xff, 0xff,
    0xfc, 0x02, 0x00, 0x00, 0xbe, 0xff, 0xff, 0x86, 0x00, 0x00, 0x00, 0x00, 0x62, 0xff, 0xff, 0xe2,
    0x00, 0x00, 0x00, 0x8f, 0xff, 0xff, 0xec, 0x2c, 0x00, 0x00, 0x1c, 0xd8, 0xff, 0xff, 0xb3, 0x00,
    0x00, 0x00, 0x3e, 0xff, 0xff, 0xff, 0xff, 0xe2, 0xdf, 0xfd, 0xff, 0xff, 0xff, 0x60, 0x00, 0x00,
    0x00, 0x00, 0xa6, 0xff, 0xff, 0xff, 0xff, 0xff, 0xff, 0xff, 0xff, 0xc5, 0x05, 0x00, 0x00, 0x00,
    0x00, 0x03, 0x67, 0xbf, 0xe9, 0xfc, 0xfe, 0xee, 0xc9, 0x79, 0x09, 0x00, 0x00, 0x00, 0x00, 0x00,
    0x00, 0x00, 0x00, 0x00, 0x00, 0x28, 0xf8, 0xff, 0xfb, 0x3a, 0x00, 0x00, 0x00, 0x00, 0x00, 0x00,
    0x00, 0x00, 0x00, 0x04, 0xcb, 0xff, 0xff, 0x6f, 0x00, 0x00, 0x00, 0x00, 0x00, 0x00, 0x00, 0x00,
    0x00, 0x00, 0x7e, 0xff, 0xff, 0xa9, 0x00, 0x00, 0x00, 0x00, 0x00, 0x00, 0x00, 0x00, 0x00, 0x00,
    0x33, 0xfb, 0xff, 0xd6, 0x0c, 0x00, 0x00, 0x00, 0x00, 0x00, 0x00, 0x00, 0x00, 0x00, 0x00, 0x00,
    0x00, 0x00, 0x00, 0x00, 0x00, 0x00, 0x00, 0x00, 0x00, 0x00, 0x00, 0x00, 0x00, 0x00, 0x00, 0x00,
    0x00, 0x00, 0x00, 0x00, 0x00, 0x00, 0x00, 0x00, 0x00, 0x00, 0x04, 0x6d, 0xc2, 0xeb, 0xfc, 0xfd,
    0xee, 0xc9, 0x7e, 0x0c, 0x00, 0x00, 0x00, 0x00, 0x00, 0xab, 0xff, 0xff, 0xff, 0xff, 0xff, 0xff,
    0xff, 0xff, 0xc9, 0x06, 0x00, 0x00, 0x00, 0x3e, 0xff, 0xff, 0xff, 0xff, 0xe3, 0xdf, 0xfd, 0xff,
    0xff, 0xff, 0x62, 0x00, 0x00, 0x00, 0x8f, 0xff, 0xff, 0xee, 0x2f, 0x00, 0x00, 0x1c, 0xd9, 0xff,
    0xff, 0xb3, 0x00, 0x00, 0x00, 0xbf, 0xff, 0xff, 0x88, 0x00, 0x00, 0x00, 0x00, 0x64, 0xff, 0xff,
    0xe2, 0x00, 0x00, 0x00, 0xdc, 0xff, 0xff, 0x51, 0x00, 0x00, 0x00, 0x00, 0x2e, 0xff, 0xff, 0xfd,
    0x03, 0x00, 0x00, 0xee, 0xff, 0xff, 0x3a, 0x00, 0x00, 0x00, 0x00, 0x16, 0xff, 0xff, 0xff, 0x12,
    0x00, 0x00, 0xf8, 0xff, 0xff, 0x2c, 0x00, 0x00, 0x00, 0x00, 0x08, 0xff, 0xff, 0xff, 0x1c, 0x00,
    0x00, 0xfe, 0xff, 0xff, 0x26, 0x00, 0x00, 0x00, 0x00, 0x02, 0xff, 0xff, 0xff, 0x22, 0x00, 0x00,
    0xff, 0xff, 0xff, 0x24, 0x00, 0x00, 0x00, 0x00, 0x00, 0xff, 0xff, 0xff, 0x24, 0x00, 0x00, 0xfe,
    0xff, 0xff, 0x26, 0x00, 0x00, 0x00, 0x00, 0x02, 0xff, 0xff, 0xff, 0x22, 0x00, 0x00, 0xf8, 0xff,
    0xff, 0x2c, 0x00, 0x00, 0x00, 0x00, 0x08, 0xff, 0xff, 0xff, 0x1c, 0x00, 0x00, 0xed, 0xff, 0xff,
    0x3a, 0x00, 0x00, 0x00, 0x00, 0x16, 0xff, 0xff, 0xff, 0x11, 0x00, 0x00, 0xdb, 0xff, 0xff, 0x51,
    0x00, 0x00, 0x00, 0x00, 0x2d, 0xff, 0xff, 0xfc, 0x02, 0x00, 0x00, 0xbe, 0xff, 0xff, 0x86, 0x00,
    0x00, 0x00, 0x00, 0x62, 0xff, 0xff, 0xe2, 0x00, 0x00, 0x00, 0x8f, 0xff, 0xff, 0xec, 0x2c, 0x00,
    0x00, 0x1c, 0xd8, 0xff, 0xff, 0xb3, 0x00, 0x00, 0x00, 0x3e, 0xff, 0xff, 0xff, 0xff, 0xe2, 0xdf,
    0xfd, 0xff, 0xff, 0xff, 0x60, 0x00, 0x00, 0x00, 0x00, 0xa6, 0xff, 0xff, 0xff, 0xff, 0xff, 0xff,
    0xff, 0xff, 0xc5, 0x05, 0x00, 0x00, 0x00, 0x00, 0x03, 0x67, 0xbf, 0xe9, 0xfc, 0xfe, 0xee, 0xc9,
    0x79, 0x09, 0x00, 0x00, 0x00, 0x00, 0x00, 0x24, 0xff, 0xff, 0xff, 0x00, 0x00, 0xff, 0xff, 0xff,
    0x24, 0x00, 0x00, 0x00, 0x00, 0x00, 0x24, 0xff, 0xff, 0xff, 0x00, 0x00, 0xff, 0xff, 0xff, 0x24,
    0x00, 0x00, 0x00, 0x00, 0x00, 0x1e, 0xd8, 0xd8, 0xd8, 0x00, 0x00, 0xd8, 0xd8, 0xd8, 0x1e, 0x00,
    0x00, 0x00, 0x00, 0x00, 0x00, 0x00, 0x00, 0x00, 0x00, 0x00, 0x00, 0x00, 0x00, 0x00, 0x00, 0x00,
    0x00, 0x00, 0x00, 0x00, 0x00, 0x00, 0x00, 0x00, 0x00, 0x00, 0x00, 0x00, 0x00, 0x00, 0x00, 0x00,
    0x00, 0x00, 0x00, 0x00, 0x00, 0x00, 0x00, 0x00, 0x00, 0x00, 0x00, 0x00, 0x00, 0x00, 0x00, 0x00,
    0x00, 0x04, 0x6d, 0xc2, 0xeb, 0xfc, 0xfd, 0xee, 0xc9, 0x7e, 0x0c, 0x00, 0x00, 0x00, 0x00, 0x00,
    0xab, 0xff, 0xff, 0xff, 0xff, 0xff, 0xff, 0xff, 0xff, 0xc9, 0x06, 0x00, 0x00, 0x00, 0x3e, 0xff,
    0xff, 0xff, 0xff, 0xe3, 0xdf, 0xfd, 0xff, 0xff, 0xff, 0x62, 0x00, 0x00, 0x00, 0x8f, 0xff, 0xff,
    0xee, 0x2f, 0x00, 0x00, 0x1c, 0xd9, 0xff, 0xff, 0xb3, 0x00, 0x00, 0x00, 0xbf, 0xff, 0xff, 0x88,
    0x00, 0x00, 0x00, 0x00, 0x64, 0xff, 0xff, 0xe2, 0x00, 0x00, 0x00, 0xdc, 0xff, 0xff, 0x51, 0x00,
    0x00, 0x00, 0x00, 0x2e, 0xff, 0xff, 0xfd, 0x03, 0x00, 0x00, 0xee, 0xff, 0xff, 0x3a, 0x00, 0x00,
    0x00, 0x00, 0x16, 0xff, 0xff, 0xff, 0x12, 0x00, 0x00, 0xf8, 0xff, 0xff, 0x2c, 0x00, 0x00, 0x00,
    0x00, 0x08, 0xff, 0xff, 0xff, 0x1c, 0x00, 0x00, 0xfe, 0xff, 0xff, 0x26, 0x00, 0x00, 0x00, 0x00,
    0x02, 0xff, 0xff, 0xff, 0x22, 0x00, 0x00, 0xff, 0xff, 0xff, 0x24, 0x00, 0x00, 0x00, 0x00, 0x00,
    0xff, 0xff, 0xff, 0x24, 0x00, 0x00, 0xfe, 0xff, 0xff, 0x26, 0x00, 0x00, 0x00, 0x00, 0x02, 0xff,
    0xff, 0xff, 0x22, 0x00, 0x00, 0xf8, 0xff, 0xff, 0x2c, 0x00, 0x00, 0x00, 0x00, 0x08, 0xff, 0xff,
    0xff, 0x1c, 0x00, 0x00, 0xed, 0xff, 0xff, 0x3a, 0x00, 0x00, 0x00, 0x00, 0x16, 0xff, 0xff, 0xff,
    0x11, 0x00, 0x00, 0xdb, 0xff, 0xff, 0x51, 0x00, 0x00, 0x00, 0x00, 0x2d, 0xff, 0xff, 0xfc, 0x02,
    0x00, 0x00, 0xbe, 0xff, 0xff, 0x86, 0x00, 0x00, 0x00, 0x00, 0x62, 0xff, 0xff, 0xe2, 0x00, 0x00,
    0x00, 0x8f, 0xff, 0xff, 0xec, 0x2c, 0x00, 0x00, 0x1c, 0xd8, 0xff, 0xff, 0xb3, 0x00, 0x00, 0x00,
    0x3e, 0xff, 0xff, 0xff, 0xff, 0xe2, 0xdf, 0xfd, 0xff, 0xff, 0xff, 0x60, 0x00, 0x00, 0x00, 0x00,
    0xa6, 0xff, 0xff, 0xff, 0xff, 0xff, 0xff, 0xff, 0xff, 0xc5, 0x05, 0x00, 0x00, 0x00, 0x00, 0x03,
    0x67, 0xbf, 0xe9, 0xfc, 0xfe, 0xee, 0xc9, 0x79, 0x09, 0x00, 0x00, 0x00, 0x00, 0x00, 0x00, 0x8b,
    0xff, 0xff, 0xba, 0x01, 0x00, 0x00, 0x00, 0x00, 0x00, 0x00, 0x00, 0x00, 0x00, 0x00, 0x04, 0xc3,
    0xff, 0xff, 0x65, 0x00, 0x00, 0x00, 0x00, 0x00, 0x00, 0x00, 0x00, 0x00, 0x00, 0x00, 0x1b, 0xea,
    0xff, 0xf0, 0x1c, 0x00, 0x00, 0x00, 0x00, 0x00, 0x00, 0x00, 0x00, 0x00, 0x00, 0x00, 0x45, 0xfd,
    0xff, 0xb5, 0x00, 0x00, 0x00, 0x00, 0x00, 0x00, 0x00, 0x00, 0x00, 0x00, 0x00, 0x00, 0x00, 0x00,
    0x00, 0x00, 0x00, 0x00, 0x00, 0x00, 0x00, 0x00, 0x00, 0x00, 0x00, 0x00, 0x00, 0x00, 0x00, 0x00,
    0x00, 0x00, 0x00, 0x00, 0x00, 0x00, 0x00, 0x00, 0xff, 0xff, 0xff, 0x24, 0x00, 0x00, 0x00, 0x00,
    0xff, 0xff, 0xff, 0x24, 0x00, 0x00, 0x00, 0xff, 0xff, 0xff, 0x24, 0x00, 0x00, 0x00, 0x00, 0xff,
    0xff, 0xff, 0x24, 0x00, 0x00, 0x00, 0xff, 0xff, 0xff, 0x24, 0x00, 0x00, 0x00, 0x00, 0xff, 0xff,
    0xff, 0x24, 0x00, 0x00, 0x00, 0xff, 0xff, 0xff, 0x24, 0x00, 0x00, 0x00, 0x00, 0xff, 0xff, 0xff,
    0x24, 0x00, 0x00, 0x00, 0xff, 0xff, 0xff, 0x24, 0x00, 0x00, 0x00, 0x00, 0xff, 0xff, 0xff, 0x24,
    0x00, 0x00, 0x00, 0xff, 0xff, 0xff, 0x24, 0x00, 0x00, 0x00, 0x00, 0xff, 0xff, 0xff, 0x24, 0x00,
    0x00, 0x00, 0xff, 0xff, 0xff, 0x24, 0x00, 0x00, 0x00, 0x00, 0xff, 0xff, 0xff, 0x24, 0x00, 0x00,
    0x00, 0xff, 0xff, 0xff, 0x24, 0x00, 0x00, 0x00, 0x00, 0xff, 0xff, 0xff, 0x24, 0x00, 0x00, 0x00,
    0xff, 0xff, 0xff, 0x24, 0x00, 0x00, 0x00, 0x00, 0xff, 0xff, 0xff, 0x24, 0x00, 0x00, 0x00, 0xff,
    0xff, 0xff, 0x24, 0x00, 0x00, 0x00, 0x00, 0xff, 0xff, 0xff, 0x24, 0x00, 0x00, 0x00, 0xff, 0xff,
    0xff, 0x24, 0x00, 0x00, 0x00, 0x00, 0xff, 0xff, 0xff, 0x24, 0x00, 0x00, 0x00, 0xff, 0xff, 0xff,
    0x24, 0x00, 0x00, 0x00, 0x00, 0xff, 0xff, 0xff, 0x24, 0x00, 0x00, 0x00, 0xff, 0xff, 0xff, 0x24,
    0x00, 0x00, 0x00, 0x00, 0xff, 0xff, 0xff, 0x24, 0x00, 0x00, 0x00, 0xfc, 0xff, 0xff, 0x2b, 0x00,
    0x00, 0x00, 0x07, 0xff, 0xff, 0xff, 0x1f, 0x00, 0x00, 0x00, 0xef, 0xff, 0xff, 0x43, 0x00, 0x00,
    0x00, 0x1f, 0xff, 0xff, 0xff, 0x13, 0x00, 0x00, 0x00, 0xd7, 0xff, 0xff, 0xa5, 0x05, 0x00, 0x01,
    0x84, 0xff, 0xff, 0xf7, 0x02, 0x00, 0x00, 0x00, 0xa1, 0xff, 0xff, 0xff, 0xf3, 0xda, 0xed, 0xff,
    0xff, 0xff, 0xc5, 0x00, 0x00, 0x00, 0x00, 0x30, 0xf8, 0xff, 0xff, 0xff, 0xff, 0xff, 0xff, 0xff,
    0xff, 0x4f, 0x00, 0x00, 0x00, 0x00, 0x00, 0x32, 0xa8, 0xdf, 0xf6, 0xff, 0xf9, 0xe7, 0xb8, 0x4b,
    0x00, 0x00, 0x00, 0x00, 0x00, 0x00, 0x00, 0x00, 0x00, 0x00, 0x00, 0xa5, 0xff, 0xff, 0x9f, 0x00,
    0x00, 0x00, 0x00, 0x00, 0x00, 0x00, 0x00, 0x00, 0x00, 0x50, 0xff, 0xff, 0xd3, 0x09, 0x00, 0x00,
    0x00, 0x00, 0x00, 0x00, 0x00, 0x00, 0x00, 0x13, 0xe8, 0xff, 0xf4, 0x27, 0x00, 0x00, 0x00, 0x00,
    0x00, 0x00, 0x00, 0x00, 0x00, 0x00, 0xa5, 0xff, 0xff, 0x59, 0x00, 0x00, 0x00, 0x00, 0x00, 0x00,
    0x00, 0x00, 0x00, 0x00, 0x00, 0x00, 0x00, 0x00, 0x00, 0x00, 0x00, 0x00, 0x00, 0x00, 0x00, 0x00,
    0x00, 0x00, 0x00, 0x00, 0x00, 0x00, 0x00, 0x00, 0x00, 0x00, 0x00, 0x00, 0x00, 0x00, 0x00, 0xff,
    0xff, 0xff, 0x24, 0x00, 0x00, 0x00, 0x00, 0xff, 0xff, 0xff, 0x24, 0x00, 0x00, 0x00, 0xff, 0xff,
    0xff, 0x24, 0x00, 0x00, 0x00, 0x00, 0xff, 0xff, 0xff, 0x24, 0x00, 0x00, 0x00, 0xff, 0xff, 0xff,
    0x24, 0x00, 0x00, 0x00, 0x00, 0xff, 0xff, 0xff, 0x24, 0x00, 0x00, 0x00, 0xff, 0xff, 0xff, 0x24,
    0x00, 0x00, 0x00, 0x00, 0xff, 0xff, 0xff, 0x24, 0x00, 0x00, 0x00, 0xff, 0xff, 0xff, 0x24, 0x00,
    0x00, 0x00, 0x00, 0xff, 0xff, 0xff, 0x24, 0x00, 0x00, 0x00, 0xff, 0xff, 0xff, 0x24, 0x00, 0x00,
    0x00, 0x00, 0xff, 0xff, 0xff, 0x24, 0x00, 0x00, 0x00, 0xff, 0xff, 0xff, 0x24, 0x00, 0x00, 0x00,
    0x00, 0xff, 0xff, 0xff, 0x24, 0x00, 0x00, 0x00, 0xff, 0xff, 0xff, 0x24, 0x00, 0x00, 0x00, 0x00,
    0xff, 0xff, 0xff, 0x24, 0x00, 0x00, 0x00, 0xff, 0xff, 0xff, 0x24, 0x00, 0x00, 0x00, 0x00, 0xff,
    0xff, 0xff, 0x24, 0x00, 0x00, 0x00, 0xff, 0xff, 0xff, 0x24, 0x00, 0x00, 0x00, 0x00, 0xff, 0xff,
    0xff, 0x24, 0x00, 0x00, 0x00, 0xff, 0xff, 0xff, 0x24, 0x00, 0x00, 0x00, 0x00, 0xff, 0xff, 0xff,
    0x24, 0x00, 0x00, 0x00, 0xff, 0xff, 0xff, 0x24, 0x00, 0x00, 0x00, 0x00, 0xff, 0xff, 0xff, 0x24,
    0x00, 0x00, 0x00, 0xff, 0xff, 0xff, 0x24, 0x00, 0x00, 0x00, 0x00, 0xff, 0xff, 0xff, 0x24, 0x00,
    0x00, 0x00, 0xfc, 0xff, 0xff, 0x2b, 0x00, 0x00, 0x00, 0x07, 0xff, 0xff, 0xff, 0x1f, 0x00, 0x00,
    0x00, 0xef, 0xff, 0xff, 0x43, 0x00, 0x00, 0x00, 0x1f, 0xff, 0xff, 0xff, 0x13, 0x00, 0x00, 0x00,
    0xd7, 0xff, 0xff, 0xa5, 0x05, 0x00, 0x01, 0x84, 0xff, 0xff, 0xf7, 0x02, 0x00, 0x00, 0x00, 0xa1,
    0xff, 0xff, 0xff, 0xf3, 0xda, 0xed, 0xff, 0xff, 0xff, 0xc5, 0x00, 0x00, 0x00, 0x00, 0x30, 0xf8,
    0xff, 0xff, 0xff, 0xff, 0xff, 0xff, 0xff, 0xff, 0x4f, 0x00, 0x00, 0x00, 0x00, 0x00, 0x32, 0xa8,
    0xdf, 0xf6, 0xff, 0xf9, 0xe7, 0xb8, 0x4b, 0x00, 0x00, 0x00, 0x00, 0x00, 0x00, 0xff, 0xff, 0xff,
    0x24, 0x00, 0x00, 0xff, 0xff, 0xff, 0x24, 0x00, 0x00, 0x00, 0x00, 0x00, 0xff, 0xff, 0xff, 0x24,
    0x00, 0x00, 0xff, 0xff, 0xff, 0x24, 0x00, 0x00, 0x00, 0x00, 0x00, 0xd8, 0xd8, 0xd8, 0x1e, 0x00,
    0x00, 0xd8, 0xd8, 0xd8, 0x1e, 0x00, 0x00, 0x00, 0x00, 0x00, 0x00, 0x00, 0x00, 0x00, 0x00, 0x00,
    0x00, 0x00, 0x00, 0x00, 0x00, 0x00, 0x00, 0x00, 0x00, 0x00, 0x00, 0x00, 0x00, 0x00, 0x00, 0x00,
    0x00, 0x00, 0x00, 0x00, 0x00, 0x00, 0x00, 0x00, 0x00, 0x00, 0x00, 0x00, 0x00, 0x00, 0x00, 0x00,
    0x00, 0x00, 0x00, 0x00, 0x00, 0x00, 0xff, 0xff, 0xff, 0x24, 0x00, 0x00, 0x00, 0x00, 0xff, 0xff,
    0xff, 0x24, 0x00, 0x00, 0x00, 0xff, 0xff, 0xff, 0x24, 0x00, 0x00, 0x00, 0x00, 0xff, 0xff, 0xff,
    0x24, 0x00, 0x00, 0x00, 0xff, 0xff, 0xff, 0x24, 0x00, 0x00, 0x00, 0x00, 0xff, 0xff, 0xff, 0x24,
    0x00, 0x00, 0x00, 0xff, 0xff, 0xff, 0x24, 0x00, 0x00, 0x00, 0x00, 0xff, 0xff, 0xff, 0x24, 0x00,
    0x00, 0x00, 0xff, 0xff, 0xff, 0x24, 0x00, 0x00, 0x00, 0x00, 0xff, 0xff, 0xff, 0x24, 0x00, 0x00,
    0x00, 0xff, 0xff, 0xff, 0x24, 0x00, 0x00, 0x00, 0x00, 0xff, 0xff, 0xff, 0x24, 0x00, 0x00, 0x00,
    0xff, 0xff, 0xff, 0x24, 0x00, 0x00, 0x00, 0x00, 0xff, 0xff, 0xff, 0x24, 0x00, 0x00, 0x00, 0xff,
    0xff, 0xff, 0x24, 0x00, 0x00, 0x00, 0x00, 0xff, 0xff, 0xff, 0x24, 0x00, 0x00, 0x00, 0xff, 0xff,
    0xff, 0x24, 0x00, 0x00, 0x00, 0x00, 0xff, 0xff, 0xff, 0x24, 0x00, 0x00, 0x00, 0xff, 0xff, 0xff,
    0x24, 0x00, 0x00, 0x00, 0x00, 0xff, 0xff, 0xff, 0x24, 0x00, 0x00, 0x00, 0xff, 0xff, 0xff, 0x24,
    0x00, 0x00, 0x00, 0x00, 0xff, 0xff, 0xff, 0x24, 0x00, 0x00, 0x00, 0xff, 0xff, 0xff, 0x24, 0x00,
    0x00, 0x00, 0x00, 0xff, 0xff, 0xff, 0x24, 0x00, 0x00, 0x00, 0xff, 0xff, 0xff, 0x24, 0x00, 0x00,
    0x00, 0x00, 0xff, 0xff, 0xff, 0x24, 0x00, 0x00, 0x00, 0xfc, 0xff, 0xff, 0x2b, 0x00, 0x00, 0x00,
    0x07, 0xff, 0xff, 0xff, 0x1f, 0x00, 0x00, 0x00, 0xef, 0xff, 0xff, 0x43, 0x00, 0x00, 0x00, 0x1f,
    0xff, 0xff, 0xff, 0x13, 0x00, 0x00, 0x00, 0xd7, 0xff, 0xff, 0xa5, 0x05, 0x00, 0x01, 0x84, 0xff,
    0xff, 0xf7, 0x02, 0x00, 0x00, 0x00, 0xa1, 0xff, 0xff, 0xff, 0xf3, 0xda, 0xed, 0xff, 0xff, 0xff,
    0xc5, 0x00, 0x00, 0x00, 0x00, 0x30, 0xf8, 0xff, 0xff, 0xff, 0xff, 0xff, 0xff, 0xff, 0xff, 0x4f,
    0x00, 0x00, 0x00, 0x00, 0x00, 0x32, 0xa8, 0xdf, 0xf6, 0xff, 0xf9, 0xe7, 0xb8, 0x4b, 0x00, 0x00,
    0x00, 0x00, 0x00, 0x1f, 0xeb, 0xff, 0xff, 0x77, 0x00, 0x00, 0x00, 0x00, 0x00, 0x00, 0x00, 0x00,
    0x00, 0x00, 0x00, 0x3f, 0xfb, 0xff, 0xfc, 0x3b, 0x00, 0x00, 0x00, 0x00, 0x00, 0x00, 0x00, 0x00,
    0x00, 0x00, 0x00, 0x6e, 0xff, 0xff, 0xe4, 0x13, 0x00, 0x00, 0x00, 0x00, 0x00, 0x00, 0x00, 0x00,
    0x00, 0x00, 0x00, 0x9f, 0xff, 0xff, 0xb6, 0x01, 0x00, 0x00, 0x00, 0x00, 0x00, 0x00, 0x00, 0x00,
    0x00, 0x00, 0x00, 0x00, 0x00, 0x00, 0x00, 0x00, 0x00, 0x00, 0x00, 0x00, 0x00, 0x00, 0x00, 0x00,
    0x00, 0x00, 0x00, 0x00, 0x00, 0x00, 0x00, 0x00, 0x00, 0x00, 0x00, 0x00, 0x00, 0x09, 0x84, 0xd0,
    0xf0, 0xfc, 0xff, 0xf8, 0xe3, 0xba, 0x53, 0x00, 0x00, 0x00, 0x00, 0x00, 0x94, 0xff, 0xff, 0xff,
    0xff, 0xff, 0xff, 0xff, 0xff, 0xff, 0x58, 0x00, 0x00, 0x00, 0x00, 0xe1, 0xff, 0xff, 0xfe, 0xe1,
    0xd9, 0xea, 0xff, 0xff, 0xff, 0xbf, 0x00, 0x00, 0x00, 0x00, 0xfa, 0xff, 0xff, 0x4c, 0x00, 0x00,
    0x00, 0x69, 0xff, 0xff, 0xeb, 0x00, 0x00, 0x00, 0x00, 0x34, 0x34, 0x34, 0x07, 0x00, 0x00, 0x00,
    0x27, 0xff, 0xff, 0xfc, 0x00, 0x00, 0x00, 0x00, 0x00, 0x17, 0x77, 0xab, 0xc7, 0xd4, 0xd8, 0xde,
    0xff, 0xff, 0xff, 0x00, 0x00, 0x00, 0x00, 0x28, 0xed, 0xff, 0xff, 0xff, 0xff, 0xff, 0xff, 0xff,
    0xff, 0xff, 0x00, 0x00, 0x00, 0x00, 0xa4, 0xff, 0xff, 0xff, 0xff, 0xff, 0xff, 0xff, 0xff, 0xff,
    0xff, 0x00, 0x00, 0x00, 0x00, 0xdf, 0xff, 0xff, 0x9d, 0x17, 0x02, 0x00, 0x26, 0xff, 0xff, 0xff,
    0x00, 0x00, 0x00, 0x00, 0xf8, 0xff, 0xff, 0x33, 0x00, 0x00, 0x00, 0x33, 0xff, 0xff, 0xff, 0x00,
    0x00, 0x00, 0x00, 0xff, 0xff, 0xff, 0x27, 0x00, 0x00, 0x00, 0x58, 0xff, 0xff, 0xff, 0x00, 0x00,
    0x00, 0x00, 0xf8, 0xff, 0xff, 0x5b, 0x00, 0x00, 0x12, 0xc9, 0xff, 0xff, 0xff, 0x00, 0x00, 0x00,
    0x00, 0xdd, 0xff, 0xff, 0xfe, 0xdf, 0xde, 0xfb, 0xff, 0xfe, 0xff, 0xff, 0x00, 0x00, 0x00, 0x00,
    0x96, 0xff, 0xff, 0xff, 0xff, 0xff, 0xff, 0xcc, 0xd4, 0xff, 0xff, 0x00, 0x00, 0x00, 0x00, 0x0f,
    0x96, 0xdd, 0xf8, 0xff, 0xf5, 0xc8, 0x2e, 0xd4, 0xff, 0xff, 0x00, 0x00, 0x00, 0x00, 0x00, 0x00,
    0x00, 0x00, 0x00, 0x01, 0xaf, 0xff, 0xff, 0xd9, 0x10, 0x00, 0x00, 0x00, 0x00, 0x00, 0x00, 0x00,
    0x00, 0x00, 0x71, 0xff, 0xff, 0xee, 0x26, 0x00, 0x00, 0x00, 0x00, 0x00, 0x00, 0x00, 0x00, 0x00,
    0x39, 0xfb, 0xff, 0xfc, 0x44, 0x00, 0x00, 0x00, 0x00, 0x00, 0x00, 0x00, 0x00, 0x00, 0x12, 0xe2,
    0xff, 0xff, 0x6b, 0x00, 0x00, 0x00, 0x00, 0x00, 0x00, 0x00, 0x00, 0x00, 0x00, 0x00, 0x00, 0x00,
    0x00, 0x00, 0x00, 0x00, 0x00, 0x00, 0x00, 0x00, 0x00, 0x00, 0x00, 0x00, 0x00, 0x00, 0x00, 0x00,
    0x00, 0x00, 0x00, 0x00, 0x00, 0x00, 0x00, 0x00, 0x09, 0x84, 0xd0, 0xf0, 0xfc, 0xff, 0xf8, 0xe3,
    0xba, 0x53, 0x00, 0x00, 0x00, 0x00, 0x00, 0x94, 0xff, 0xff, 0xff, 0xff, 0xff, 0xff, 0xff, 0xff,
    0xff, 0x58, 0x00, 0x00, 0x00, 0x00, 0xe1, 0xff, 0xff, 0xfe, 0xe1, 0xd9, 0xea, 0xff, 0xff, 0xff,
    0xbf, 0x00, 0x00, 0x00, 0x00, 0xfa, 0xff, 0xff, 0x4c, 0x00, 0x00, 0x00, 0x69, 0xff, 0xff, 0xeb,
    0x00, 0x00, 0x00, 0x00, 0x34, 0x34, 0x34, 0x07, 0x00, 0x00, 0x00, 0x27, 0xff, 0xff, 0xfc, 0x00,
    0x00, 0x00, 0x00, 0x00, 0x17, 0x77, 0xab, 0xc7, 0xd4, 0xd8, 0xde, 0xff, 0xff, 0xff, 0x00, 0x00,
    0x00, 0x00, 0x28, 0xed, 0xff, 0xff, 0xff, 0xff, 0xff, 0xff, 0xff, 0xff, 0xff, 0x00, 0x00, 0x00,
    0x00, 0xa4, 0xff, 0xff, 0xff, 0xff, 0xff, 0xff, 0xff, 0xff, 0xff, 0xff, 0x00, 0x00, 0x00, 0x00,
    0xdf, 0xff, 0xff, 0x9d, 0x17, 0x02, 0x00, 0x26, 0xff, 0xff, 0xff, 0x00, 0x00, 0x00, 0x00, 0xf8,
    0xff, 0xff, 0x33, 0x00, 0x00, 0x00, 0x33, 0xff, 0xff, 0xff, 0x00, 0x00, 0x00, 0x00, 0xff, 0xff,
    0xff, 0x27, 0x00, 0x00, 0x00, 0x58, 0xff, 0xff, 0xff, 0x00, 0x00, 0x00, 0x00, 0xf8, 0xff, 0xff,
    0x5b, 0x00, 0x00, 0x12, 0xc9, 0xff, 0xff, 0xff, 0x00, 0x00, 0x00, 0x00, 0xdd, 0xff, 0xff, 0xfe,
    0xdf, 0xde, 0xfb, 0xff, 0xfe, 0xff, 0xff, 0x00, 0x00, 0x00, 0x00, 0x96, 0xff, 0xff, 0xff, 0xff,
    0xff, 0xff, 0xcc, 0xd4, 0xff, 0xff, 0x00, 0x00, 0x00, 0x00, 0x0f, 0x96, 0xdd, 0xf8, 0xff, 0xf5,
    0xc8, 0x2e, 0xd4, 0xff, 0xff, 0x00, 0x00, 0x00, 0x00, 0x00, 0xff, 0xff, 0xff, 0x24, 0x00, 0x24,
    0xff, 0xff, 0xff, 0x00, 0x00, 0x00, 0x00, 0x00, 0x00, 0xff, 0xff, 0xff, 0x24, 0x00, 0x24, 0xff,
    0xff, 0xff, 0x00, 0x00, 0x00, 0x00, 0x00, 0x00, 0xd8, 0xd8, 0xd8, 0x1e, 0x00, 0x1e, 0xd8, 0xd8,
    0xd8, 0x00, 0x00, 0x00, 0x00, 0x00, 0x00, 0x00, 0x00, 0x00, 0x00, 0x00, 0x00, 0x00, 0x00, 0x00,
    0x00, 0x00, 0x00, 0x00, 0x00, 0x00, 0x00, 0x00, 0x00, 0x00, 0x00, 0x00, 0x00, 0x00, 0x00, 0x00,
    0x00, 0x00, 0x00, 0x00, 0x09, 0x84, 0xd0, 0xf0, 0xfc, 0xff, 0xf8, 0xe3, 0xba, 0x53, 0x00, 0x00,
    0x00, 0x00, 0x00, 0x94, 0xff, 0xff, 0xff, 0xff, 0xff, 0xff, 0xff, 0xff, 0xff, 0x58, 0x00, 0x00,
    0x00, 0x00, 0xe1, 0xff, 0xff, 0xfe, 0xe1, 0xd9, 0xea, 0xff, 0xff, 0xff, 0xbf, 0x00, 0x00, 0x00,
    0x00, 0xfa, 0xff, 0xff, 0x4c, 0x00, 0x00, 0x00, 0x69, 0xff, 0xff, 0xeb, 0x00, 0x00, 0x00, 0x00,
    0x34, 0x34, 0x34, 0x07, 0x00, 0x00, 0x00, 0x27, 0xff, 0xff, 0xfc, 0x00, 0x00, 0x00, 0x00, 0x00,
    0x17, 0x77, 0xab, 0xc7, 0xd4, 0xd8, 0xde, 0xff, 0xff, 0xff, 0x00, 0x00, 0x00, 0x00, 0x28, 0xed,
    0xff, 0xff, 0xff, 0xff, 0xff, 0xff, 0xff, 0xff, 0xff, 0x00, 0x00, 0x00, 0x00, 0xa4, 0xff, 0xff,
    0xff, 0xff, 0xff, 0xff, 0xff, 0xff, 0xff, 0xff, 0x00, 0x00, 0x00, 0x00, 0xdf, 0xff, 0xff, 0x9d,
    0x17, 0x02, 0x00, 0x26, 0xff, 0xff, 0xff, 0x00, 0x00, 0x00, 0x00, 0xf8, 0xff, 0xff, 0x33, 0x00,
    0x00, 0x00, 0x33, 0xff, 0xff, 0xff, 0x00, 0x00, 0x00, 0x00, 0xff, 0xff, 0xff, 0x27, 0x00, 0x00,
    0x00, 0x58, 0xff, 0xff, 0xff, 0x00, 0x00, 0x00, 0x00, 0xf8, 0xff, 0xff, 0x5b, 0x00, 0x00, 0x12,
    0xc9, 0xff, 0xff, 0xff, 0x00, 0x00, 0x00, 0x00, 0xdd, 0xff, 0xff, 0xfe, 0xdf, 0xde, 0xfb, 0xff,
    0xfe, 0xff, 0xff, 0x00, 0x00, 0x00, 0x00, 0x96, 0xff, 0xff, 0xff, 0xff, 0xff, 0xff, 0xcc, 0xd4,
    0xff, 0xff, 0x00, 0x00, 0x00, 0x00, 0x0f, 0x96, 0xdd, 0xf8, 0xff, 0xf5, 0xc8, 0x2e, 0xd4, 0xff,
    0xff, 0x00, 0x00, 0x00, 0x00, 0x00, 0x1b, 0x93, 0xd3, 0xf1, 0xfe, 0xfe, 0xf0, 0xcc, 0x73, 0x02,
    0x00, 0x00, 0x00, 0x00, 0x11, 0xe3, 0xff, 0xff, 0xff, 0xff, 0xff, 0xff, 0xff, 0xff, 0x71, 0x00,
    0x00, 0x00, 0x00, 0x78, 0xff, 0xff, 0xff, 0xfd, 0xdf, 0xdf, 0xfd, 0xff, 0xff, 0xcc, 0x00, 0x00,
    0x00, 0x00, 0xba, 0xff, 0xff, 0xd2, 0x16, 0x00, 0x00, 0x36, 0xff, 0xff, 0xf1, 0x00, 0x00, 0x00,
    0x00, 0xde, 0xff, 0xff, 0x66, 0x00, 0x00, 0x00, 0x00, 0xb6, 0xcc, 0xca, 0x00, 0x00, 0x00, 0x00,
    0xf2, 0xff, 0xff, 0x3a, 0x00, 0x00, 0x00, 0x00, 0x00, 0x00, 0x00, 0x00, 0x00, 0x00, 0x00, 0xfc,
    0xff, 0xff, 0x29, 0x00, 0x00, 0x00, 0x00, 0x00, 0x00, 0x00, 0x00, 0x00, 0x00, 0x00, 0xff, 0xff,
    0xff, 0x24, 0x00, 0x00, 0x00, 0x00, 0x00, 0x00, 0x00, 0x00, 0x00, 0x00, 0x00, 0xfc, 0xff, 0xff,
    0x28, 0x00, 0x00, 0x00, 0x00, 0x00, 0x00, 0x00, 0x00, 0x00, 0x00, 0x00, 0xf2, 0xff, 0xff, 0x38,
    0x00, 0x00, 0x00, 0x00, 0x00, 0x00, 0x00, 0x00, 0x00, 0x00, 0x00, 0xdd, 0xff, 0xff, 0x60, 0x00,
    0x00, 0x00, 0x00, 0x4d, 0x5c, 0x5c, 0x00, 0x00, 0x00, 0x00, 0xb8, 0xff, 0xff, 0xc5, 0x08, 0x00,
    0x00, 0x14, 0xf6, 0xff, 0xf8, 0x00, 0x00, 0x00, 0x00, 0x73, 0xff, 0xff, 0xff, 0xec, 0xbf, 0xbc,
    0xea, 0xff, 0xff, 0xd8, 0x00, 0x00, 0x00, 0x00, 0x0e, 0xdc, 0xff, 0xff, 0xff, 0xff, 0xff, 0xff,
    0xff, 0xff, 0x82, 0x00, 0x00, 0x00, 0x00, 0x00, 0x15, 0x8a, 0xcd, 0xfc, 0xff, 0xff, 0xf2, 0xd1,
    0x7f, 0x05, 0x00, 0x00, 0x00, 0x00, 0x00, 0x00, 0x00, 0x40, 0xfd, 0xfa, 0x37, 0x00, 0x00, 0x00,
    0x00, 0x00, 0x00, 0x00, 0x00, 0x00, 0x00, 0x02, 0xe4, 0xff, 0xf1, 0xba, 0x4b, 0x00, 0x00, 0x00,
    0x00, 0x00, 0x00, 0x00, 0x00, 0x00, 0x04, 0xe4, 0xea, 0xff, 0xff, 0xe7, 0x00, 0x00, 0x00, 0x00,
    0x00, 0x00, 0x00, 0x00, 0x00, 0x00, 0x01, 0x00, 0xcf, 0xff, 0xfe, 0x00, 0x00, 0x00, 0x00, 0x00,
    0x00, 0x00, 0x00, 0x00, 0x04, 0xe5, 0xd9, 0xff, 0xff, 0xe0, 0x00, 0x00, 0x00, 0x00, 0x00, 0x00,
    0x00, 0x00, 0x00, 0x03, 0xd4, 0xf9, 0xf9, 0xd2, 0x48, 0x00, 0x00, 0x00, 0x00, 0x00, 0x00, 0x00,
    0x00, 0x8b, 0xff, 0xff, 0xb8, 0x00, 0x00, 0x00, 0x00, 0x00, 0x00, 0x00, 0x00, 0x00, 0x00, 0x00,
    0x04, 0xc2, 0xff, 0xff, 0x57, 0x00, 0x00, 0x00, 0x00, 0x00, 0x00, 0x00, 0x00, 0x00, 0x00, 0x00,
    0x1a, 0xe8, 0xff, 0xe7, 0x0f, 0x00, 0x00, 0x00, 0x00, 0x00, 0x00, 0x00, 0x00, 0x00, 0x00, 0x00,
    0x41, 0xfd, 0xff, 0x94, 0x00, 0x00, 0x00, 0x00, 0x00, 0x00, 0x00, 0x00, 0x00, 0x00, 0x00, 0x00,
    0x00, 0x00, 0x00, 0x00, 0x00, 0x00, 0x00, 0x00, 0x00, 0x00, 0x00, 0x00, 0x00, 0x00, 0x00, 0x00,
    0x00, 0x00, 0x00, 0x00, 0x00, 0x00, 0x00, 0x00, 0x00, 0x00, 0x00, 0x28, 0xa4, 0xdf, 0xf8, 0xfe,
    0xf6, 0xd9, 0x9d, 0x26, 0x00, 0x00, 0x00, 0x00, 0x00, 0x1c, 0xef, 0xff, 0xff, 0xff, 0xff, 0xff,
    0xff, 0xff, 0xef, 0x20, 0x00, 0x00, 0x00, 0x00, 0x83, 0xff, 0xff, 0xff, 0xf2, 0xda, 0xeb, 0xff,
    0xff, 0xff, 0x92, 0x00, 0x00, 0x00, 0x00, 0xc1, 0xff, 0xff, 0xa5, 0x05, 0x00, 0x01, 0x86, 0xff,
    0xff, 0xd5, 0x00, 0x00, 0x00, 0x00, 0xe1, 0xff, 0xff, 0x3f, 0x00, 0x00, 0x00, 0x1b, 0xff, 0xff,
    0xf7, 0x00, 0x00, 0x00, 0x00, 0xf4, 0xff, 0xff, 0x27, 0x00, 0x00, 0x00, 0x03, 0xff, 0xff, 0xff,
    0x0e, 0x00, 0x00, 0x00, 0xfd, 0xff, 0xff, 0xff, 0xff, 0xff, 0xff, 0xff, 0xff, 0xff, 0xff, 0x19,
    0x00, 0x00, 0x00, 0xff, 0xff, 0xff, 0xff, 0xff, 0xff, 0xff, 0xff, 0xff, 0xff, 0xff, 0x21, 0x00,
    0x00, 0x00, 0xfb, 0xff, 0xff, 0xdb, 0xd8, 0xd8, 0xd8, 0xd8, 0xd8, 0xd8, 0xd8, 0x1e, 0x00, 0x00,
    0x00, 0xf1, 0xff, 0xff, 0x25, 0x00, 0x00, 0x00, 0x00, 0x00, 0x00, 0x00, 0x00, 0x00, 0x00, 0x00,
    0xdb, 0xff, 0xff, 0x4b, 0x00, 0x00, 0x00, 0x08, 0x38, 0x38, 0x34, 0x00, 0x00, 0x00, 0x00, 0xb6,
    0xff, 0xff, 0xb7, 0x0a, 0x00, 0x00, 0x6e, 0xff, 0xff, 0xd3, 0x00, 0x00, 0x00, 0x00, 0x70, 0xff,
    0xff, 0xff, 0xf7, 0xdb, 0xe0, 0xff, 0xff, 0xff, 0x9a, 0x00, 0x00, 0x00, 0x00, 0x0d, 0xdc, 0xff,
    0xff, 0xff, 0xff, 0xff, 0xff, 0xff, 0xfd, 0x37, 0x00, 0x00, 0x00, 0x00, 0x00, 0x16, 0x8e, 0xd0,
    0xf1, 0xfe, 0xfd, 0xee, 0xc1, 0x4c, 0x00, 0x00, 0x00, 0x00, 0x00, 0x00, 0x00, 0x00, 0x00, 0x00,
    0x01, 0xbf, 0xff, 0xff, 0x85, 0x00, 0x00, 0x00, 0x00, 0x00, 0x00, 0x00, 0x00, 0x00, 0x00, 0x60,
    0xff, 0xff, 0xbc, 0x03, 0x00, 0x00, 0x00, 0x00, 0x00, 0x00, 0x00, 0x00, 0x00, 0x14, 0xec, 0xff,
    0xe4, 0x16, 0x00, 0x00, 0x00, 0x00, 0x00, 0x00, 0x00, 0x00, 0x00, 0x00, 0xa0, 0xff, 0xfa, 0x39,
    0x00, 0x00, 0x00, 0x00, 0x00, 0x00, 0x00, 0x00, 0x00, 0x00, 0x00, 0x00, 0x00, 0x00, 0x00, 0x00,
    0x00, 0x00, 0x00, 0x00, 0x00, 0x00, 0x00, 0x00, 0x00, 0x00, 0x00, 0x00, 0x00, 0x00, 0x00, 0x00,
    0x00, 0x00, 0x00, 0x00, 0x00, 0x00, 0x28, 0xa4, 0xdf, 0xf8, 0xfe, 0xf6, 0xd9, 0x9d, 0x26, 0x00,
    0x00, 0x00, 0x00, 0x00, 0x1c, 0xef, 0xff, 0xff, 0xff, 0xff, 0xff, 0xff, 0xff, 0xef, 0x20, 0x00,
    0x00, 0x00, 0x00, 0x83, 0xff, 0xff, 0xff, 0xf2, 0xda, 0xeb, 0xff, 0xff, 0xff, 0x92, 0x00, 0x00,
    0x00, 0x00, 0xc1, 0xff, 0xff, 0xa5, 0x05, 0x00, 0x01, 0x86, 0xff, 0xff, 0xd5, 0x00, 0x00, 0x00,
    0x00, 0xe1, 0xff, 0xff, 0x3f, 0x00, 0x00, 0x00, 0x1b, 0xff, 0xff, 0xf7, 0x00, 0x00, 0x00, 0x00,
    0xf4, 0xff, 0xff, 0x27, 0x00, 0x00, 0x00, 0x03, 0xff, 0xff, 0xff, 0x0e, 0x00, 0x00, 0x00, 0xfd,
    0xff, 0xff, 0xff, 0xff, 0xff, 0xff, 0xff, 0xff, 0xff, 0xff, 0x19, 0x00, 0x00, 0x00, 0xff, 0xff,
    0xff, 0xff, 0xff, 0xff, 0xff, 0xff, 0xff, 0xff, 0xff, 0x21, 0x00, 0x00, 0x00, 0xfb, 0xff, 0xff,
    0xdb, 0xd8, 0xd8, 0xd8, 0xd8, 0xd8, 0xd8, 0xd8, 0x1e, 0x00, 0x00, 0x00, 0xf1, 0xff, 0xff, 0x25,
    0x00, 0x00, 0x00, 0x00, 0x00, 0x00, 0x00, 0x00, 0x00, 0x00, 0x00, 0xdb, 0xff, 0xff, 0x4b, 0x00,
    0x00, 0x00, 0x08, 0x38, 0x38, 0x34, 0x00, 0x00, 0x00, 0x00, 0xb6, 0xff, 0xff, 0xb7, 0x0a, 0x00,
    0x00, 0x6e, 0xff, 0xff, 0xd3, 0x00, 0x00, 0x00, 0x00, 0x70, 0xff, 0xff, 0xff, 0xf7, 0xdb, 0xe0,
    0xff, 0xff, 0xff, 0x9a, 0x00, 0x00, 0x00, 0x00, 0x0d, 0xdc, 0xff, 0xff, 0xff, 0xff, 0xff, 0xff,
    0xff, 0xfd, 0x37, 0x00, 0x00, 0x00, 0x00, 0x00, 0x16, 0x8e, 0xd0, 0xf1, 0xfe, 0xfd, 0xee, 0xc1,
    0x4c, 0x00, 0x00, 0x00, 0x00, 0x00, 0x00, 0xff, 0xff, 0xff, 0x24, 0x00, 0x24, 0xff, 0xff, 0xff,
    0x00, 0x00, 0x00, 0x00, 0x00, 0x00, 0xff, 0xff, 0xff, 0x24, 0x00, 0x24, 0xff, 0xff, 0xff, 0x00,
    0x00, 0x00, 0x00, 0x00, 0x00, 0xd8, 0xd8, 0xd8, 0x1e, 0x00, 0x1e, 0xd8, 0xd8, 0xd8, 0x00, 0x00,
    0x00, 0x00, 0x00, 0x00, 0x00, 0x00, 0x00, 0x00, 0x00, 0x00, 0x00, 0x00, 0x00, 0x00, 0x00, 0x00,
    0x00, 0x00, 0x00, 0x00, 0x00, 0x00, 0x00, 0x00, 0x00, 0x00, 0x00, 0x00, 0x00, 0x00, 0x00, 0x00,
    0x00, 0x00, 0x28, 0xa4, 0xdf, 0xf8, 0xfe, 0xf6, 0xd9, 0x9d, 0x26, 0x00, 0x00, 0x00, 0x00, 0x00,
    0x1c, 0xef, 0xff, 0xff, 0xff, 0xff, 0xff, 0xff, 0xff, 0xef, 0x20, 0x00, 0x00, 0x00, 0x00, 0x83,
    0xff, 0xff, 0xff, 0xf2, 0xda, 0xeb, 0xff, 0xff, 0xff, 0x92, 0x00, 0x00, 0x00, 0x00, 0xc1, 0xff,
    0xff, 0xa5, 0x05, 0x00, 0x01, 0x86, 0xff, 0xff, 0xd5, 0x00, 0x00, 0x00, 0x00, 0xe1, 0xff, 0xff,
    0x3f, 0x00, 0x00, 0x00, 0x1b, 0xff, 0xff, 0xf7, 0x00, 0x00, 0x00, 0x00, 0xf4, 0xff, 0xff, 0x27,
    0x00, 0x00, 0x00, 0x03, 0xff, 0xff, 0xff, 0x0e, 0x00, 0x00, 0x00, 0xfd, 0xff, 0xff, 0xff, 0xff,
    0xff, 0xff, 0xff, 0xff, 0xff, 0xff, 0x19, 0x00, 0x00, 0x00, 0xff, 0xff, 0xff, 0xff, 0xff, 0xff,
    0xff, 0xff, 0xff, 0xff, 0xff, 0x21, 0x00, 0x00, 0x00, 0xfb, 0xff, 0xff, 0xdb, 0xd8, 0xd8, 0xd8,
    0xd8, 0xd8, 0xd8, 0xd8, 0x1e, 0x00, 0x00, 0x00, 0xf1, 0xff, 0xff, 0x25, 0x00, 0x00, 0x00, 0x00,
    0x00, 0x00, 0x00, 0x00, 0x00, 0x00, 0x00, 0xdb, 0xff, 0xff, 0x4b, 0x00, 0x00, 0x00, 0x06, 0x38,
    0x38, 0x34, 0x00, 0x00, 0x00, 0x00, 0xb6, 0xff, 0xff, 0xb8, 0x0b, 0x00, 0x00, 0x65, 0xff, 0xff,
    0xd3, 0x00, 0x00, 0x00, 0x00, 0x70, 0xff, 0xff, 0xff, 0xf7, 0xdb, 0xe0, 0xff, 0xff, 0xff, 0x9a,
    0x00, 0x00, 0x00, 0x00, 0x0d, 0xdc, 0xff, 0xff, 0xff, 0xff, 0xff, 0xff, 0xff, 0xfd, 0x37, 0x00,
    0x00, 0x00, 0x00, 0x00, 0x16, 0x8e, 0xd0, 0xf1, 0xfe, 0xfd, 0xee, 0xc1, 0x4c, 0x00, 0x00, 0x00,
    0x00, 0x00, 0x00, 0x5e, 0xff, 0xff, 0xde, 0x0c, 0x00, 0x00, 0x00, 0x00, 0x00, 0x00, 0x00, 0x00,
    0x00, 0x00, 0x00, 0x9a, 0xff, 0xff, 0x98, 0x00, 0x00, 0x00, 0x00, 0x00, 0x00, 0x00, 0x00, 0x00,
    0x00, 0x00, 0x08, 0xcf, 0xff, 0xff, 0x45, 0x00, 0x00, 0x00, 0x00, 0x00, 0x00, 0x00, 0x00, 0x00,
    0x00, 0x00, 0x23, 0xf0, 0xff, 0xe2, 0x0e, 0x00, 0x00, 0x00, 0x00, 0x00, 0x00, 0x00, 0x00, 0x00,
    0x00, 0x00, 0x00, 0x00, 0x00, 0x00, 0x00, 0x00, 0x00, 0x00, 0x00, 0x00, 0x00, 0x00, 0x00, 0x00,
    0x00, 0x00, 0x00, 0x00, 0x00, 0x00, 0x00, 0x00, 0x00, 0x00, 0x00, 0x00, 0x00, 0xc0, 0xff, 0xff,
    0xff, 0xff, 0xff, 0xff, 0x00, 0x00, 0x00, 0x00, 0x00, 0x00, 0x00, 0x00, 0xc0, 0xff, 0xff, 0xff,
    0xff, 0xff, 0xff, 0x00, 0x00, 0x00, 0x00, 0x00, 0x00, 0x00, 0x00, 0xa2, 0xd8, 0xd8, 0xde, 0xff,
    0xff, 0xff, 0x00, 0x00, 0x00, 0x00, 0x00, 0x00, 0x00, 0x00, 0x00, 0x00, 0x00, 0x24, 0xff, 0xff,
    0xff, 0x00, 0x00, 0x00, 0x00, 0x00, 0x00, 0x00, 0x00, 0x00, 0x00, 0x00, 0x24, 0xff, 0xff, 0xff,
    0x00, 0x00, 0x00, 0x00, 0x00, 0x00, 0x00, 0x00, 0x00, 0x00, 0x00, 0x24, 0xff, 0xff, 0xff, 0x00,
    0x00, 0x00, 0x00, 0x00, 0x00, 0x00, 0x00, 0x00, 0x00, 0x00, 0x24, 0xff, 0xff, 0xff, 0x00, 0x00,
    0x00, 0x00, 0x00, 0x00, 0x00, 0x00, 0x00, 0x00, 0x00, 0x24, 0xff, 0xff, 0xff, 0x00, 0x00, 0x00,
    0x00, 0x00, 0x00, 0x00, 0x00, 0x00, 0x00, 0x00, 0x24, 0xff, 0xff, 0xff, 0x00, 0x00, 0x00, 0x00,
    0x00, 0x00, 0x00, 0x00, 0x00, 0x00, 0x00, 0x24, 0xff, 0xff, 0xff, 0x00, 0x00, 0x00, 0x00, 0x00,
    0x00, 0x00, 0x00, 0x00, 0x00, 0x00, 0x24, 0xff, 0xff, 0xff, 0x00, 0x00, 0x00, 0x00, 0x00, 0x00,
    0x00, 0x00, 0x00, 0x00, 0x00, 0x24, 0xff, 0xff, 0xff, 0x00, 0x00, 0x00, 0x00, 0x00, 0x00, 0x00,
    0x00, 0xd8, 0xd8, 0xd8, 0xde, 0xff, 0xff, 0xff, 0xd8, 0xd8, 0xd8, 0xd8, 0x00, 0x00, 0x00, 0x00,
    0xff, 0xff, 0xff, 0xff, 0xff, 0xff, 0xff, 0xff, 0xff, 0xff, 0xff, 0x00, 0x00, 0x00, 0x00, 0xff,
    0xff, 0xff, 0xff, 0xff, 0xff, 0xff, 0xff, 0xff, 0xff, 0xff, 0x00, 0x00, 0x00, 0x00, 0x00, 0x00,
    0x00, 0x00, 0x00, 0x6a, 0xff, 0xff, 0xf0, 0x26, 0x00, 0x00, 0x00, 0x00, 0x00, 0x00, 0x00, 0x00,
    0x00, 0x23, 0xf5, 0xff, 0xfd, 0x47, 0x00, 0x00, 0x00, 0x00, 0x00, 0x00, 0x00, 0x00, 0x00, 0x02,
    0xc3, 0xff, 0xff, 0x70, 0x00, 0x00, 0x00, 0x00, 0x00, 0x00, 0x00, 0x00, 0x00, 0x00, 0x70, 0xff,
    0xff, 0x9e, 0x00, 0x00, 0x00, 0x00, 0x00, 0x00, 0x00, 0x00, 0x00, 0x00, 0x00, 0x00, 0x00, 0x00,
    0x00, 0x00, 0x00, 0x00, 0x00, 0x00, 0x00, 0x00, 0x00, 0x00, 0x00, 0x00, 0x00, 0x00, 0x00, 0x00,
    0x00, 0x00, 0x00, 0x00, 0x00, 0x00, 0x00, 0x00, 0xc0, 0xff, 0xff, 0xff, 0xff, 0xff, 0xff, 0x00,
    0x00, 0x00, 0x00, 0x00, 0x00, 0x00, 0x00, 0xc0, 0xff, 0xff, 0xff, 0xff, 0xff, 0xff, 0x00, 0x00,
    0x00, 0x00, 0x00, 0x00, 0x00, 0x00, 0xa2, 0xd8, 0xd8, 0xde, 0xff, 0xff, 0xff, 0x00, 0x00, 0x00,
    0x00, 0x00, 0x00, 0x00, 0x00, 0x00, 0x00, 0x00, 0x24, 0xff, 0xff, 0xff, 0x00, 0x00, 0x00, 0x00,
    0x00, 0x00, 0x00, 0x00, 0x00, 0x00, 0x00, 0x24, 0xff, 0xff, 0xff, 0x00, 0x00, 0x00, 0x00, 0x00,
    0x00, 0x00, 0x00, 0x00, 0x00, 0x00, 0x24, 0xff, 0xff, 0xff, 0x00, 0x00, 0x00, 0x00, 0x00, 0x00,
    0x00, 0x00, 0x00, 0x00, 0x00, 0x24, 0xff, 0xff, 0xff, 0x00, 0x00, 0x00, 0x00, 0x00, 0x00, 0x00,
    0x00, 0x00, 0x00, 0x00, 0x24, 0xff, 0xff, 0xff, 0x00, 0x00, 0x00, 0x00, 0x00, 0x00, 0x00, 0x00,
    0x00, 0x00, 0x00, 0x24, 0xff, 0xff, 0xff, 0x00, 0x00, 0x00, 0x00, 0x00, 0x00, 0x00, 0x00, 0x00,
    0x00, 0x00, 0x24, 0xff, 0xff, 0xff, 0x00, 0x00, 0x00, 0x00, 0x00, 0x00, 0x00, 0x00, 0x00, 0x00,
    0x00, 0x24, 0xff, 0xff, 0xff, 0x00, 0x00, 0x00, 0x00, 0x00, 0x00, 0x00, 0x00, 0x00, 0x00, 0x00,
    0x24, 0xff, 0xff, 0xff, 0x00, 0x00, 0x00, 0x00, 0x00, 0x00, 0x00, 0x00, 0xd8, 0xd8, 0xd8, 0xde,
    0xff, 0xff, 0xff, 0xd8, 0xd8, 0xd8, 0xd8, 0x00, 0x00, 0x00, 0x00, 0xff, 0xff, 0xff, 0xff, 0xff,
    0xff, 0xff, 0xff, 0xff, 0xff, 0xff, 0x00, 0x00, 0x00, 0x00, 0xff, 0xff, 0xff, 0xff, 0xff, 0xff,
    0xff, 0xff, 0xff, 0xff, 0xff, 0x00, 0x00, 0x00, 0x00, 0x24, 0xff, 0xff, 0xff, 0x00, 0x00, 0xff,
    0xff, 0xff, 0x24, 0x00, 0x00, 0x00, 0x00, 0x00, 0x24, 0xff, 0xff, 0xff, 0x00, 0x00, 0xff, 0xff,
    0xff, 0x24, 0x00, 0x00, 0x00, 0x00, 0x00, 0x1e, 0xd8, 0xd8, 0xd8, 0x00, 0x00, 0xd8, 0xd8, 0xd8,
    0x1e, 0x00, 0x00, 0x00, 0x00, 0x00, 0x00, 0x00, 0x00, 0x00, 0x00, 0x00, 0x00, 0x00, 0x00, 0x00,
    0x00, 0x00, 0x00, 0x00, 0x00, 0x00, 0x00, 0x00, 0x00, 0x00, 0x00, 0x00, 0x00, 0x00, 0x00, 0x00,
    0x00, 0x00, 0x00, 0x00, 0x24, 0xff, 0xff, 0xff, 0xff, 0xff, 0xff, 0x00, 0x00, 0x00, 0x00, 0x00,
    0x00, 0x00, 0x00, 0x24, 0xff, 0xff, 0xff, 0xff, 0xff, 0xff, 0x00, 0x00, 0x00, 0x00, 0x00, 0x00,
    0x00, 0x00, 0x1e, 0xd8, 0xd8, 0xd8, 0xff, 0xff, 0xff, 0x00, 0x00, 0x00, 0x00, 0x00, 0x00, 0x00,
    0x00, 0x00, 0x00, 0x00, 0x00, 0xff, 0xff, 0xff, 0x00, 0x00, 0x00, 0x00, 0x00, 0x00, 0x00, 0x00,
    0x00, 0x00, 0x00, 0x00, 0xff, 0xff, 0xff, 0x00, 0x00, 0x00, 0x00, 0x00, 0x00, 0x00, 0x00, 0x00,
    0x00, 0x00, 0x00, 0xff, 0xff, 0xff, 0x00, 0x00, 0x00, 0x00, 0x00, 0x00, 0x00, 0x00, 0x00, 0x00,
    0x00, 0x00, 0xff, 0xff, 0xff, 0x00, 0x00, 0x00, 0x00, 0x00, 0x00, 0x00, 0x00, 0x00, 0x00, 0x00,
    0x00, 0xff, 0xff, 0xff, 0x00, 0x00, 0x00, 0x00, 0x00, 0x00, 0x00, 0x00, 0x00, 0x00, 0x00, 0x00,
    0xff, 0xff, 0xff, 0x00, 0x00, 0x00, 0x00, 0x00, 0x00, 0x00, 0x00, 0x00, 0x00, 0x00, 0x00, 0xff,
    0xff, 0xff, 0x00, 0x00, 0x00, 0x00, 0x00, 0x00, 0x00, 0x00, 0x00, 0x00, 0x00, 0x00, 0xff, 0xff,
    0xff, 0x00, 0x00, 0x00, 0x00, 0x00, 0x00, 0x00, 0x00, 0x00, 0x00, 0x00, 0x00, 0xff, 0xff, 0xff,
    0x00, 0x00, 0x00, 0x00, 0x00, 0x00, 0x00, 0x00, 0xd8, 0xd8, 0xd8, 0xd8, 0xff, 0xff, 0xff, 0xd8,
    0xd8, 0xd8, 0xd8, 0x00, 0x00, 0x00, 0x00, 0xff, 0xff, 0xff, 0xff, 0xff, 0xff, 0xff, 0xff, 0xff,
    0xff, 0xff, 0x00, 0x00, 0x00, 0x00, 0xff, 0xff, 0xff, 0xff, 0xff, 0xff, 0xff, 0xff, 0xff, 0xff,
    0xff, 0x00, 0x00, 0x00, 0x07, 0x5f, 0x86, 0x89, 0x61, 0x05, 0x00, 0x00, 0x00, 0x00, 0x00, 0x00,
    0x00, 0x00, 0x00, 0x9e, 0xff, 0xff, 0xff, 0xff, 0xb7, 0x06, 0x1e, 0xb8, 0xb7, 0x00, 0x00, 0x00,
    0x00, 0x00, 0xe9, 0xff, 0xff, 0xb7, 0xf8, 0xff, 0xa9, 0x6a, 0xff, 0xf3, 0x00, 0x00, 0x00, 0x00,
    0x00, 0xfd, 0xff, 0xff, 0x04, 0x68, 0xff, 0xff, 0xff, 0xff, 0xcb, 0x00, 0x00, 0x00, 0x00, 0x00,
    0x14, 0x14, 0x14, 0x00, 0x01, 0x99, 0xf9, 0xfb, 0xd5, 0x41, 0x00, 0x00, 0x00, 0x00, 0x00, 0x00,
    0x00, 0x00, 0x00, 0x00, 0x00, 0x00, 0x00, 0x00, 0x00, 0x00, 0x00, 0x00, 0x00, 0x00, 0x00, 0x00,
    0x00, 0x00, 0x00, 0x00, 0x00, 0x00, 0x00, 0x00, 0x00, 0x00, 0x00, 0x00, 0x00, 0xff, 0xff, 0x90,
    0x35, 0xc4, 0xf3, 0xff, 0xf6, 0xd6, 0x78, 0x01, 0x00, 0x00, 0x00, 0x00, 0xff, 0xff, 0x96, 0xe2,
    0xff, 0xff, 0xff, 0xff, 0xff, 0xff, 0x62, 0x00, 0x00, 0x00, 0x00, 0xff, 0xff, 0xe9, 0xff, 0xf5,
    0xdb, 0xea, 0xff, 0xff, 0xff, 0xbb, 0x00, 0x00, 0x00, 0x00, 0xff, 0xff, 0xff, 0xac, 0x08, 0x00,
    0x00, 0x87, 0xff, 0xff, 0xe2, 0x00, 0x00, 0x00, 0x00, 0xff, 0xff, 0xff, 0x37, 0x00, 0x00, 0x00,
    0x38, 0xff, 0xff, 0xf5, 0x00, 0x00, 0x00, 0x00, 0xff, 0xff, 0xff, 0x13, 0x00, 0x00, 0x00, 0x29,
    0xff, 0xff, 0xfb, 0x00, 0x00, 0x00, 0x00, 0xff, 0xff, 0xff, 0x04, 0x00, 0x00, 0x00, 0x28, 0xff,
    0xff, 0xfc, 0x00, 0x00, 0x00, 0x00, 0xff, 0xff, 0xff, 0x00, 0x00, 0x00, 0x00, 0x28, 0xff, 0xff,
    0xfc, 0x00, 0x00, 0x00, 0x00, 0xff, 0xff, 0xff, 0x00, 0x00, 0x00, 0x00, 0x28, 0xff, 0xff, 0xfc,
    0x00, 0x00, 0x00, 0x00, 0xff, 0xff, 0xff, 0x00, 0x00, 0x00, 0x00, 0x28, 0xff, 0xff, 0xfc, 0x00,
    0x00, 0x00, 0x00, 0xff, 0xff, 0xff, 0x00, 0x00, 0x00, 0x00, 0x28, 0xff, 0xff, 0xfc, 0x00, 0x00,
    0x00, 0x00, 0xff, 0xff, 0xff, 0x00, 0x00, 0x00, 0x00, 0x28, 0xff, 0xff, 0xfc, 0x00, 0x00, 0x00,
    0x00, 0xff, 0xff, 0xff, 0x00, 0x00, 0x00, 0x00, 0x28, 0xff, 0xff, 0xfc, 0x00, 0x00, 0x00, 0x00,
    0xff, 0xff, 0xff, 0x00, 0x00, 0x00, 0x00, 0x28, 0xff, 0xff, 0xfc, 0x00, 0x00, 0x00, 0x00, 0xff,
    0xff, 0xff, 0x00, 0x00, 0x00, 0x00, 0x28, 0xff, 0xff, 0xfc, 0x00, 0x00, 0x00, 0x00, 0x22, 0xef,
    0xff, 0xff, 0x41, 0x00, 0x00, 0x00, 0x00, 0x00, 0x00, 0x00, 0x00, 0x00, 0x00, 0x00, 0x4c, 0xff,
    0xff, 0xdd, 0x0b, 0x00, 0x00, 0x00, 0x00, 0x00, 0x00, 0x00, 0x00, 0x00, 0x00, 0x00, 0x86, 0xff,
    0xff, 0x92, 0x00, 0x00, 0x00, 0x00, 0x00, 0x00, 0x00, 0x00, 0x00, 0x00, 0x00, 0x03, 0xbc, 0xff,
    0xfe, 0x3e, 0x00, 0x00, 0x00, 0x00, 0x00, 0x00, 0x00, 0x00, 0x00, 0x00, 0x00, 0x00, 0x00, 0x00,
    0x00, 0x00, 0x00, 0x00, 0x00, 0x00, 0x00, 0x00, 0x00, 0x00, 0x00, 0x00, 0x00, 0x00, 0x00, 0x00,
    0x00, 0x00, 0x00, 0x00, 0x00, 0x00, 0x00, 0x00, 0x17, 0x8a, 0xcd, 0xed, 0xfd, 0xfe, 0xf2, 0xd5,
    0x97, 0x21, 0x00, 0x00, 0x00, 0x00, 0x11, 0xe1, 0xff, 0xff, 0xff, 0xff, 0xff, 0xff, 0xff, 0xff,
    0xee, 0x24, 0x00, 0x00, 0x00, 0x78, 0xff, 0xff, 0xff, 0xfd, 0xdf, 0xdd, 0xf9, 0xff, 0xff, 0xff,
    0x9b, 0x00, 0x00, 0x00, 0xbb, 0xff, 0xff, 0xd0, 0x18, 0x00, 0x00, 0x0d, 0xb7, 0xff, 0xff, 0xdf,
    0x00, 0x00, 0x00, 0xdf, 0xff, 0xff, 0x5e, 0x00, 0x00, 0x00, 0x00, 0x3e, 0xff, 0xff, 0xfe, 0x04,
    0x00, 0x00, 0xf2, 0xff, 0xff, 0x37, 0x00, 0x00, 0x00, 0x00, 0x14, 0xff, 0xff, 0xff, 0x16, 0x00,
    0x00, 0xfc, 0xff, 0xff, 0x28, 0x00, 0x00, 0x00, 0x00, 0x04, 0xff, 0xff, 0xff, 0x1f, 0x00, 0x00,
    0xff, 0xff, 0xff, 0x24, 0x00, 0x00, 0x00, 0x00, 0x00, 0xff, 0xff, 0xff, 0x24, 0x00, 0x00, 0xfc,
    0xff, 0xff, 0x29, 0x00, 0x00, 0x00, 0x00, 0x04, 0xff, 0xff, 0xff, 0x1f, 0x00, 0x00, 0xf2, 0xff,
    0xff, 0x3a, 0x00, 0x00, 0x00, 0x00, 0x15, 0xff, 0xff, 0xff, 0x16, 0x00, 0x00, 0xde, 0xff, 0xff,
    0x66, 0x00, 0x00, 0x00, 0x00, 0x3f, 0xff, 0xff, 0xfe, 0x04, 0x00, 0x00, 0xbb, 0xff, 0xff, 0xd3,
    0x16, 0x00, 0x00, 0x0f, 0xbd, 0xff, 0xff, 0xde, 0x00, 0x00, 0x00, 0x76, 0xff, 0xff, 0xff, 0xfd,
    0xdf, 0xdc, 0xfa, 0xff, 0xff, 0xff, 0x98, 0x00, 0x00, 0x00, 0x10, 0xdf, 0xff, 0xff, 0xff, 0xff,
    0xff, 0xff, 0xff, 0xff, 0xee, 0x21, 0x00, 0x00, 0x00, 0x00, 0x17, 0x8a, 0xcd, 0xee, 0xfd, 0xfe,
    0xf2, 0xd5, 0x98, 0x21, 0x00, 0x00, 0x00, 0x00, 0x00, 0x00, 0x00, 0x00, 0x00, 0x00, 0x2c, 0xf9,
    0xff, 0xf9, 0x34, 0x00, 0x00, 0x00, 0x00, 0x00, 0x00, 0x00, 0x00, 0x00, 0x03, 0xc8, 0xff, 0xff,
    0x67, 0x00, 0x00, 0x00, 0x00, 0x00, 0x00, 0x00, 0x00, 0x00, 0x00, 0x75, 0xff, 0xff, 0xa2, 0x00,
    0x00, 0x00, 0x00, 0x00, 0x00, 0x00, 0x00, 0x00, 0x00, 0x25, 0xf6, 0xff, 0xd2, 0x09, 0x00, 0x00,
    0x00, 0x00, 0x00, 0x00, 0x00, 0x00, 0x00, 0x00, 0x00, 0x00, 0x00, 0x00, 0x00, 0x00, 0x00, 0x00,
    0x00, 0x00, 0x00, 0x00, 0x00, 0x00, 0x00, 0x00, 0x00, 0x00, 0x00, 0x00, 0x00, 0x00, 0x00, 0x00,
    0x00, 0x00, 0x00, 0x17, 0x8a, 0xcd, 0xed, 0xfd, 0xfe, 0xf2, 0xd5, 0x97, 0x21, 0x00, 0x00, 0x00,
    0x00, 0x11, 0xe1, 0xff, 0xff, 0xff, 0xff, 0xff, 0xff, 0xff, 0xff, 0xee, 0x24, 0x00, 0x00, 0x00,
    0x78, 0xff, 0xff, 0xff, 0xfd, 0xdf, 0xdd, 0xf9, 0xff, 0xff, 0xff, 0x9b, 0x00, 0x00, 0x00, 0xbb,
    0xff, 0xff, 0xd0, 0x18, 0x00, 0x00, 0x0d, 0xb7, 0xff, 0xff, 0xdf, 0x00, 0x00, 0x00, 0xdf, 0xff,
    0xff, 0x5e, 0x00, 0x00, 0x00, 0x00, 0x3e, 0xff, 0xff, 0xfe, 0x04, 0x00, 0x00, 0xf2, 0xff, 0xff,
    0x37, 0x00, 0x00, 0x00, 0x00, 0x14, 0xff, 0xff, 0xff, 0x16, 0x00, 0x00, 0xfc, 0xff, 0xff, 0x28,
    0x00, 0x00, 0x00, 0x00, 0x04, 0xff, 0xff, 0xff, 0x1f, 0x00, 0x00, 0xff, 0xff, 0xff, 0x24, 0x00,
    0x00, 0x00, 0x00, 0x00, 0xff, 0xff, 0xff, 0x24, 0x00, 0x00, 0xfc, 0xff, 0xff, 0x29, 0x00, 0x00,
    0x00, 0x00, 0x04, 0xff, 0xff, 0xff, 0x1f, 0x00, 0x00, 0xf2, 0xff, 0xff, 0x3a, 0x00, 0x00, 0x00,
    0x00, 0x15, 0xff, 0xff, 0xff, 0x16, 0x00, 0x00, 0xde, 0xff, 0xff, 0x66, 0x00, 0x00, 0x00, 0x00,
    0x3f, 0xff, 0xff, 0xfe, 0x04, 0x00, 0x00, 0xbb, 0xff, 0xff, 0xd3, 0x16, 0x00, 0x00, 0x0f, 0xbd,
    0xff, 0xff, 0xde, 0x00, 0x00, 0x00, 0x76, 0xff, 0xff, 0xff, 0xfd, 0xdf, 0xdc, 0xfa, 0xff, 0xff,
    0xff, 0x98, 0x00, 0x00, 0x00, 0x10, 0xdf, 0xff, 0xff, 0xff, 0xff, 0xff, 0xff, 0xff, 0xff, 0xee,
    0x21, 0x00, 0x00, 0x00, 0x00, 0x17, 0x8a, 0xcd, 0xee, 0xfd, 0xfe, 0xf2, 0xd5, 0x98, 0x21, 0x00,
    0x00, 0x00, 0x00, 0x00, 0x24, 0xff, 0xff, 0xff, 0x00, 0x00, 0xff, 0xff, 0xff, 0x24, 0x00, 0x00,
    0x00, 0x00, 0x00, 0x24, 0xff, 0xff, 0xff, 0x00, 0x00, 0xff, 0xff, 0xff, 0x24, 0x00, 0x00, 0x00,
    0x00, 0x00, 0x1e, 0xd8, 0xd8, 0xd8, 0x00, 0x00, 0xd8, 0xd8, 0xd8, 0x1e, 0x00, 0x00, 0x00, 0x00,
    0x00, 0x00, 0x00, 0x00, 0x00, 0x00, 0x00, 0x00, 0x00, 0x00, 0x00, 0x00, 0x00, 0x00, 0x00, 0x00,
    0x00, 0x00, 0x00, 0x00, 0x00, 0x00, 0x00, 0x00, 0x00, 0x00, 0x00, 0x00, 0x00, 0x00, 0x00, 0x17,
    0x8a, 0xcd, 0xed, 0xfd, 0xfe, 0xf2, 0xd5, 0x97, 0x21, 0x00, 0x00, 0x00, 0x00, 0x11, 0xe1, 0xff,
    0xff, 0xff, 0xff, 0xff, 0xff, 0xff, 0xff, 0xee, 0x24, 0x00, 0x00, 0x00, 0x78, 0xff, 0xff, 0xff,
    0xfd, 0xdf, 0xdd, 0xf9, 0xff, 0xff, 0xff, 0x9b, 0x00, 0x00, 0x00, 0xbb, 0xff, 0xff, 0xd0, 0x18,
    0x00, 0x00, 0x0d, 0xb7, 0xff, 0xff, 0xdf, 0x00, 0x00, 0x00, 0xdf, 0xff, 0xff, 0x5e, 0x00, 0x00,
    0x00, 0x00, 0x3e, 0xff, 0xff, 0xfe, 0x04, 0x00, 0x00, 0xf2, 0xff, 0xff, 0x37, 0x00, 0x00, 0x00,
    0x00, 0x14, 0xff, 0xff, 0xff, 0x16, 0x00, 0x00, 0xfc, 0xff, 0xff, 0x28, 0x00, 0x00, 0x00, 0x00,
    0x04, 0xff, 0xff, 0xff, 0x1f, 0x00, 0x00, 0xff, 0xff, 0xff, 0x24, 0x00, 0x00, 0x00, 0x00, 0x00,
    0xff, 0xff, 0xff, 0x24, 0x00, 0x00, 0xfc, 0xff, 0xff, 0x29, 0x00, 0x00, 0x00, 0x00, 0x04, 0xff,
    0xff, 0xff, 0x1f, 0x00, 0x00, 0xf2, 0xff, 0xff, 0x3a, 0x00, 0x00, 0x00, 0x00, 0x15, 0xff, 0xff,
    0xff, 0x16, 0x00, 0x00, 0xde, 0xff, 0xff, 0x66, 0x00, 0x00, 0x00, 0x00, 0x3f, 0xff, 0xff, 0xfe,
    0x04, 0x00, 0x00, 0xbb, 0xff, 0xff, 0xd3, 0x16, 0x00, 0x00, 0x0f, 0xbd, 0xff, 0xff, 0xde, 0x00,
    0x00, 0x00, 0x76, 0xff, 0xff, 0xff, 0xfd, 0xdf, 0xdc, 0xfa, 0xff, 0xff, 0xff, 0x98, 0x00, 0x00,
    0x00, 0x10, 0xdf, 0xff, 0xff, 0xff, 0xff, 0xff, 0xff, 0xff, 0xff, 0xee, 0x21, 0x00, 0x00, 0x00,
    0x00, 0x17, 0x8a, 0xcd, 0xee, 0xfd, 0xfe, 0xf2, 0xd5, 0x98, 0x21, 0x00, 0x00, 0x00, 0x00, 0x00,
    0x00, 0xa9, 0xff, 0xff, 0xb0, 0x00, 0x00, 0x00, 0x00, 0x00, 0x00, 0x00, 0x00, 0x00, 0x00, 0x00,
    0x0c, 0xd6, 0xff, 0xff, 0x63, 0x00, 0x00, 0x00, 0x00, 0x00, 0x00, 0x00, 0x00, 0x00, 0x00, 0x00,
    0x2a, 0xf4, 0xff, 0xf3, 0x22, 0x00, 0x00, 0x00, 0x00, 0x00, 0x00, 0x00, 0x00, 0x00, 0x00, 0x00,
    0x57, 0xff, 0xff, 0xc4, 0x03, 0x00, 0x00, 0x00, 0x00, 0x00, 0x00, 0x00, 0x00, 0x00, 0x00, 0x00,
    0x00, 0x00, 0x00, 0x00, 0x00, 0x00, 0x00, 0x00, 0x00, 0x00, 0x00, 0x00, 0x00, 0x00, 0x00, 0x00,
    0x00, 0x00, 0x00, 0x00, 0x00, 0x00, 0x00, 0x00, 0x00, 0x00, 0xff, 0xff, 0xff, 0x24, 0x00, 0x00,
    0x00, 0x24, 0xff, 0xff, 0xff, 0x00, 0x00, 0x00, 0x00, 0xff, 0xff, 0xff, 0x24, 0x00, 0x00, 0x00,
    0x24, 0xff, 0xff, 0xff, 0x00, 0x00, 0x00, 0x00, 0xff, 0xff, 0xff, 0x24, 0x00, 0x00, 0x00, 0x24,
    0xff, 0xff, 0xff, 0x00, 0x00, 0x00, 0x00, 0xff, 0xff, 0xff, 0x24, 0x00, 0x00, 0x00, 0x24, 0xff,
    0xff, 0xff, 0x00, 0x00, 0x00, 0x00, 0xff, 0xff, 0xff, 0x24, 0x00, 0x00, 0x00, 0x24, 0xff, 0xff,
    0xff, 0x00, 0x00, 0x00, 0x00, 0xff, 0xff, 0xff, 0x24, 0x00, 0x00, 0x00, 0x24, 0xff, 0xff, 0xff,
    0x00, 0x00, 0x00, 0x00, 0xff, 0xff, 0xff, 0x24, 0x00, 0x00, 0x00, 0x24, 0xff, 0xff, 0xff, 0x00,
    0x00, 0x00, 0x00, 0xff, 0xff, 0xff, 0x24, 0x00, 0x00, 0x00, 0x24, 0xff, 0xff, 0xff, 0x00, 0x00,
    0x00, 0x00, 0xff, 0xff, 0xff, 0x24, 0x00, 0x00, 0x00, 0x28, 0xff, 0xff, 0xff, 0x00, 0x00, 0x00,
    0x00, 0xff, 0xff, 0xff, 0x25, 0x00, 0x00, 0x00, 0x35, 0xff, 0xff, 0xff, 0x00, 0x00, 0x00, 0x00,
    0xfa, 0xff, 0xff, 0x32, 0x00, 0x00, 0x00, 0x5a, 0xff, 0xff, 0xff, 0x00, 0x00, 0x00, 0x00, 0xea,
    0xff, 0xff, 0x84, 0x01, 0x00, 0x13, 0xc9, 0xff, 0xff, 0xff, 0x00, 0x00, 0x00, 0x00, 0xc8, 0xff,
    0xff, 0xff, 0xee, 0xe3, 0xfc, 0xff, 0xe9, 0xff, 0xff, 0x00, 0x00, 0x00, 0x00, 0x74, 0xff, 0xff,
    0xff, 0xff, 0xff, 0xff, 0xcd, 0xb0, 0xff, 0xff, 0x00, 0x00, 0x00, 0x00, 0x03, 0x81, 0xd8, 0xf8,
    0xff, 0xf3, 0xbe, 0x27, 0xb0, 0xff, 0xff, 0x00, 0x00, 0x00, 0x00, 0x00, 0x00, 0x00, 0x00, 0x00,
    0x00, 0x9a, 0xff, 0xff, 0xb9, 0x03, 0x00, 0x00, 0x00, 0x00, 0x00, 0x00, 0x00, 0x00, 0x00, 0x4c,
    0xff, 0xff, 0xe3, 0x15, 0x00, 0x00, 0x00, 0x00, 0x00, 0x00, 0x00, 0x00, 0x00, 0x15, 0xe9, 0xff,
    0xfa, 0x37, 0x00, 0x00, 0x00, 0x00, 0x00, 0x00, 0x00, 0x00, 0x00, 0x00, 0xae, 0xff, 0xff, 0x6b,
    0x00, 0x00, 0x00, 0x00, 0x00, 0x00, 0x00, 0x00, 0x00, 0x00, 0x00, 0x00, 0x00, 0x00, 0x00, 0x00,
    0x00, 0x00, 0x00, 0x00, 0x00, 0x00, 0x00, 0x00, 0x00, 0x00, 0x00, 0x00, 0x00, 0x00, 0x00, 0x00,
    0x00, 0x00, 0x00, 0x00, 0x00, 0xff, 0xff, 0xff, 0x24, 0x00, 0x00, 0x00, 0x24, 0xff, 0xff, 0xff,
    0x00, 0x00, 0x00, 0x00, 0xff, 0xff, 0xff, 0x24, 0x00, 0x00, 0x00, 0x24, 0xff, 0xff, 0xff, 0x00,
    0x00, 0x00, 0x00, 0xff, 0xff, 0xff, 0x24, 0x00, 0x00, 0x00, 0x24, 0xff, 0xff, 0xff, 0x00, 0x00,
    0x00, 0x00, 0xff, 0xff, 0xff, 0x24, 0x00, 0x00, 0x00, 0x24, 0xff, 0xff, 0xff, 0x00, 0x00, 0x00,
    0x00, 0xff, 0xff, 0xff, 0x24, 0x00, 0x00, 0x00, 0x24, 0xff, 0xff, 0xff, 0x00, 0x00, 0x00, 0x00,
    0xff, 0xff, 0xff, 0x24, 0x00, 0x00, 0x00, 0x24, 0xff, 0xff, 0xff, 0x00, 0x00, 0x00, 0x00, 0xff,
    0xff, 0xff, 0x24, 0x00, 0x00, 0x00, 0x24, 0xff, 0xff, 0xff, 0x00, 0x00, 0x00, 0x00, 0xff, 0xff,
    0xff, 0x24, 0x00, 0x00, 0x00, 0x24, 0xff, 0xff, 0xff, 0x00, 0x00, 0x00, 0x00, 0xff, 0xff, 0xff,
    0x24, 0x00, 0x00, 0x00, 0x28, 0xff, 0xff, 0xff, 0x00, 0x00, 0x00, 0x00, 0xff, 0xff, 0xff, 0x25,
    0x00, 0x00, 0x00, 0x35, 0xff, 0xff, 0xff, 0x00, 0x00, 0x00, 0x00, 0xfa, 0xff, 0xff, 0x32, 0x00,
    0x00, 0x00, 0x5a, 0xff, 0xff, 0xff, 0x00, 0x00, 0x00, 0x00, 0xea, 0xff, 0xff, 0x84, 0x01, 0x00,
    0x13, 0xc9, 0xff, 0xff, 0xff, 0x00, 0x00, 0x00, 0x00, 0xc8, 0xff, 0xff, 0xff, 0xee, 0xe3, 0xfc,
    0xff, 0xe9, 0xff, 0xff, 0x00, 0x00, 0x00, 0x00, 0x74, 0xff, 0xff, 0xff, 0xff, 0xff, 0xff, 0xcd,
    0xb0, 0xff, 0xff, 0x00, 0x00, 0x00, 0x00, 0x03, 0x81, 0xd8, 0xf8, 0xff, 0xf3, 0xbe, 0x27, 0xb0,
    0xff, 0xff, 0x00, 0x00, 0x00, 0x00, 0x00, 0xff, 0xff, 0xff, 0x24, 0x00, 0x24, 0xff, 0xff, 0xff,
    0x00, 0x00, 0x00, 0x00, 0x00, 0x00, 0xff, 0xff, 0xff, 0x24, 0x00, 0x24, 0xff, 0xff, 0xff, 0x00,
    0x00, 0x00, 0x00, 0x00, 0x00, 0xd8, 0xd8, 0xd8, 0x1e, 0x00, 0x1e, 0xd8, 0xd8, 0xd8, 0x00, 0x00,
    0x00, 0x00, 0x00, 0x00, 0x00, 0x00, 0x00, 0x00, 0x00, 0x00, 0x00, 0x00, 0x00, 0x00, 0x00, 0x00,
    0x00, 0x00, 0x00, 0x00, 0x00, 0x00, 0x00, 0x00, 0x00, 0x00, 0x00, 0x00, 0x00, 0x00, 0x00, 0x00,
    0x00, 0xff, 0xff, 0xff, 0x24, 0x00, 0x00, 0x00, 0x24, 0xff, 0xff, 0xff, 0x00, 0x00, 0x00, 0x00,
    0xff, 0xff, 0xff, 0x24, 0x00, 0x00, 0x00, 0x24, 0xff, 0xff, 0xff, 0x00, 0x00, 0x00, 0x00, 0xff,
    0xff, 0xff, 0x24, 0x00, 0x00, 0x00, 0x24, 0xff, 0xff, 0xff, 0x00, 0x00, 0x00, 0x00, 0xff, 0xff,
    0xff, 0x24, 0x00, 0x00, 0x00, 0x24, 0xff, 0xff, 0xff, 0x00, 0x00, 0x00, 0x00, 0xff, 0xff, 0xff,
    0x24, 0x00, 0x00, 0x00, 0x24, 0xff, 0xff, 0xff, 0x00, 0x00, 0x00, 0x00, 0xff, 0xff, 0xff, 0x24,
    0x00, 0x00, 0x00, 0x24, 0xff, 0xff, 0xff, 0x00, 0x00, 0x00, 0x00, 0xff, 0xff, 0xff, 0x24, 0x00,
    0x00, 0x00, 0x24, 0xff, 0xff, 0xff, 0x00, 0x00, 0x00, 0x00, 0xff, 0xff, 0xff, 0x24, 0x00, 0x00,
    0x00, 0x24, 0xff, 0xff, 0xff, 0x00, 0x00, 0x00, 0x00, 0xff, 0xff, 0xff, 0x24, 0x00, 0x00, 0x00,
    0x28, 0xff, 0xff, 0xff, 0x00, 0x00, 0x00, 0x00, 0xff, 0xff, 0xff, 0x25, 0x00, 0x00, 0x00, 0x35,
    0xff, 0xff, 0xff, 0x00, 0x00, 0x00, 0x00, 0xfa, 0xff, 0xff, 0x32, 0x00, 0x00, 0x00, 0x5a, 0xff,
    0xff, 0xff, 0x00, 0x00, 0x00, 0x00, 0xea, 0xff, 0xff, 0x84, 0x01, 0x00, 0x13, 0xc9, 0xff, 0xff,
    0xff, 0x00, 0x00, 0x00, 0x00, 0xc8, 0xff, 0xff, 0xff, 0xee, 0xe3, 0xfc, 0xff, 0xe9, 0xff, 0xff,
    0x00, 0x00, 0x00, 0x00, 0x74, 0xff, 0xff, 0xff, 0xff, 0xff, 0xff, 0xcd, 0xb0, 0xff, 0xff, 0x00,
    0x00, 0x00, 0x00, 0x03, 0x81, 0xd8, 0xf8, 0xff, 0xf3, 0xbe, 0x27, 0xb0, 0xff, 0xff, 0x00, 0x00,
    0xff, 0xff, 0xff, 0xff, 0x00, 0x00, 0xff, 0xff, 0xff, 0xff, 0x00, 0xff, 0xff, 0xff, 0xff, 0xff,
    0xff, 0xff, 0xff, 0x00, 0x00, 0xff, 0xff, 0xff, 0xff, 0x00, 0xff, 0xff, 0xff, 0xff, 0xff, 0xff,
    0xff, 0xff, 0x00, 0x00, 0xff, 0xff, 0xff, 0xff, 0x00, 0xff, 0xff, 0xff, 0xff, 0xff, 0xff, 0xff,
    0xff, 0x00, 0x00, 0xff, 0xff, 0xff, 0xff, 0x00, 0xff, 0xff, 0xff, 0xff, 0x00, 0xd0, 0xd0, 0xaa,
    0x06, 0x00, 0x6f, 0xd0, 0xd0, 0xb2, 0x0a, 0x00, 0x6c, 0x85, 0x00, 0x00, 0xff, 0xed, 0x25, 0x00,
    0x4f, 0xfe, 0xff, 0xf3, 0x2e, 0x00, 0x4e, 0xfd, 0xa4, 0x00, 0x00, 0xfa, 0x3e, 0x00, 0x34, 0xf6,
    0xff, 0xfd, 0x4b, 0x00, 0x32, 0xf4, 0xff, 0xa4, 0x00, 0x00, 0x60, 0x00, 0x1d, 0xe6, 0xff, 0xff,
    0x6e, 0x00, 0x1c, 0xe5, 0xff, 0xff, 0x69, 0x00, 0x00, 0x00, 0x0d, 0xd1, 0xff, 0xff, 0x92, 0x00,
    0x0c, 0xcf, 0xff, 0xff, 0x96, 0x00, 0x00, 0x00, 0x03, 0xb5, 0xff, 0xff, 0xb4, 0x03, 0x03, 0xb4,
    0xff, 0xff, 0xb8, 0x04, 0x00, 0x00, 0x00, 0x92, 0xff, 0xff, 0xd0, 0x0d, 0x00, 0x92, 0xff, 0xff,
    0xd4, 0x0d, 0x00, 0x36, 0x00, 0x00, 0xff, 0xff, 0xe6, 0x1d, 0x00, 0x6e, 0xff, 0xff, 0xe9, 0x1f,
    0x00, 0x63, 0xa4, 0x00, 0x00, 0xff, 0xf6, 0x34, 0x00, 0x4c, 0xfd, 0xff, 0xf7, 0x37, 0x00, 0x43,
    0xfb, 0xa4, 0x00, 0x00, 0xfe, 0x4f, 0x00, 0x31, 0xf3, 0xff, 0xfe, 0x54, 0x00, 0x27, 0xf0, 0xff,
    0xa4, 0x00, 0x00, 0x75, 0x00, 0x1a, 0xe4, 0xff, 0xff, 0x77, 0x00, 0x15, 0xde, 0xff, 0xff, 0x73,
    0x00, 0x00, 0x00, 0x0c, 0xce, 0xff, 0xff, 0x9d, 0x00, 0x08, 0xc5, 0xff, 0xff, 0xa4, 0x01, 0x00,
    0x00, 0x03, 0xb2, 0xff, 0xff, 0xbd, 0x05, 0x01, 0xa6, 0xff, 0xff, 0xc2, 0x07, 0x00, 0x00, 0x00,
    0x8f, 0xff, 0xff, 0xd9, 0x10, 0x00, 0x82, 0xff, 0xff, 0xdb, 0x13, 0x00, 0x2f, 0x00, 0x00, 0xff,
    0xff, 0xeb, 0x22, 0x00, 0x5c, 0xff, 0xff, 0xee, 0x27, 0x00, 0x58, 0xa3, 0x00, 0x00, 0xff, 0xf8,
    0x3b, 0x00, 0x3e, 0xf9, 0xff, 0xfa, 0x40, 0x00, 0x3b, 0xf8, 0xa4, 0x00, 0x00, 0xff, 0x5a, 0x00,
    0x25, 0xed, 0xff, 0xff, 0x60, 0x00, 0x21, 0xea, 0xff, 0xa4, 0x00, 0x00, 0x7e, 0x00, 0x12, 0xd9,
    0xff, 0xff, 0x84, 0x00, 0x10, 0xd5, 0xff, 0xff, 0x79, 0x00, 0x00, 0x01, 0x06, 0xc0, 0xff, 0xff,
    0xaa, 0x01, 0x05, 0xbb, 0xff, 0xff, 0xac, 0x02, 0x00, 0x00, 0x00, 0xa0, 0xff, 0xff, 0xc9, 0x09,
    0x00, 0x9a, 0xff, 0xff, 0xc9, 0x09, 0x00, 0x00, 0x00, 0x7c, 0xff, 0xff, 0xe0, 0x17, 0x00, 0x73,
    0xff, 0xff, 0xe1, 0x17, 0x00, 0x22, 0x00, 0x00, 0xff, 0xff, 0xf0, 0x2b, 0x00, 0x4f, 0xfe, 0xff,
    0xf1, 0x2c, 0x00, 0x49, 0xa0, 0x00, 0x00, 0xff, 0xfc, 0x45, 0x00, 0x33, 0xf4, 0xff, 0xfc, 0x47,
    0x00, 0x30, 0xf3, 0xa4, 0x00, 0x00, 0xff, 0x66, 0x00, 0x1c, 0xe5, 0xff, 0xff, 0x69, 0x00, 0x1a,
    0xe4, 0xff, 0xa4, 0x00, 0x00, 0x89, 0x00, 0x0c, 0xcf, 0xff, 0xff, 0x8d, 0x00, 0x0c, 0xcf, 0xff,
    0xff, 0x83, 0x00, 0x00, 0xd0, 0xd0, 0xaa, 0x06, 0x00, 0x6f, 0xd0, 0xd0, 0xb2, 0x0a, 0x00, 0x6c,
    0x85, 0x00, 0x00, 0xff, 0xed, 0x25, 0x00, 0x4f, 0xfe, 0xff, 0xf3, 0x2e, 0x00, 0x4e, 0xfd, 0xa4,
    0x00, 0x00, 0xfa, 0x3e, 0x00, 0x34, 0xf6, 0xff, 0xfd, 0x4b, 0x00, 0x32, 0xf4, 0xff, 0xa4, 0x00,
    0x00, 0x60, 0x00, 0x1d, 0xe6, 0xff, 0xff, 0x6e, 0x00, 0x1c, 0xe5, 0xff, 0xff, 0x69, 0x00, 0x00,
    0x00, 0x0d, 0xd1, 0xff, 0xff, 0x92, 0x00, 0x0c, 0xcf, 0xff, 0xff, 0x96, 0x00, 0x00, 0x00, 0x03,
    0xb5, 0xff, 0xff, 0xb4, 0x03, 0x03, 0xb4, 0xff, 0xff, 0xb8, 0x04, 0x00, 0x00, 0x00, 0x92, 0xff,
    0xff, 0xd0, 0x0d, 0x00, 0x92, 0xff, 0xff, 0xd4, 0x0d, 0x00, 0x36, 0x00, 0x00, 0xff, 0xff, 0xe6,
    0x1d, 0x00, 0x6e, 0xff, 0xff, 0xe9, 0x1f, 0x00, 0x63, 0xa4, 0x00, 0x00, 0xff, 0xf6, 0x34, 0x00,
    0x4c, 0xfd, 0xff, 0xf7, 0x37, 0x00, 0x43, 0xfb, 0xa4, 0x00, 0x00, 0xfe, 0x4f, 0x00, 0x31, 0xf3,
    0xff, 0xfe, 0x54, 0x00, 0x27, 0xf0, 0xff, 0xa4, 0x00, 0x00, 0x75, 0x00, 0x1a, 0xe4, 0xff, 0xff,
    0x77, 0x00, 0x15, 0xde, 0xff, 0xff, 0x73, 0x00, 0x00, 0x00, 0x0c, 0xce, 0xff, 0xff, 0x9d, 0x00,
    0x08, 0xc5, 0xff, 0xff, 0xa4, 0x01, 0x00, 0x00, 0x03, 0xb2, 0xff, 0xff, 0xbd, 0x05, 0x01, 0xa6,
    0xff, 0xff, 0xc2, 0x07, 0x00, 0x00, 0x00, 0x8f, 0xff, 0xff, 0xd9, 0x10, 0x00, 0x82, 0xff, 0xff,
    0xdb, 0x13, 0x00, 0x2f, 0x00, 0x00, 0xff, 0xff, 0xeb, 0x22, 0x00, 0x5c, 0xff, 0xff, 0xee, 0x27,
    0x00, 0x58, 0xa3, 0x00, 0x00, 0xff, 0xf8, 0x3b, 0x00, 0x3e, 0xf9, 0xff, 0xfa, 0x40, 0x00, 0x3b,
    0xf8, 0xa4, 0x00, 0x00, 0xff, 0x5a, 0x00, 0x25, 0xed, 0xff, 0xff, 0x60, 0x00, 0x21, 0xea, 0xff,
    0xa4, 0x00, 0x00, 0x7e, 0x00, 0x12, 0xd9, 0xff, 0xff, 0x84, 0x00, 0x10, 0xd5, 0xff, 0xff, 0x79,
    0x00, 0x00, 0x01, 0x06, 0xc0, 0xff, 0xff, 0xaa, 0x01, 0x05, 0xbb, 0xff, 0xff, 0xac, 0x02, 0x00,
    0x00, 0x00, 0xa0, 0xff, 0xff, 0xc9, 0x09, 0x00, 0x9a, 0xff, 0xff, 0xc9, 0x09, 0x00, 0x00, 0x00,
    0x7c, 0xff, 0xff, 0xe0, 0x17, 0x00, 0x73, 0xff, 0xff, 0xe1, 0x17, 0x00, 0x22, 0x00, 0x00, 0xff,
    0xff, 0xf0, 0x2b, 0x00, 0x4f, 0xfe, 0xff, 0xf1, 0x2c, 0x00, 0x49, 0xa0, 0x00, 0x00, 0xff, 0xfc,
    0x45, 0x00, 0x33, 0xf4, 0xff, 0xfc, 0x47, 0x00, 0x30, 0xf3, 0xa4, 0x00, 0x00, 0xff, 0x66, 0x00,
    0x1c, 0xe5, 0xff, 0xff, 0x69, 0x00, 0x1a, 0xe4, 0xff, 0xa4, 0x00, 0x00, 0x89, 0x00, 0x0c, 0xcf,
    0xff, 0xff, 0x8d, 0x00, 0x0c, 0xcf, 0xff, 0xff, 0x83, 0x00,
};

const wind_font_asset_t wind_font_berkeley_mono_bold_condensed_28 = {
    28, 27, 7, wind_font_berkeley_mono_bold_condensed_28_glyphs,
    sizeof(wind_font_berkeley_mono_bold_condensed_28_glyphs) / sizeof(wind_font_berkeley_mono_bold_condensed_28_glyphs[0]),
    31, wind_font_berkeley_mono_bold_condensed_28_bitmap,
};
